Date,Facility_ID,Energy_Consumption_kWh,Cooling_Load_kWh,PUE,Temperature_C,Humidity_Percent,Carbon_Emission_kg
2023-01-01,DXB-Core-01,8266.0,4894.67,1.3,20.4,46.1,3471.72
2023-01-01,DXB-Edge-02,14181.04,4908.82,1.7,19.2,49.7,5956.04
2023-01-01,SIN-Core-01,9581.29,3688.29,1.3,20.5,48.4,4024.14
2023-01-01,FRA-Core-01,12587.3,5415.99,1.29,19.1,49.2,5286.67
2023-01-01,MUM-Zone-A,7160.86,4244.82,1.61,20.0,53.2,3007.56
2023-01-01,LHR-Core-02,9798.97,5276.29,1.24,23.7,51.4,4115.57
2023-01-02,DXB-Core-01,12967.54,7271.63,1.35,24.0,47.1,5446.37
2023-01-02,DXB-Edge-02,9291.48,3284.66,1.58,24.2,54.6,3902.42
2023-01-02,SIN-Core-01,10716.46,3337.16,1.25,22.0,51.9,4500.92
2023-01-02,FRA-Core-01,5222.51,2212.72,1.21,19.6,46.9,2193.46
2023-01-02,MUM-Zone-A,13553.42,7070.22,1.72,19.5,49.3,5692.43
2023-01-02,LHR-Core-02,14491.29,5506.4,1.34,19.3,53.7,6086.34
2023-01-03,DXB-Core-01,13139.94,6697.64,1.21,20.0,53.3,5518.77
2023-01-03,DXB-Edge-02,5583.77,3118.79,1.72,22.0,45.5,2345.18
2023-01-03,SIN-Core-01,9070.52,4048.23,1.27,23.8,51.2,3809.62
2023-01-03,FRA-Core-01,8081.81,2773.34,1.31,19.8,53.4,3394.36
2023-01-03,MUM-Zone-A,5958.82,2204.69,1.52,23.1,48.2,2502.7
2023-01-03,LHR-Core-02,10367.86,4210.95,1.34,24.9,54.4,4354.5
2023-01-04,DXB-Core-01,6316.73,2912.46,1.18,19.7,53.9,2653.03
2023-01-04,DXB-Edge-02,6870.61,3775.77,1.74,21.3,45.8,2885.66
2023-01-04,SIN-Core-01,13984.63,4539.88,1.28,19.9,49.8,5873.54
2023-01-04,FRA-Core-01,9796.39,3154.3,1.2,22.7,52.5,4114.48
2023-01-04,MUM-Zone-A,8585.9,3582.88,1.62,19.8,49.3,3606.08
2023-01-04,LHR-Core-02,13698.05,6993.33,1.21,21.3,48.1,5753.18
2023-01-05,DXB-Core-01,8221.6,4363.12,1.2,21.1,52.1,3453.07
2023-01-05,DXB-Edge-02,9320.22,3811.58,1.79,19.8,53.5,3914.49
2023-01-05,SIN-Core-01,13973.75,6485.77,1.28,19.4,53.3,5868.97
2023-01-05,FRA-Core-01,14412.35,5019.03,1.22,28.3,51.2,6053.19
2023-01-05,MUM-Zone-A,7731.27,2577.02,1.76,23.6,48.6,3247.13
2023-01-05,LHR-Core-02,10156.86,3056.54,1.32,21.9,47.2,4265.88
2023-01-06,DXB-Core-01,13674.12,6342.93,1.34,21.0,49.7,5743.13
2023-01-06,DXB-Edge-02,10378.67,3922.39,1.64,23.6,48.3,4359.04
2023-01-06,SIN-Core-01,14617.45,4948.79,1.21,20.0,47.9,6139.33
2023-01-06,FRA-Core-01,9165.36,3898.63,1.18,20.2,51.3,3849.45
2023-01-06,MUM-Zone-A,8852.16,4727.54,1.72,23.0,54.8,3717.91
2023-01-06,LHR-Core-02,9256.41,3710.52,1.29,22.1,55.0,3887.69
2023-01-07,DXB-Core-01,13709.99,7637.61,1.25,24.9,49.2,5758.19
2023-01-07,DXB-Edge-02,5989.09,2869.94,1.84,19.1,54.8,2515.42
2023-01-07,SIN-Core-01,13920.14,6845.95,1.25,23.3,50.9,5846.46
2023-01-07,FRA-Core-01,6603.64,2745.7,1.25,20.3,46.7,2773.53
2023-01-07,MUM-Zone-A,10115.24,5481.03,1.63,22.0,52.1,4248.4
2023-01-07,LHR-Core-02,7424.2,2285.08,1.2,19.4,51.7,3118.17
2023-01-08,DXB-Core-01,10685.22,6028.09,1.27,22.1,48.8,4487.79
2023-01-08,DXB-Edge-02,12261.78,6551.41,1.58,19.5,46.2,5149.95
2023-01-08,SIN-Core-01,12344.17,6934.03,1.31,20.0,45.1,5184.55
2023-01-08,FRA-Core-01,11617.11,4914.74,1.31,19.2,53.4,4879.19
2023-01-08,MUM-Zone-A,9573.0,5537.82,1.65,19.5,46.6,4020.66
2023-01-08,LHR-Core-02,10273.24,5607.79,1.26,24.5,46.2,4314.76
2023-01-09,DXB-Core-01,9907.93,4926.37,1.32,31.9,51.3,4161.33
2023-01-09,DXB-Edge-02,9265.51,3327.76,1.75,19.9,52.6,3891.51
2023-01-09,SIN-Core-01,9064.13,5357.74,1.27,22.3,51.6,3806.94
2023-01-09,FRA-Core-01,13154.35,6981.99,1.33,21.7,50.0,5524.83
2023-01-09,MUM-Zone-A,9639.1,5469.47,1.47,23.2,52.6,4048.42
2023-01-09,LHR-Core-02,6865.94,3414.2,1.33,19.8,48.2,2883.69
2023-01-10,DXB-Core-01,5206.39,1923.47,1.31,20.9,48.3,2186.68
2023-01-10,DXB-Edge-02,11857.28,4021.17,1.84,21.1,51.0,4980.06
2023-01-10,SIN-Core-01,9716.63,5056.83,1.2,19.9,53.6,4080.98
2023-01-10,FRA-Core-01,12701.01,3841.7,1.25,23.4,54.0,5334.42
2023-01-10,MUM-Zone-A,14549.91,4701.76,1.54,23.7,48.4,6110.96
2023-01-10,LHR-Core-02,9373.59,5479.93,1.21,22.3,45.9,3936.91
2023-01-11,DXB-Core-01,7101.27,4258.05,1.26,20.1,54.8,2982.53
2023-01-11,DXB-Edge-02,7824.83,3093.43,1.63,23.8,51.9,3286.43
2023-01-11,SIN-Core-01,13548.53,5681.48,1.19,23.6,50.6,5690.38
2023-01-11,FRA-Core-01,5561.89,2418.3,1.24,20.5,45.0,2335.99
2023-01-11,MUM-Zone-A,5707.44,3402.48,1.77,21.8,45.3,2397.13
2023-01-11,LHR-Core-02,6074.9,2011.33,1.26,24.4,53.8,2551.46
2023-01-12,DXB-Core-01,13692.37,7038.19,1.34,20.4,49.8,5750.79
2023-01-12,DXB-Edge-02,14800.05,7181.52,1.49,23.9,53.1,6216.02
2023-01-12,SIN-Core-01,9576.85,5477.68,1.3,21.9,49.7,4022.28
2023-01-12,FRA-Core-01,5864.86,2254.74,1.29,22.4,48.2,2463.24
2023-01-12,MUM-Zone-A,6368.28,2255.09,1.47,20.6,53.6,2674.68
2023-01-12,LHR-Core-02,13255.63,4911.8,1.28,20.3,50.0,5567.37
2023-01-13,DXB-Core-01,11335.86,4841.19,1.35,19.3,51.8,4761.06
2023-01-13,DXB-Edge-02,8918.41,2788.43,1.52,20.8,52.9,3745.73
2023-01-13,SIN-Core-01,11492.02,4784.8,1.21,24.7,54.7,4826.65
2023-01-13,FRA-Core-01,7606.68,2624.5,1.19,32.6,46.1,3194.81
2023-01-13,MUM-Zone-A,12448.62,4254.79,1.68,23.6,47.7,5228.42
2023-01-13,LHR-Core-02,11855.4,3784.97,1.2,22.0,53.0,4979.27
2023-01-14,DXB-Core-01,5278.63,1828.96,1.19,21.8,52.1,2217.03
2023-01-14,DXB-Edge-02,7455.0,2893.5,1.84,20.7,52.4,3131.1
2023-01-14,SIN-Core-01,8225.9,2691.68,1.32,21.2,48.5,3454.88
2023-01-14,FRA-Core-01,12498.34,5035.81,1.34,21.6,54.3,5249.3
2023-01-14,MUM-Zone-A,14328.73,6186.08,1.71,22.3,49.1,6018.07
2023-01-14,LHR-Core-02,11672.46,6051.49,1.3,22.0,46.7,4902.43
2023-01-15,DXB-Core-01,13535.05,4505.67,1.2,22.9,46.0,5684.72
2023-01-15,DXB-Edge-02,9709.18,5028.44,1.82,21.1,51.1,4077.86
2023-01-15,SIN-Core-01,12577.61,4276.61,1.2,23.4,51.2,5282.6
2023-01-15,FRA-Core-01,13949.93,7421.33,1.31,24.8,54.1,5858.97
2023-01-15,MUM-Zone-A,6047.8,2314.34,1.8,19.8,47.4,2540.08
2023-01-15,LHR-Core-02,7230.11,3348.93,1.2,25.0,49.3,3036.65
2023-01-16,DXB-Core-01,10899.82,4622.59,1.2,23.0,50.4,4577.92
2023-01-16,DXB-Edge-02,14138.22,4755.93,1.8,21.2,51.4,5938.05
2023-01-16,SIN-Core-01,12974.63,5274.97,1.19,19.3,53.0,5449.34
2023-01-16,FRA-Core-01,10270.24,5672.23,1.22,23.4,52.1,4313.5
2023-01-16,MUM-Zone-A,5456.95,2749.23,1.56,21.2,50.6,2291.92
2023-01-16,LHR-Core-02,11474.83,4664.48,1.19,21.1,51.1,4819.43
2023-01-17,DXB-Core-01,12483.96,4930.36,1.31,21.8,50.1,5243.26
2023-01-17,DXB-Edge-02,12772.69,3891.06,1.59,20.5,51.6,5364.53
2023-01-17,SIN-Core-01,6015.61,2649.12,1.23,22.2,49.6,2526.56
2023-01-17,FRA-Core-01,7705.72,2600.95,1.27,20.0,49.9,3236.4
2023-01-17,MUM-Zone-A,6946.51,4080.23,1.55,24.5,50.8,2917.53
2023-01-17,LHR-Core-02,8388.06,4441.55,1.21,23.0,50.8,3522.98
2023-01-18,DXB-Core-01,12652.58,5195.71,1.23,19.3,47.8,5314.08
2023-01-18,DXB-Edge-02,7909.74,4554.23,1.46,21.0,51.6,3322.09
2023-01-18,SIN-Core-01,11626.72,5192.6,1.21,23.1,52.6,4883.22
2023-01-18,FRA-Core-01,11723.84,6712.47,1.25,24.5,47.3,4924.01
2023-01-18,MUM-Zone-A,11213.1,5573.75,1.58,21.6,48.8,4709.5
2023-01-18,LHR-Core-02,8763.45,3939.43,1.32,19.6,54.9,3680.65
2023-01-19,DXB-Core-01,6532.29,3092.74,1.24,23.0,47.7,2743.56
2023-01-19,DXB-Edge-02,12343.82,3933.05,1.62,23.3,49.4,5184.4
2023-01-19,SIN-Core-01,14389.1,4723.19,1.25,21.3,54.0,6043.42
2023-01-19,FRA-Core-01,13781.16,4149.53,1.21,19.5,48.5,5788.09
2023-01-19,MUM-Zone-A,12987.69,4394.08,1.67,22.4,53.5,5454.83
2023-01-19,LHR-Core-02,7759.45,2856.4,1.33,24.1,52.9,3258.97
2023-01-20,DXB-Core-01,14947.69,6659.44,1.27,20.0,46.0,6278.03
2023-01-20,DXB-Edge-02,6294.42,3358.87,1.63,20.1,51.6,2643.66
2023-01-20,SIN-Core-01,13075.72,6677.95,1.29,22.2,51.5,5491.8
2023-01-20,FRA-Core-01,10660.82,6140.17,1.24,20.4,53.5,4477.54
2023-01-20,MUM-Zone-A,14830.21,8615.9,1.73,19.4,54.6,6228.69
2023-01-20,LHR-Core-02,13643.95,7874.48,1.28,21.9,51.0,5730.46
2023-01-21,DXB-Core-01,11334.46,6628.14,1.3,22.2,51.3,4760.47
2023-01-21,DXB-Edge-02,5235.38,2682.05,1.57,21.8,48.0,2198.86
2023-01-21,SIN-Core-01,7920.81,3359.2,1.28,19.5,46.2,3326.74
2023-01-21,FRA-Core-01,9948.99,5081.92,1.23,22.9,53.3,4178.58
2023-01-21,MUM-Zone-A,10809.44,6294.71,1.58,20.0,49.1,4539.97
2023-01-21,LHR-Core-02,14621.01,4503.36,1.29,19.9,50.1,6140.82
2023-01-22,DXB-Core-01,10805.04,6151.09,1.29,20.9,54.5,4538.12
2023-01-22,DXB-Edge-02,12566.91,5598.51,1.48,21.8,45.2,5278.1
2023-01-22,SIN-Core-01,12323.24,3767.49,1.35,21.0,45.7,5175.76
2023-01-22,FRA-Core-01,13323.71,4303.86,1.32,22.7,46.5,5595.96
2023-01-22,MUM-Zone-A,8753.39,3831.38,1.65,23.1,50.4,3676.42
2023-01-22,LHR-Core-02,14730.97,7559.22,1.27,22.5,54.6,6187.01
2023-01-23,DXB-Core-01,10681.49,5279.52,1.28,21.6,51.8,4486.23
2023-01-23,DXB-Edge-02,10974.54,3385.48,1.61,20.3,51.4,4609.31
2023-01-23,SIN-Core-01,8597.3,3278.15,1.33,21.9,50.3,3610.87
2023-01-23,FRA-Core-01,6467.54,3489.03,1.24,22.1,50.1,2716.37
2023-01-23,MUM-Zone-A,13647.74,7183.06,1.5,21.5,51.0,5732.05
2023-01-23,LHR-Core-02,13487.74,5689.93,1.19,23.5,52.0,5664.85
2023-01-24,DXB-Core-01,10559.1,5388.49,1.32,21.1,48.7,4434.82
2023-01-24,DXB-Edge-02,11132.82,6424.26,1.63,23.3,49.5,4675.79
2023-01-24,SIN-Core-01,13877.07,6539.71,1.29,24.0,49.0,5828.37
2023-01-24,FRA-Core-01,7160.01,4293.33,1.31,24.5,50.8,3007.2
2023-01-24,MUM-Zone-A,11788.39,4940.09,1.66,21.0,50.9,4951.12
2023-01-24,LHR-Core-02,10504.72,5722.84,1.26,21.3,49.3,4411.98
2023-01-25,DXB-Core-01,12697.88,4628.08,1.2,23.9,50.9,5333.11
2023-01-25,DXB-Edge-02,14285.48,7579.66,1.48,20.8,51.3,5999.9
2023-01-25,SIN-Core-01,9911.25,5754.41,1.25,23.1,54.7,4162.73
2023-01-25,FRA-Core-01,14641.96,5186.89,1.27,22.3,51.1,6149.62
2023-01-25,MUM-Zone-A,12951.33,7231.15,1.73,30.4,48.1,5439.56
2023-01-25,LHR-Core-02,5338.55,3065.14,1.29,22.2,45.2,2242.19
2023-01-26,DXB-Core-01,7070.69,2202.43,1.23,23.6,46.4,2969.69
2023-01-26,DXB-Edge-02,14658.46,7338.02,1.77,25.0,48.8,6156.55
2023-01-26,SIN-Core-01,7106.51,2453.67,1.34,21.1,54.2,2984.73
2023-01-26,FRA-Core-01,8034.74,3469.67,1.32,21.0,46.7,3374.59
2023-01-26,MUM-Zone-A,9225.14,4473.37,1.56,23.9,54.2,3874.56
2023-01-26,LHR-Core-02,5889.21,2828.3,1.28,20.3,52.9,2473.47
2023-01-27,DXB-Core-01,9229.39,4138.24,1.34,20.5,54.2,3876.34
2023-01-27,DXB-Edge-02,13153.45,5335.65,1.69,23.9,48.9,5524.45
2023-01-27,SIN-Core-01,10956.17,5822.84,1.28,23.6,51.9,4601.59
2023-01-27,FRA-Core-01,7607.23,4528.74,1.21,24.5,51.0,3195.04
2023-01-27,MUM-Zone-A,6842.31,2710.21,1.72,22.5,48.3,2873.77
2023-01-27,LHR-Core-02,6758.75,3966.62,1.23,20.5,49.3,2838.68
2023-01-28,DXB-Core-01,11855.03,5966.33,1.27,22.0,54.1,4979.11
2023-01-28,DXB-Edge-02,12803.16,6258.87,1.73,20.2,49.0,5377.33
2023-01-28,SIN-Core-01,12340.86,4435.02,1.25,19.0,53.5,5183.16
2023-01-28,FRA-Core-01,8659.99,4909.8,1.27,20.4,45.7,3637.2
2023-01-28,MUM-Zone-A,8311.89,3496.96,1.46,21.4,50.6,3490.99
2023-01-28,LHR-Core-02,7860.88,3126.57,1.21,24.3,45.9,3301.57
2023-01-29,DXB-Core-01,7436.83,2811.21,1.3,24.0,53.6,3123.47
2023-01-29,DXB-Edge-02,13082.94,6805.88,1.71,22.9,45.2,5494.84
2023-01-29,SIN-Core-01,7091.21,3526.67,1.31,23.5,54.2,2978.31
2023-01-29,FRA-Core-01,9501.06,5021.85,1.31,23.0,52.5,3990.45
2023-01-29,MUM-Zone-A,10864.83,4002.45,1.59,23.7,54.9,4563.23
2023-01-29,LHR-Core-02,7534.15,3639.5,1.2,19.4,54.6,3164.34
2023-01-30,DXB-Core-01,9235.92,5537.37,1.33,22.9,52.0,3879.09
2023-01-30,DXB-Edge-02,9843.42,4989.55,1.71,21.5,53.7,4134.24
2023-01-30,SIN-Core-01,5455.02,2597.87,1.25,19.0,54.6,2291.11
2023-01-30,FRA-Core-01,13728.78,6909.72,1.22,23.0,50.6,5766.09
2023-01-30,MUM-Zone-A,8562.38,2657.35,1.7,21.5,53.7,3596.2
2023-01-30,LHR-Core-02,8451.34,4264.02,1.27,19.1,49.5,3549.56
2023-01-31,DXB-Core-01,9122.09,3721.04,1.35,19.1,48.2,3831.28
2023-01-31,DXB-Edge-02,7887.12,4648.61,1.46,19.5,52.4,3312.59
2023-01-31,SIN-Core-01,8993.28,4727.77,1.21,23.5,47.8,3777.18
2023-01-31,FRA-Core-01,11767.18,4166.74,1.31,23.7,51.2,4942.21
2023-01-31,MUM-Zone-A,12723.28,4393.62,1.61,21.3,46.9,5343.78
2023-01-31,LHR-Core-02,10993.5,5461.3,1.19,23.8,52.3,4617.27
2023-02-01,DXB-Core-01,5121.12,1693.39,1.22,21.6,51.9,2150.87
2023-02-01,DXB-Edge-02,12873.47,4229.91,1.48,23.8,53.7,5406.86
2023-02-01,SIN-Core-01,9057.85,5366.08,1.24,24.3,45.3,3804.3
2023-02-01,FRA-Core-01,5020.86,2995.22,1.3,24.5,50.9,2108.76
2023-02-01,MUM-Zone-A,8744.93,4098.3,1.76,24.7,50.1,3672.87
2023-02-01,LHR-Core-02,5606.17,2765.12,1.2,24.3,48.9,2354.59
2023-02-02,DXB-Core-01,13565.71,5948.37,1.19,21.5,47.9,5697.6
2023-02-02,DXB-Edge-02,11207.89,5717.39,1.84,23.8,51.2,4707.32
2023-02-02,SIN-Core-01,11873.84,3784.77,1.23,23.8,52.2,4987.01
2023-02-02,FRA-Core-01,11392.51,4775.73,1.2,22.7,51.3,4784.85
2023-02-02,MUM-Zone-A,12815.7,4323.41,1.78,19.6,45.5,5382.59
2023-02-02,LHR-Core-02,11850.39,4194.85,1.26,23.7,54.1,4977.16
2023-02-03,DXB-Core-01,5894.87,2681.89,1.24,20.2,49.8,2475.85
2023-02-03,DXB-Edge-02,6554.11,3635.42,1.71,19.3,50.8,2752.73
2023-02-03,SIN-Core-01,10443.95,4834.21,1.29,21.3,45.3,4386.46
2023-02-03,FRA-Core-01,10864.44,3943.28,1.33,21.5,49.7,4563.07
2023-02-03,MUM-Zone-A,8021.25,4396.91,1.83,22.2,49.4,3368.92
2023-02-03,LHR-Core-02,6160.85,2598.86,1.29,20.9,46.4,2587.56
2023-02-04,DXB-Core-01,7629.01,4119.84,1.29,24.6,50.8,3204.18
2023-02-04,DXB-Edge-02,10306.18,5957.59,1.49,20.7,53.0,4328.59
2023-02-04,SIN-Core-01,10043.93,3257.45,1.26,21.2,53.4,4218.45
2023-02-04,FRA-Core-01,6231.49,2841.64,1.19,20.4,53.9,2617.23
2023-02-04,MUM-Zone-A,12196.2,5181.92,1.72,23.7,48.3,5122.4
2023-02-04,LHR-Core-02,5091.78,1659.28,1.22,21.0,49.4,2138.55
2023-02-05,DXB-Core-01,9670.22,5741.2,1.24,22.0,50.1,4061.49
2023-02-05,DXB-Edge-02,13873.37,5947.31,1.68,24.6,48.6,5826.82
2023-02-05,SIN-Core-01,12988.28,6247.58,1.35,24.0,50.8,5455.08
2023-02-05,FRA-Core-01,12068.27,4113.73,1.21,20.7,52.3,5068.67
2023-02-05,MUM-Zone-A,6385.41,3737.35,1.61,28.9,52.7,2681.87
2023-02-05,LHR-Core-02,13260.71,7013.18,1.23,22.1,50.6,5569.5
2023-02-06,DXB-Core-01,11682.16,3533.55,1.34,20.9,52.8,4906.51
2023-02-06,DXB-Edge-02,14256.84,6000.71,1.67,19.1,50.3,5987.87
2023-02-06,SIN-Core-01,8151.8,3947.68,1.31,20.3,49.5,3423.76
2023-02-06,FRA-Core-01,10465.42,3621.44,1.23,23.5,48.8,4395.48
2023-02-06,MUM-Zone-A,7305.0,3913.01,1.56,24.6,52.8,3068.1
2023-02-06,LHR-Core-02,8387.22,3418.25,1.28,24.8,52.0,3522.63
2023-02-07,DXB-Core-01,9065.85,4559.86,1.26,19.1,53.1,3807.66
2023-02-07,DXB-Edge-02,10712.33,4734.41,1.66,19.2,51.8,4499.18
2023-02-07,SIN-Core-01,11231.03,5666.82,1.22,23.2,53.7,4717.03
2023-02-07,FRA-Core-01,12022.82,4859.5,1.19,19.5,53.2,5049.58
2023-02-07,MUM-Zone-A,13347.1,4005.3,1.79,24.9,51.9,5605.78
2023-02-07,LHR-Core-02,7931.53,4505.71,1.34,24.3,47.2,3331.24
2023-02-08,DXB-Core-01,5684.53,2473.33,1.21,24.0,51.0,2387.5
2023-02-08,DXB-Edge-02,12260.44,4568.75,1.68,23.4,50.6,5149.39
2023-02-08,SIN-Core-01,12286.92,7016.9,1.3,21.5,54.4,5160.51
2023-02-08,FRA-Core-01,8615.97,2790.18,1.22,19.9,53.7,3618.71
2023-02-08,MUM-Zone-A,13131.47,7824.26,1.53,20.6,50.9,5515.22
2023-02-08,LHR-Core-02,8911.96,3461.39,1.19,22.4,49.5,3743.02
2023-02-09,DXB-Core-01,10607.26,4344.27,1.19,19.8,46.5,4455.05
2023-02-09,DXB-Edge-02,11150.59,6665.91,1.53,24.2,48.2,4683.25
2023-02-09,SIN-Core-01,6188.9,2787.18,1.28,24.5,53.6,2599.34
2023-02-09,FRA-Core-01,6585.04,2526.95,1.26,22.2,51.6,2765.72
2023-02-09,MUM-Zone-A,14709.13,6616.19,1.56,19.7,48.8,6177.83
2023-02-09,LHR-Core-02,13879.87,7170.35,1.21,22.2,49.1,5829.54
2023-02-10,DXB-Core-01,8431.6,3175.29,1.18,21.0,47.9,3541.27
2023-02-10,DXB-Edge-02,7799.92,3425.95,1.85,20.7,45.7,3275.97
2023-02-10,SIN-Core-01,10233.22,5111.18,1.34,20.2,54.2,4297.95
2023-02-10,FRA-Core-01,7633.64,2443.62,1.25,20.9,53.1,3206.13
2023-02-10,MUM-Zone-A,13748.68,7775.9,1.6,23.9,48.7,5774.45
2023-02-10,LHR-Core-02,12763.86,6604.66,1.21,21.1,51.8,5360.82
2023-02-11,DXB-Core-01,10266.3,5248.67,1.19,30.2,54.9,4311.84
2023-02-11,DXB-Edge-02,14614.51,7951.9,1.82,23.7,54.2,6138.1
2023-02-11,SIN-Core-01,7769.4,2453.79,1.19,20.0,48.4,3263.15
2023-02-11,FRA-Core-01,5161.3,2388.53,1.25,21.7,48.4,2167.74
2023-02-11,MUM-Zone-A,5088.28,1821.71,1.53,24.4,52.8,2137.08
2023-02-11,LHR-Core-02,8011.06,4334.6,1.23,24.9,46.2,3364.64
2023-02-12,DXB-Core-01,13824.74,5054.59,1.18,23.5,51.5,5806.39
2023-02-12,DXB-Edge-02,6821.79,3457.3,1.49,24.0,54.2,2865.15
2023-02-12,SIN-Core-01,6089.14,2522.71,1.29,20.5,53.9,2557.44
2023-02-12,FRA-Core-01,6729.2,2347.96,1.24,20.6,45.4,2826.26
2023-02-12,MUM-Zone-A,13108.01,7463.59,1.61,24.6,47.8,5505.36
2023-02-12,LHR-Core-02,7253.7,2415.83,1.29,22.6,54.5,3046.55
2023-02-13,DXB-Core-01,7108.49,3713.37,1.22,20.2,49.2,2985.57
2023-02-13,DXB-Edge-02,10209.01,5477.12,1.61,22.3,46.4,4287.78
2023-02-13,SIN-Core-01,6495.34,2687.98,1.31,21.4,48.2,2728.04
2023-02-13,FRA-Core-01,9409.54,4630.91,1.19,32.3,53.0,3952.01
2023-02-13,MUM-Zone-A,5931.26,3030.28,1.47,23.6,46.1,2491.13
2023-02-13,LHR-Core-02,11900.69,5895.45,1.34,22.9,49.4,4998.29
2023-02-14,DXB-Core-01,11736.67,6145.69,1.32,21.9,48.2,4929.4
2023-02-14,DXB-Edge-02,7085.33,2978.83,1.49,19.1,48.9,2975.84
2023-02-14,SIN-Core-01,11020.27,4642.15,1.32,22.2,54.1,4628.51
2023-02-14,FRA-Core-01,7342.83,2878.55,1.2,20.0,50.0,3083.99
2023-02-14,MUM-Zone-A,8410.57,2842.55,1.61,22.9,49.9,3532.44
2023-02-14,LHR-Core-02,10258.27,4931.09,1.29,24.5,51.8,4308.47
2023-02-15,DXB-Core-01,9519.41,3576.92,1.3,22.2,53.1,3998.15
2023-02-15,DXB-Edge-02,5915.7,3466.47,1.69,20.8,45.8,2484.6
2023-02-15,SIN-Core-01,8419.26,4036.15,1.3,21.7,54.2,3536.09
2023-02-15,FRA-Core-01,14435.99,6484.96,1.23,19.4,50.2,6063.12
2023-02-15,MUM-Zone-A,8100.42,3099.31,1.52,23.6,52.7,3402.18
2023-02-15,LHR-Core-02,13039.47,7421.3,1.2,23.9,53.9,5476.58
2023-02-16,DXB-Core-01,11707.92,4326.83,1.3,21.6,50.2,4917.33
2023-02-16,DXB-Edge-02,10033.45,5898.82,1.53,19.4,48.1,4214.05
2023-02-16,SIN-Core-01,10108.47,3192.3,1.22,20.2,46.1,4245.56
2023-02-16,FRA-Core-01,8096.76,3436.83,1.32,21.4,52.9,3400.64
2023-02-16,MUM-Zone-A,14365.65,6164.8,1.53,20.4,47.9,6033.57
2023-02-16,LHR-Core-02,5220.17,2422.49,1.19,19.4,54.0,2192.47
2023-02-17,DXB-Core-01,13427.13,6977.25,1.27,20.6,47.5,5639.4
2023-02-17,DXB-Edge-02,10014.32,5100.82,1.59,24.8,47.5,4206.02
2023-02-17,SIN-Core-01,7343.69,2507.38,1.31,20.9,49.2,3084.35
2023-02-17,FRA-Core-01,10792.12,6163.71,1.22,22.2,50.0,4532.69
2023-02-17,MUM-Zone-A,10702.55,5957.59,1.59,19.8,52.2,4495.07
2023-02-17,LHR-Core-02,7330.96,3285.2,1.27,20.1,45.9,3079.0
2023-02-18,DXB-Core-01,11270.25,4907.65,1.34,20.7,49.3,4733.5
2023-02-18,DXB-Edge-02,6003.98,3217.27,1.7,24.3,51.7,2521.67
2023-02-18,SIN-Core-01,11614.31,4734.63,1.19,20.7,45.5,4878.01
2023-02-18,FRA-Core-01,9306.01,5527.45,1.27,20.8,48.8,3908.52
2023-02-18,MUM-Zone-A,5889.66,2163.82,1.84,21.5,46.8,2473.66
2023-02-18,LHR-Core-02,10966.83,3625.07,1.28,19.5,53.6,4606.07
2023-02-19,DXB-Core-01,13182.64,4053.23,1.31,19.6,51.0,5536.71
2023-02-19,DXB-Edge-02,12521.43,5012.15,1.77,20.8,50.6,5259.0
2023-02-19,SIN-Core-01,8258.42,4688.52,1.28,20.8,51.2,3468.54
2023-02-19,FRA-Core-01,12341.97,4360.09,1.29,24.2,50.7,5183.63
2023-02-19,MUM-Zone-A,7016.18,3136.4,1.79,22.1,54.4,2946.8
2023-02-19,LHR-Core-02,5242.92,2626.75,1.25,22.3,52.2,2202.03
2023-02-20,DXB-Core-01,13678.46,7272.11,1.2,19.6,46.8,5744.95
2023-02-20,DXB-Edge-02,10748.49,4559.94,1.8,23.8,45.9,4514.37
2023-02-20,SIN-Core-01,5852.6,2970.26,1.21,20.2,47.3,2458.09
2023-02-20,FRA-Core-01,13409.35,7651.25,1.31,24.2,53.8,5631.93
2023-02-20,MUM-Zone-A,12746.95,6338.08,1.81,25.0,49.2,5353.72
2023-02-20,LHR-Core-02,5645.26,3164.54,1.18,20.7,50.4,2371.01
2023-02-21,DXB-Core-01,6906.91,2482.91,1.31,20.4,52.7,2900.9
2023-02-21,DXB-Edge-02,6308.11,3627.74,1.69,24.0,52.6,2649.41
2023-02-21,SIN-Core-01,13700.0,4119.7,1.27,23.9,52.6,5754.0
2023-02-21,FRA-Core-01,6820.19,2821.57,1.19,19.1,54.3,2864.48
2023-02-21,MUM-Zone-A,7500.09,2386.12,1.56,22.1,45.9,3150.04
2023-02-21,LHR-Core-02,6759.99,2592.79,1.21,33.8,45.3,2839.2
2023-02-22,DXB-Core-01,9749.16,5787.39,1.28,22.7,51.6,4094.65
2023-02-22,DXB-Edge-02,8691.25,3173.52,1.76,19.2,46.4,3650.32
2023-02-22,SIN-Core-01,8249.01,2880.61,1.27,23.8,53.4,3464.58
2023-02-22,FRA-Core-01,13373.38,5325.51,1.29,20.5,47.9,5616.82
2023-02-22,MUM-Zone-A,11829.56,6575.44,1.59,23.6,46.6,4968.42
2023-02-22,LHR-Core-02,6680.46,3539.8,1.29,22.6,53.5,2805.79
2023-02-23,DXB-Core-01,8132.27,4389.59,1.33,22.3,51.0,3415.56
2023-02-23,DXB-Edge-02,5730.03,2017.22,1.76,20.1,52.8,2406.61
2023-02-23,SIN-Core-01,8189.49,4865.93,1.34,19.6,47.4,3439.59
2023-02-23,FRA-Core-01,9850.36,5144.12,1.23,23.4,52.2,4137.15
2023-02-23,MUM-Zone-A,5509.19,1801.32,1.82,20.1,53.4,2313.86
2023-02-23,LHR-Core-02,5209.48,2108.63,1.28,23.1,46.8,2187.98
2023-02-24,DXB-Core-01,6535.25,3057.41,1.28,20.8,48.3,2744.81
2023-02-24,DXB-Edge-02,11595.26,6225.59,1.66,22.7,52.0,4870.01
2023-02-24,SIN-Core-01,8578.94,2684.33,1.31,30.0,52.6,3603.15
2023-02-24,FRA-Core-01,9938.43,5044.07,1.34,24.0,48.5,4174.14
2023-02-24,MUM-Zone-A,8376.67,4024.12,1.49,19.6,54.9,3518.2
2023-02-24,LHR-Core-02,10731.42,5628.11,1.26,22.3,52.1,4507.2
2023-02-25,DXB-Core-01,7032.82,3264.61,1.32,24.1,45.8,2953.78
2023-02-25,DXB-Edge-02,10807.67,3444.84,1.57,23.7,47.1,4539.22
2023-02-25,SIN-Core-01,11362.6,6545.31,1.26,19.0,48.8,4772.29
2023-02-25,FRA-Core-01,10662.78,5163.35,1.32,21.7,50.1,4478.37
2023-02-25,MUM-Zone-A,13625.48,5984.75,1.83,24.0,45.2,5722.7
2023-02-25,LHR-Core-02,5235.87,3004.76,1.31,20.7,51.9,2199.07
2023-02-26,DXB-Core-01,8860.01,4315.68,1.21,24.9,54.8,3721.21
2023-02-26,DXB-Edge-02,13140.14,5823.11,1.47,19.9,53.9,5518.86
2023-02-26,SIN-Core-01,6891.96,3667.23,1.22,20.5,48.1,2894.62
2023-02-26,FRA-Core-01,12166.88,6923.62,1.29,33.8,50.3,5110.09
2023-02-26,MUM-Zone-A,12682.86,5614.18,1.61,20.3,48.7,5326.8
2023-02-26,LHR-Core-02,10369.62,5313.74,1.32,23.3,49.3,4355.24
2023-02-27,DXB-Core-01,6556.11,2055.14,1.27,24.6,49.6,2753.57
2023-02-27,DXB-Edge-02,11474.25,5964.6,1.85,20.3,45.9,4819.19
2023-02-27,SIN-Core-01,8237.53,4350.14,1.34,23.4,50.8,3459.76
2023-02-27,FRA-Core-01,10441.25,4679.25,1.21,19.4,46.8,4385.33
2023-02-27,MUM-Zone-A,11132.63,6045.54,1.54,21.1,50.0,4675.7
2023-02-27,LHR-Core-02,8172.87,4067.35,1.34,24.7,46.2,3432.61
2023-02-28,DXB-Core-01,11207.45,3683.92,1.34,24.7,45.1,4707.13
2023-02-28,DXB-Edge-02,14656.95,4701.51,1.66,21.4,50.4,6155.92
2023-02-28,SIN-Core-01,7484.29,2912.87,1.19,19.2,46.5,3143.4
2023-02-28,FRA-Core-01,8552.46,4154.56,1.21,21.8,46.9,3592.03
2023-02-28,MUM-Zone-A,7098.39,3481.45,1.56,21.5,49.9,2981.32
2023-02-28,LHR-Core-02,6060.31,2097.98,1.3,22.9,46.1,2545.33
2023-03-01,DXB-Core-01,7944.72,4047.46,1.26,20.8,48.3,3336.78
2023-03-01,DXB-Edge-02,10114.71,4859.77,1.5,20.3,49.5,4248.18
2023-03-01,SIN-Core-01,13846.59,5095.78,1.18,21.2,51.5,5815.57
2023-03-01,FRA-Core-01,8981.67,2957.5,1.23,20.9,52.5,3772.3
2023-03-01,MUM-Zone-A,7689.51,3419.22,1.79,21.5,45.3,3229.6
2023-03-01,LHR-Core-02,12614.97,5812.06,1.28,21.2,49.7,5298.29
2023-03-02,DXB-Core-01,13429.96,7673.5,1.31,22.1,45.0,5640.58
2023-03-02,DXB-Edge-02,12814.41,3895.02,1.78,23.7,54.8,5382.05
2023-03-02,SIN-Core-01,9655.27,5620.11,1.2,19.6,53.3,4055.21
2023-03-02,FRA-Core-01,14958.74,6795.97,1.24,23.9,48.7,6282.67
2023-03-02,MUM-Zone-A,6441.75,2790.05,1.52,23.5,51.6,2705.54
2023-03-02,LHR-Core-02,13042.62,4184.65,1.2,24.4,50.6,5477.9
2023-03-03,DXB-Core-01,6342.76,3148.12,1.19,20.9,45.4,2663.96
2023-03-03,DXB-Edge-02,10477.43,4757.88,1.66,21.8,49.1,4400.52
2023-03-03,SIN-Core-01,8705.58,3124.31,1.31,23.9,49.0,3656.34
2023-03-03,FRA-Core-01,10228.91,4593.73,1.32,24.3,52.0,4296.14
2023-03-03,MUM-Zone-A,10068.12,3739.21,1.57,21.6,45.6,4228.61
2023-03-03,LHR-Core-02,9960.24,3083.76,1.25,19.4,50.9,4183.3
2023-03-04,DXB-Core-01,10351.24,4244.02,1.22,22.6,53.2,4347.52
2023-03-04,DXB-Edge-02,12899.66,7301.52,1.62,21.9,47.5,5417.86
2023-03-04,SIN-Core-01,11666.05,3635.78,1.27,19.9,46.0,4899.74
2023-03-04,FRA-Core-01,11927.81,4573.84,1.19,23.3,49.9,5009.68
2023-03-04,MUM-Zone-A,9503.06,3752.81,1.83,22.5,54.8,3991.29
2023-03-04,LHR-Core-02,11977.15,4434.13,1.18,20.8,46.5,5030.4
2023-03-05,DXB-Core-01,10029.99,5486.96,1.28,21.0,51.5,4212.59
2023-03-05,DXB-Edge-02,6142.87,2019.52,1.69,24.8,46.7,2580.0
2023-03-05,SIN-Core-01,7608.67,3564.23,1.26,22.7,54.2,3195.64
2023-03-05,FRA-Core-01,12736.15,6565.25,1.24,23.3,53.3,5349.18
2023-03-05,MUM-Zone-A,8882.71,2902.2,1.62,23.3,49.4,3730.74
2023-03-05,LHR-Core-02,13107.58,7618.67,1.2,22.0,49.1,5505.18
2023-03-06,DXB-Core-01,10310.66,4053.25,1.25,19.3,46.1,4330.48
2023-03-06,DXB-Edge-02,14324.43,5119.7,1.69,21.6,47.4,6016.26
2023-03-06,SIN-Core-01,10718.46,4008.01,1.31,22.8,53.1,4501.75
2023-03-06,FRA-Core-01,8564.88,4030.61,1.34,23.7,46.1,3597.25
2023-03-06,MUM-Zone-A,11425.37,4235.69,1.8,23.3,45.7,4798.66
2023-03-06,LHR-Core-02,5429.24,2709.15,1.26,32.8,51.9,2280.28
2023-03-07,DXB-Core-01,7039.13,2919.73,1.23,24.3,49.0,2956.43
2023-03-07,DXB-Edge-02,12218.58,4161.39,1.57,22.7,46.3,5131.8
2023-03-07,SIN-Core-01,7203.66,2369.27,1.32,24.7,51.0,3025.54
2023-03-07,FRA-Core-01,11785.17,4208.33,1.2,19.1,51.6,4949.77
2023-03-07,MUM-Zone-A,7421.8,2833.5,1.8,21.4,48.3,3117.16
2023-03-07,LHR-Core-02,12867.82,7406.74,1.22,24.0,53.4,5404.48
2023-03-08,DXB-Core-01,7566.98,4294.67,1.19,21.7,51.7,3178.13
2023-03-08,DXB-Edge-02,12198.33,4381.86,1.63,23.4,49.8,5123.3
2023-03-08,SIN-Core-01,5175.5,2624.84,1.33,21.8,51.6,2173.71
2023-03-08,FRA-Core-01,7966.37,4773.33,1.22,23.8,47.1,3345.88
2023-03-08,MUM-Zone-A,14180.47,6906.64,1.73,23.4,52.7,5955.8
2023-03-08,LHR-Core-02,5478.41,2686.87,1.23,21.6,48.4,2300.93
2023-03-09,DXB-Core-01,9380.91,3611.32,1.19,24.3,48.0,3939.98
2023-03-09,DXB-Edge-02,8567.63,4571.84,1.56,19.5,52.0,3598.4
2023-03-09,SIN-Core-01,6666.43,2683.81,1.24,24.7,51.9,2799.9
2023-03-09,FRA-Core-01,7965.17,4724.52,1.35,19.9,49.7,3345.37
2023-03-09,MUM-Zone-A,11876.41,3953.05,1.62,20.9,54.7,4988.09
2023-03-09,LHR-Core-02,5156.96,2813.6,1.31,23.9,54.1,2165.92
2023-03-10,DXB-Core-01,10293.76,4955.33,1.3,32.5,45.6,4323.38
2023-03-10,DXB-Edge-02,14384.94,5535.97,1.65,21.1,51.2,6041.68
2023-03-10,SIN-Core-01,7446.47,2835.49,1.2,20.5,51.8,3127.52
2023-03-10,FRA-Core-01,6663.5,3137.21,1.34,24.4,50.1,2798.67
2023-03-10,MUM-Zone-A,7903.11,4517.01,1.59,21.9,49.4,3319.31
2023-03-10,LHR-Core-02,9685.73,5045.31,1.26,20.7,51.9,4068.01
2023-03-11,DXB-Core-01,10849.73,6011.51,1.28,24.8,46.4,4556.89
2023-03-11,DXB-Edge-02,6510.45,3769.98,1.69,19.7,48.5,2734.39
2023-03-11,SIN-Core-01,8006.41,2909.08,1.33,20.3,50.4,3362.69
2023-03-11,FRA-Core-01,7948.88,4558.06,1.35,22.4,51.8,3338.53
2023-03-11,MUM-Zone-A,14989.09,5058.71,1.63,19.5,52.2,6295.42
2023-03-11,LHR-Core-02,6967.84,2147.23,1.25,20.6,46.7,2926.49
2023-03-12,DXB-Core-01,10059.77,5330.48,1.34,19.4,45.2,4225.1
2023-03-12,DXB-Edge-02,13205.44,5784.73,1.82,20.8,46.0,5546.28
2023-03-12,SIN-Core-01,10621.86,5625.37,1.33,24.9,54.8,4461.18
2023-03-12,FRA-Core-01,7168.17,2702.08,1.27,19.6,54.0,3010.63
2023-03-12,MUM-Zone-A,10864.85,4774.37,1.65,20.2,47.4,4563.24
2023-03-12,LHR-Core-02,12827.07,5936.09,1.22,20.3,53.6,5387.37
2023-03-13,DXB-Core-01,11097.27,6362.62,1.31,21.1,48.7,4660.85
2023-03-13,DXB-Edge-02,8616.97,4424.3,1.76,21.2,51.5,3619.13
2023-03-13,SIN-Core-01,6260.55,3173.45,1.21,25.0,47.7,2629.43
2023-03-13,FRA-Core-01,10689.36,4651.56,1.34,22.0,49.4,4489.53
2023-03-13,MUM-Zone-A,11444.43,4541.06,1.71,20.0,51.5,4806.66
2023-03-13,LHR-Core-02,6848.89,3081.2,1.34,22.3,49.3,2876.53
2023-03-14,DXB-Core-01,5460.92,2894.91,1.25,22.8,45.1,2293.59
2023-03-14,DXB-Edge-02,6590.42,2835.92,1.83,22.8,52.0,2767.98
2023-03-14,SIN-Core-01,8067.97,4089.88,1.22,22.5,49.8,3388.55
2023-03-14,FRA-Core-01,5083.97,1622.51,1.3,22.1,52.6,2135.27
2023-03-14,MUM-Zone-A,10729.83,4024.44,1.6,24.5,47.2,4506.53
2023-03-14,LHR-Core-02,6215.25,2257.3,1.18,24.0,50.0,2610.4
2023-03-15,DXB-Core-01,13243.38,4909.74,1.33,23.7,53.5,5562.22
2023-03-15,DXB-Edge-02,11570.22,4082.08,1.64,24.0,51.6,4859.49
2023-03-15,SIN-Core-01,14401.97,7097.05,1.34,19.0,53.3,6048.83
2023-03-15,FRA-Core-01,7195.95,4197.84,1.26,22.5,52.6,3022.3
2023-03-15,MUM-Zone-A,6482.77,2667.6,1.73,23.3,51.8,2722.76
2023-03-15,LHR-Core-02,9292.75,3897.55,1.21,21.8,54.4,3902.96
2023-03-16,DXB-Core-01,14242.14,7515.68,1.28,21.7,46.1,5981.7
2023-03-16,DXB-Edge-02,12780.31,5244.67,1.57,29.9,54.0,5367.73
2023-03-16,SIN-Core-01,13601.15,7116.62,1.28,21.4,54.9,5712.48
2023-03-16,FRA-Core-01,9834.38,3045.0,1.3,23.0,53.9,4130.44
2023-03-16,MUM-Zone-A,14077.64,5225.68,1.62,23.6,50.0,5912.61
2023-03-16,LHR-Core-02,13055.88,7281.46,1.22,23.8,54.0,5483.47
2023-03-17,DXB-Core-01,11780.9,6520.3,1.28,20.3,50.8,4947.98
2023-03-17,DXB-Edge-02,12311.86,3975.57,1.46,22.2,47.9,5170.98
2023-03-17,SIN-Core-01,5147.0,2746.14,1.24,24.8,53.1,2161.74
2023-03-17,FRA-Core-01,8871.97,3014.38,1.21,24.9,53.1,3726.23
2023-03-17,MUM-Zone-A,13160.8,6638.76,1.82,24.9,49.9,5527.53
2023-03-17,LHR-Core-02,5290.27,2733.12,1.31,24.4,45.2,2221.92
2023-03-18,DXB-Core-01,6451.68,2561.29,1.19,22.8,47.3,2709.71
2023-03-18,DXB-Edge-02,11227.72,5762.74,1.63,23.4,53.3,4715.64
2023-03-18,SIN-Core-01,8322.6,4454.16,1.3,23.7,47.0,3495.49
2023-03-18,FRA-Core-01,9048.96,3423.65,1.34,24.9,50.0,3800.57
2023-03-18,MUM-Zone-A,11540.88,5150.5,1.84,22.2,45.8,4847.17
2023-03-18,LHR-Core-02,9609.26,4318.9,1.21,22.5,50.2,4035.89
2023-03-19,DXB-Core-01,11099.82,6096.53,1.22,22.9,48.4,4661.93
2023-03-19,DXB-Edge-02,5779.65,2143.89,1.56,23.5,47.1,2427.45
2023-03-19,SIN-Core-01,12593.06,5890.27,1.23,24.5,46.8,5289.09
2023-03-19,FRA-Core-01,9559.25,4583.4,1.32,20.3,47.2,4014.88
2023-03-19,MUM-Zone-A,9935.4,5326.97,1.79,23.0,46.6,4172.87
2023-03-19,LHR-Core-02,6263.08,2684.66,1.29,22.6,52.1,2630.5
2023-03-20,DXB-Core-01,7858.27,3585.35,1.34,21.9,45.2,3300.47
2023-03-20,DXB-Edge-02,14185.61,7404.44,1.52,21.7,45.6,5957.95
2023-03-20,SIN-Core-01,10806.7,5181.93,1.19,21.6,52.4,4538.81
2023-03-20,FRA-Core-01,11890.86,4326.19,1.21,23.3,53.7,4994.16
2023-03-20,MUM-Zone-A,11767.27,3922.27,1.49,20.2,54.0,4942.26
2023-03-20,LHR-Core-02,6645.25,2307.59,1.2,23.7,53.9,2791.0
2023-03-21,DXB-Core-01,10140.78,3956.47,1.19,22.1,47.0,4259.13
2023-03-21,DXB-Edge-02,13766.8,7384.66,1.54,22.0,48.6,5782.06
2023-03-21,SIN-Core-01,6895.16,3229.89,1.2,21.1,50.2,2895.97
2023-03-21,FRA-Core-01,7342.35,2231.28,1.22,22.2,49.9,3083.79
2023-03-21,MUM-Zone-A,7193.71,2957.16,1.7,20.1,45.5,3021.36
2023-03-21,LHR-Core-02,14466.63,8070.51,1.3,20.9,47.2,6075.99
2023-03-22,DXB-Core-01,7150.13,4191.59,1.21,24.2,47.4,3003.05
2023-03-22,DXB-Edge-02,13368.02,4665.69,1.51,21.2,51.6,5614.57
2023-03-22,SIN-Core-01,10276.52,5536.4,1.3,24.7,52.2,4316.14
2023-03-22,FRA-Core-01,9272.15,3726.31,1.32,23.5,53.5,3894.3
2023-03-22,MUM-Zone-A,9675.6,5105.49,1.46,19.4,47.4,4063.75
2023-03-22,LHR-Core-02,14999.47,8353.29,1.25,22.6,45.6,6299.78
2023-03-23,DXB-Core-01,12445.97,7181.51,1.34,22.5,53.0,5227.31
2023-03-23,DXB-Edge-02,10665.86,5991.61,1.53,22.2,53.0,4479.66
2023-03-23,SIN-Core-01,11508.77,6606.98,1.2,24.8,54.4,4833.68
2023-03-23,FRA-Core-01,6508.0,3491.05,1.24,20.6,48.0,2733.36
2023-03-23,MUM-Zone-A,10432.57,4434.25,1.64,21.7,45.2,4381.68
2023-03-23,LHR-Core-02,8364.29,4199.19,1.28,23.2,50.7,3513.0
2023-03-24,DXB-Core-01,6645.17,2504.2,1.3,19.3,50.8,2790.97
2023-03-24,DXB-Edge-02,11005.92,5174.42,1.5,20.4,49.9,4622.49
2023-03-24,SIN-Core-01,14869.46,5744.13,1.2,19.7,52.0,6245.17
2023-03-24,FRA-Core-01,14801.07,7838.98,1.29,19.6,54.2,6216.45
2023-03-24,MUM-Zone-A,7980.7,3363.65,1.68,22.4,54.8,3351.9
2023-03-24,LHR-Core-02,11706.16,4986.5,1.31,24.4,52.3,4916.59
2023-03-25,DXB-Core-01,12780.95,3971.55,1.31,33.0,51.5,5368.0
2023-03-25,DXB-Edge-02,5079.85,1744.32,1.49,22.7,54.1,2133.54
2023-03-25,SIN-Core-01,13614.55,5768.79,1.33,24.2,49.2,5718.11
2023-03-25,FRA-Core-01,6450.37,2305.07,1.18,24.4,53.3,2709.15
2023-03-25,MUM-Zone-A,7802.65,4083.69,1.74,23.1,52.1,3277.11
2023-03-25,LHR-Core-02,5922.35,2730.41,1.21,22.0,46.7,2487.39
2023-03-26,DXB-Core-01,5865.5,2762.22,1.22,22.8,54.4,2463.51
2023-03-26,DXB-Edge-02,13783.23,4302.88,1.78,21.8,52.8,5788.96
2023-03-26,SIN-Core-01,7102.77,4121.04,1.32,24.1,47.3,2983.16
2023-03-26,FRA-Core-01,10385.01,5196.23,1.21,23.9,53.9,4361.7
2023-03-26,MUM-Zone-A,6390.7,3476.51,1.49,20.6,46.6,2684.09
2023-03-26,LHR-Core-02,13567.38,5194.67,1.32,20.8,53.5,5698.3
2023-03-27,DXB-Core-01,13145.04,6318.13,1.2,21.8,54.6,5520.92
2023-03-27,DXB-Edge-02,7172.23,4056.49,1.75,19.5,53.9,3012.34
2023-03-27,SIN-Core-01,8167.27,3812.32,1.26,19.1,52.9,3430.25
2023-03-27,FRA-Core-01,5153.71,2020.78,1.27,23.7,52.2,2164.56
2023-03-27,MUM-Zone-A,12421.75,6758.32,1.62,21.9,51.2,5217.13
2023-03-27,LHR-Core-02,11118.95,5640.45,1.21,24.3,54.5,4669.96
2023-03-28,DXB-Core-01,5172.19,2785.91,1.32,19.6,49.5,2172.32
2023-03-28,DXB-Edge-02,14940.98,5596.75,1.54,21.1,51.8,6275.21
2023-03-28,SIN-Core-01,10786.49,3492.56,1.25,21.2,51.7,4530.33
2023-03-28,FRA-Core-01,12712.7,5337.24,1.21,23.4,51.6,5339.33
2023-03-28,MUM-Zone-A,9836.87,2985.53,1.58,20.9,54.9,4131.49
2023-03-28,LHR-Core-02,13361.76,5132.15,1.21,20.3,49.6,5611.94
2023-03-29,DXB-Core-01,6489.97,2010.93,1.25,24.5,52.2,2725.79
2023-03-29,DXB-Edge-02,10968.59,4015.84,1.85,20.1,49.8,4606.81
2023-03-29,SIN-Core-01,8762.71,3440.01,1.24,21.5,47.8,3680.34
2023-03-29,FRA-Core-01,14302.28,8134.25,1.21,24.3,50.5,6006.96
2023-03-29,MUM-Zone-A,11883.33,5978.77,1.6,23.1,54.0,4991.0
2023-03-29,LHR-Core-02,9782.92,5633.92,1.19,25.0,46.6,4108.83
2023-03-30,DXB-Core-01,14170.15,6998.91,1.33,20.4,46.8,5951.46
2023-03-30,DXB-Edge-02,7680.4,3981.89,1.51,23.4,45.9,3225.77
2023-03-30,SIN-Core-01,14962.91,6879.23,1.19,22.8,50.2,6284.42
2023-03-30,FRA-Core-01,12354.43,4255.2,1.31,21.7,47.7,5188.86
2023-03-30,MUM-Zone-A,11260.37,5773.3,1.72,24.0,54.4,4729.35
2023-03-30,LHR-Core-02,6170.36,2741.83,1.2,21.4,49.7,2591.55
2023-03-31,DXB-Core-01,5226.69,2874.22,1.32,24.4,49.8,2195.21
2023-03-31,DXB-Edge-02,14166.1,8466.8,1.45,23.2,51.7,5949.76
2023-03-31,SIN-Core-01,5266.18,2317.68,1.21,20.7,54.4,2211.8
2023-03-31,FRA-Core-01,9772.36,3157.41,1.18,23.4,48.6,4104.39
2023-03-31,MUM-Zone-A,10103.5,5650.1,1.52,23.7,49.0,4243.47
2023-03-31,LHR-Core-02,7974.21,2446.44,1.32,21.4,46.8,3349.17
2023-04-01,DXB-Core-01,13574.69,4376.35,1.27,23.1,54.5,5701.37
2023-04-01,DXB-Edge-02,13521.25,5927.39,1.49,21.6,45.3,5678.92
2023-04-01,SIN-Core-01,7268.05,2634.28,1.32,20.0,52.3,3052.58
2023-04-01,FRA-Core-01,8885.32,3249.87,1.27,19.5,48.4,3731.83
2023-04-01,MUM-Zone-A,8780.48,4762.46,1.65,24.6,49.3,3687.8
2023-04-01,LHR-Core-02,11270.33,6004.56,1.2,20.5,48.5,4733.54
2023-04-02,DXB-Core-01,13689.07,6806.62,1.35,24.5,53.2,5749.41
2023-04-02,DXB-Edge-02,7944.1,2544.84,1.61,24.0,49.3,3336.52
2023-04-02,SIN-Core-01,11914.15,3781.38,1.2,22.6,54.0,5003.94
2023-04-02,FRA-Core-01,12180.85,4694.65,1.28,30.0,55.0,5115.96
2023-04-02,MUM-Zone-A,12709.47,5245.07,1.56,23.6,45.9,5337.98
2023-04-02,LHR-Core-02,7596.35,3344.13,1.21,22.7,53.0,3190.47
2023-04-03,DXB-Core-01,13045.79,5510.63,1.32,24.5,48.0,5479.23
2023-04-03,DXB-Edge-02,6887.48,3131.94,1.75,22.1,49.2,2892.74
2023-04-03,SIN-Core-01,5444.76,1855.47,1.19,32.7,48.0,2286.8
2023-04-03,FRA-Core-01,12514.63,7445.02,1.24,24.5,48.9,5256.15
2023-04-03,MUM-Zone-A,10189.74,4473.31,1.52,20.6,53.3,4279.69
2023-04-03,LHR-Core-02,10555.23,5277.03,1.22,19.7,45.4,4433.2
2023-04-04,DXB-Core-01,8245.31,2904.85,1.19,21.7,48.5,3463.03
2023-04-04,DXB-Edge-02,10334.46,4729.6,1.71,19.5,50.9,4340.47
2023-04-04,SIN-Core-01,13898.39,7482.03,1.2,19.0,54.0,5837.33
2023-04-04,FRA-Core-01,9143.47,5193.2,1.23,30.2,47.4,3840.26
2023-04-04,MUM-Zone-A,13964.43,4541.4,1.63,19.6,47.2,5865.06
2023-04-04,LHR-Core-02,8424.92,3755.79,1.33,19.9,49.9,3538.46
2023-04-05,DXB-Core-01,9182.48,3888.74,1.24,19.7,52.2,3856.64
2023-04-05,DXB-Edge-02,14598.95,8565.37,1.72,23.6,51.3,6131.56
2023-04-05,SIN-Core-01,7794.58,2505.69,1.19,20.0,54.2,3273.73
2023-04-05,FRA-Core-01,5051.96,2347.64,1.27,21.0,48.1,2121.82
2023-04-05,MUM-Zone-A,11464.94,3723.97,1.45,20.6,48.8,4815.28
2023-04-05,LHR-Core-02,8767.57,2670.08,1.22,22.5,47.4,3682.38
2023-04-06,DXB-Core-01,8712.61,5217.48,1.29,19.4,46.9,3659.3
2023-04-06,DXB-Edge-02,11293.57,4598.01,1.46,19.9,51.8,4743.3
2023-04-06,SIN-Core-01,10816.74,5367.24,1.26,24.0,50.0,4543.03
2023-04-06,FRA-Core-01,9918.31,3508.46,1.23,24.7,46.9,4165.69
2023-04-06,MUM-Zone-A,5506.16,3062.32,1.84,20.1,48.4,2312.59
2023-04-06,LHR-Core-02,11402.9,6468.74,1.22,21.5,52.1,4789.22
2023-04-07,DXB-Core-01,9039.27,3045.33,1.3,20.7,47.7,3796.49
2023-04-07,DXB-Edge-02,6574.91,2440.64,1.82,19.4,46.8,2761.46
2023-04-07,SIN-Core-01,7479.87,4356.91,1.31,21.6,48.4,3141.55
2023-04-07,FRA-Core-01,9725.51,4667.04,1.21,23.7,45.3,4084.71
2023-04-07,MUM-Zone-A,9930.72,5186.28,1.64,20.3,45.8,4170.9
2023-04-07,LHR-Core-02,12267.17,7255.09,1.23,24.5,45.4,5152.21
2023-04-08,DXB-Core-01,10418.67,3250.54,1.2,19.3,50.6,4375.84
2023-04-08,DXB-Edge-02,8959.43,3562.79,1.78,25.0,50.6,3762.96
2023-04-08,SIN-Core-01,13513.31,7980.69,1.24,20.5,51.5,5675.59
2023-04-08,FRA-Core-01,10763.01,5287.99,1.27,22.1,53.0,4520.46
2023-04-08,MUM-Zone-A,8047.22,3305.26,1.81,21.7,48.6,3379.83
2023-04-08,LHR-Core-02,6481.96,3766.9,1.19,23.1,53.7,2722.43
2023-04-09,DXB-Core-01,5276.3,2241.58,1.19,21.3,49.0,2216.05
2023-04-09,DXB-Edge-02,13054.24,5455.65,1.51,24.1,49.3,5482.78
2023-04-09,SIN-Core-01,14018.75,6404.63,1.23,19.4,49.4,5887.87
2023-04-09,FRA-Core-01,6981.87,3011.88,1.34,20.5,50.8,2932.39
2023-04-09,MUM-Zone-A,13141.88,6630.56,1.83,19.4,53.5,5519.59
2023-04-09,LHR-Core-02,9221.46,3726.47,1.23,21.2,46.4,3873.01
2023-04-10,DXB-Core-01,13226.75,7469.97,1.18,21.9,45.3,5555.23
2023-04-10,DXB-Edge-02,7534.23,4005.58,1.84,22.7,52.5,3164.38
2023-04-10,SIN-Core-01,11844.52,4472.84,1.24,21.4,55.0,4974.7
2023-04-10,FRA-Core-01,6309.74,3544.71,1.27,24.8,45.4,2650.09
2023-04-10,MUM-Zone-A,11763.4,6196.1,1.62,21.8,50.5,4940.63
2023-04-10,LHR-Core-02,11590.41,5952.52,1.21,23.5,52.0,4867.97
2023-04-11,DXB-Core-01,9388.09,4984.15,1.28,21.9,49.3,3943.0
2023-04-11,DXB-Edge-02,10707.59,3649.0,1.46,24.3,47.6,4497.19
2023-04-11,SIN-Core-01,6361.42,2916.32,1.26,21.5,48.7,2671.8
2023-04-11,FRA-Core-01,12828.16,6097.12,1.3,21.4,50.8,5387.83
2023-04-11,MUM-Zone-A,12520.0,5644.34,1.63,24.9,49.7,5258.4
2023-04-11,LHR-Core-02,10784.61,6323.79,1.29,23.8,51.1,4529.53
2023-04-12,DXB-Core-01,12776.24,6587.04,1.25,22.1,45.5,5366.02
2023-04-12,DXB-Edge-02,8408.89,4196.54,1.73,23.0,54.8,3531.74
2023-04-12,SIN-Core-01,14118.87,7239.45,1.28,24.2,50.3,5929.93
2023-04-12,FRA-Core-01,12513.63,4349.66,1.33,23.1,49.1,5255.73
2023-04-12,MUM-Zone-A,14535.29,4437.36,1.83,21.1,49.0,6104.82
2023-04-12,LHR-Core-02,14990.85,8742.99,1.2,24.9,46.2,6296.16
2023-04-13,DXB-Core-01,6574.7,2011.69,1.27,22.7,48.7,2761.37
2023-04-13,DXB-Edge-02,11710.05,4223.0,1.83,21.3,46.3,4918.22
2023-04-13,SIN-Core-01,14336.96,4629.72,1.3,21.3,51.7,6021.52
2023-04-13,FRA-Core-01,7793.7,3119.44,1.27,21.2,47.6,3273.35
2023-04-13,MUM-Zone-A,6398.55,3437.62,1.76,21.4,45.1,2687.39
2023-04-13,LHR-Core-02,14792.29,5455.51,1.19,20.6,52.0,6212.76
2023-04-14,DXB-Core-01,12161.45,5719.57,1.27,24.1,53.4,5107.81
2023-04-14,DXB-Edge-02,6673.86,2119.35,1.56,24.2,50.3,2803.02
2023-04-14,SIN-Core-01,5691.65,3353.55,1.19,23.4,45.4,2390.49
2023-04-14,FRA-Core-01,11796.78,3973.87,1.31,19.9,45.6,4954.65
2023-04-14,MUM-Zone-A,10226.01,5467.35,1.82,20.8,48.5,4294.92
2023-04-14,LHR-Core-02,9914.23,4090.23,1.24,24.5,48.3,4163.97
2023-04-15,DXB-Core-01,6399.0,3442.42,1.21,23.9,52.0,2687.58
2023-04-15,DXB-Edge-02,6314.67,3336.06,1.81,23.7,49.5,2652.16
2023-04-15,SIN-Core-01,13533.83,7874.51,1.2,23.8,52.6,5684.21
2023-04-15,FRA-Core-01,14141.33,5775.71,1.22,24.9,52.5,5939.36
2023-04-15,MUM-Zone-A,12451.18,6550.72,1.54,23.2,49.1,5229.5
2023-04-15,LHR-Core-02,5363.0,3183.21,1.31,23.8,54.6,2252.46
2023-04-16,DXB-Core-01,8219.49,4532.54,1.22,21.8,46.8,3452.19
2023-04-16,DXB-Edge-02,10927.49,3952.97,1.74,23.3,51.4,4589.55
2023-04-16,SIN-Core-01,12058.37,4764.01,1.19,20.6,50.4,5064.51
2023-04-16,FRA-Core-01,7221.01,2912.95,1.19,22.2,46.3,3032.82
2023-04-16,MUM-Zone-A,9490.09,5562.34,1.46,22.6,47.0,3985.84
2023-04-16,LHR-Core-02,12370.29,7259.04,1.31,20.0,50.4,5195.52
2023-04-17,DXB-Core-01,6825.29,2824.1,1.18,20.8,47.9,2866.62
2023-04-17,DXB-Edge-02,13150.79,6165.21,1.47,23.6,51.4,5523.33
2023-04-17,SIN-Core-01,11635.87,6536.52,1.35,22.3,52.1,4887.07
2023-04-17,FRA-Core-01,8354.12,3644.05,1.27,19.4,47.2,3508.73
2023-04-17,MUM-Zone-A,9271.73,3130.82,1.66,23.8,48.7,3894.13
2023-04-17,LHR-Core-02,13383.14,6021.45,1.34,22.5,51.6,5620.92
2023-04-18,DXB-Core-01,6677.53,3913.26,1.33,21.5,49.8,2804.56
2023-04-18,DXB-Edge-02,12839.36,5368.91,1.76,20.2,47.3,5392.53
2023-04-18,SIN-Core-01,10835.0,5198.58,1.21,23.7,51.2,4550.7
2023-04-18,FRA-Core-01,8203.68,3944.05,1.3,19.7,50.5,3445.55
2023-04-18,MUM-Zone-A,12407.79,7159.68,1.79,22.5,48.6,5211.27
2023-04-18,LHR-Core-02,7250.48,3537.88,1.33,22.6,52.7,3045.2
2023-04-19,DXB-Core-01,12557.93,4893.01,1.29,19.6,47.1,5274.33
2023-04-19,DXB-Edge-02,9238.14,2910.55,1.82,22.5,51.4,3880.02
2023-04-19,SIN-Core-01,13066.69,6351.64,1.21,19.3,51.2,5488.01
2023-04-19,FRA-Core-01,8040.66,4352.58,1.33,21.7,46.6,3377.08
2023-04-19,MUM-Zone-A,10740.85,3276.82,1.48,24.0,45.9,4511.16
2023-04-19,LHR-Core-02,6999.78,4149.0,1.29,22.9,49.4,2939.91
2023-04-20,DXB-Core-01,7190.16,3660.37,1.23,20.7,50.4,3019.87
2023-04-20,DXB-Edge-02,8576.78,3237.05,1.63,20.2,50.8,3602.25
2023-04-20,SIN-Core-01,8085.81,4506.25,1.27,21.7,50.8,3396.04
2023-04-20,FRA-Core-01,13529.15,4823.88,1.2,22.8,51.0,5682.24
2023-04-20,MUM-Zone-A,13075.69,7355.57,1.77,19.1,49.7,5491.79
2023-04-20,LHR-Core-02,14896.64,6993.71,1.31,25.0,54.5,6256.59
2023-04-21,DXB-Core-01,11365.95,6732.82,1.32,23.3,47.2,4773.7
2023-04-21,DXB-Edge-02,13145.64,4743.67,1.48,22.2,48.7,5521.17
2023-04-21,SIN-Core-01,6051.66,3629.01,1.21,22.5,53.7,2541.7
2023-04-21,FRA-Core-01,13748.1,5009.24,1.31,20.0,53.9,5774.2
2023-04-21,MUM-Zone-A,9640.81,3754.73,1.64,23.0,49.8,4049.14
2023-04-21,LHR-Core-02,11312.48,5480.59,1.33,24.4,53.5,4751.24
2023-04-22,DXB-Core-01,6852.74,3836.44,1.23,24.6,47.3,2878.15
2023-04-22,DXB-Edge-02,13192.72,7237.77,1.63,24.5,51.1,5540.94
2023-04-22,SIN-Core-01,10263.07,4024.96,1.28,22.9,45.4,4310.49
2023-04-22,FRA-Core-01,14769.63,5141.43,1.34,21.7,47.3,6203.24
2023-04-22,MUM-Zone-A,12264.73,6418.33,1.76,23.4,54.1,5151.19
2023-04-22,LHR-Core-02,12225.01,6009.77,1.3,19.0,46.0,5134.5
2023-04-23,DXB-Core-01,12986.94,4135.45,1.28,24.6,53.0,5454.51
2023-04-23,DXB-Edge-02,10504.4,4639.59,1.48,24.0,53.5,4411.85
2023-04-23,SIN-Core-01,6359.77,2436.26,1.29,22.6,48.3,2671.1
2023-04-23,FRA-Core-01,14223.47,4459.01,1.31,22.9,52.4,5973.86
2023-04-23,MUM-Zone-A,6593.12,2507.55,1.55,23.7,51.9,2769.11
2023-04-23,LHR-Core-02,9123.69,3076.78,1.29,22.7,49.5,3831.95
2023-04-24,DXB-Core-01,5084.93,2958.81,1.35,20.2,51.7,2135.67
2023-04-24,DXB-Edge-02,14205.03,7497.99,1.51,20.6,52.9,5966.11
2023-04-24,SIN-Core-01,10160.69,4986.49,1.22,20.5,52.8,4267.49
2023-04-24,FRA-Core-01,10512.15,5182.89,1.23,21.4,47.8,4415.1
2023-04-24,MUM-Zone-A,6707.19,3665.95,1.84,21.2,45.1,2817.02
2023-04-24,LHR-Core-02,8324.04,3035.57,1.25,19.6,45.1,3496.1
2023-04-25,DXB-Core-01,6111.48,3576.69,1.31,19.5,49.6,2566.82
2023-04-25,DXB-Edge-02,11671.72,5402.25,1.76,20.8,45.3,4902.12
2023-04-25,SIN-Core-01,5395.08,1622.43,1.25,24.6,47.2,2265.93
2023-04-25,FRA-Core-01,14143.14,7427.28,1.34,22.6,47.8,5940.12
2023-04-25,MUM-Zone-A,9415.89,4401.25,1.71,20.9,53.4,3954.67
2023-04-25,LHR-Core-02,12875.27,6678.5,1.18,21.2,54.2,5407.62
2023-04-26,DXB-Core-01,9383.55,4018.34,1.25,20.1,47.7,3941.09
2023-04-26,DXB-Edge-02,5024.94,1587.39,1.52,21.0,46.2,2110.48
2023-04-26,SIN-Core-01,7822.45,3491.93,1.34,33.9,51.4,3285.43
2023-04-26,FRA-Core-01,11081.99,5573.15,1.24,23.8,51.4,4654.44
2023-04-26,MUM-Zone-A,11218.87,5471.95,1.57,23.1,47.1,4711.92
2023-04-26,LHR-Core-02,13687.37,4665.44,1.25,19.8,45.6,5748.69
2023-04-27,DXB-Core-01,13846.97,7760.71,1.31,22.4,47.1,5815.73
2023-04-27,DXB-Edge-02,7321.48,3422.1,1.54,24.0,46.8,3075.02
2023-04-27,SIN-Core-01,6530.3,3302.88,1.19,22.9,51.6,2742.73
2023-04-27,FRA-Core-01,9995.99,3776.9,1.27,23.8,46.2,4198.32
2023-04-27,MUM-Zone-A,9250.27,3915.46,1.82,22.4,45.0,3885.11
2023-04-27,LHR-Core-02,9547.57,5007.8,1.34,23.1,49.8,4009.98
2023-04-28,DXB-Core-01,5441.45,2722.83,1.25,22.3,47.4,2285.41
2023-04-28,DXB-Edge-02,13838.26,6449.5,1.73,23.1,45.9,5812.07
2023-04-28,SIN-Core-01,5736.25,1997.45,1.29,24.3,52.2,2409.23
2023-04-28,FRA-Core-01,8014.12,3682.11,1.26,24.8,46.9,3365.93
2023-04-28,MUM-Zone-A,9840.51,4349.21,1.72,21.6,51.3,4133.02
2023-04-28,LHR-Core-02,5118.31,1710.93,1.25,23.0,53.2,2149.69
2023-04-29,DXB-Core-01,10879.38,6258.46,1.28,23.8,48.1,4569.34
2023-04-29,DXB-Edge-02,11293.83,4371.17,1.51,20.2,52.6,4743.41
2023-04-29,SIN-Core-01,7274.89,3040.53,1.22,22.7,47.1,3055.45
2023-04-29,FRA-Core-01,8785.75,3966.1,1.26,22.8,45.3,3690.02
2023-04-29,MUM-Zone-A,7741.89,2518.99,1.56,20.1,48.4,3251.59
2023-04-29,LHR-Core-02,11274.93,3445.3,1.31,23.6,54.9,4735.47
2023-04-30,DXB-Core-01,10975.33,3536.04,1.33,19.5,52.8,4609.64
2023-04-30,DXB-Edge-02,9217.42,3769.32,1.79,24.5,45.3,3871.32
2023-04-30,SIN-Core-01,14354.28,6991.55,1.34,22.0,52.9,6028.8
2023-04-30,FRA-Core-01,9866.23,3665.7,1.29,20.5,48.4,4143.82
2023-04-30,MUM-Zone-A,13112.11,6584.8,1.54,19.8,52.0,5507.09
2023-04-30,LHR-Core-02,13347.37,5188.34,1.29,20.7,46.8,5605.9
2023-05-01,DXB-Core-01,12777.63,6977.38,1.31,22.2,53.6,5366.6
2023-05-01,DXB-Edge-02,6716.66,2339.46,1.46,23.8,48.7,2821.0
2023-05-01,SIN-Core-01,11068.66,4201.18,1.28,24.2,51.1,4648.84
2023-05-01,FRA-Core-01,6048.8,1956.06,1.3,19.3,50.8,2540.5
2023-05-01,MUM-Zone-A,6207.35,2066.48,1.61,23.6,46.3,2607.09
2023-05-01,LHR-Core-02,6935.24,3506.41,1.32,23.0,52.5,2912.8
2023-05-02,DXB-Core-01,14909.46,6234.14,1.23,23.8,49.0,6261.97
2023-05-02,DXB-Edge-02,5242.1,2752.29,1.57,19.6,50.6,2201.68
2023-05-02,SIN-Core-01,14694.2,7269.51,1.21,21.5,53.4,6171.56
2023-05-02,FRA-Core-01,7195.87,2781.89,1.22,22.2,54.2,3022.26
2023-05-02,MUM-Zone-A,9918.32,4852.99,1.69,21.6,47.1,4165.69
2023-05-02,LHR-Core-02,12589.23,6789.51,1.32,22.2,53.4,5287.48
2023-05-03,DXB-Core-01,14807.66,5674.85,1.21,23.4,45.3,6219.22
2023-05-03,DXB-Edge-02,14092.41,5060.93,1.52,20.8,46.8,5918.81
2023-05-03,SIN-Core-01,12956.26,5650.63,1.25,19.1,46.3,5441.63
2023-05-03,FRA-Core-01,6306.48,3238.0,1.34,20.7,46.4,2648.72
2023-05-03,MUM-Zone-A,10690.79,6088.17,1.83,23.8,53.0,4490.13
2023-05-03,LHR-Core-02,13970.4,5003.9,1.3,23.4,51.7,5867.57
2023-05-04,DXB-Core-01,13370.6,7602.66,1.19,24.5,51.5,5615.65
2023-05-04,DXB-Edge-02,14081.37,6162.12,1.82,21.2,55.0,5914.18
2023-05-04,SIN-Core-01,8450.06,2562.44,1.25,19.1,51.6,3549.03
2023-05-04,FRA-Core-01,7414.62,4441.86,1.19,22.4,46.8,3114.14
2023-05-04,MUM-Zone-A,8195.64,4425.21,1.83,23.9,47.5,3442.17
2023-05-04,LHR-Core-02,5618.67,2506.97,1.22,19.3,52.4,2359.84
2023-05-05,DXB-Core-01,13049.04,5364.52,1.27,23.8,53.0,5480.6
2023-05-05,DXB-Edge-02,14184.72,5009.69,1.6,22.1,49.7,5957.58
2023-05-05,SIN-Core-01,5523.36,2366.05,1.29,19.8,46.2,2319.81
2023-05-05,FRA-Core-01,11041.07,5273.45,1.24,22.9,51.4,4637.25
2023-05-05,MUM-Zone-A,7712.99,3004.0,1.69,23.7,53.3,3239.46
2023-05-05,LHR-Core-02,5225.25,2778.55,1.28,20.7,49.3,2194.61
2023-05-06,DXB-Core-01,7668.06,3713.09,1.29,20.1,53.3,3220.59
2023-05-06,DXB-Edge-02,9006.7,4825.54,1.78,20.9,53.2,3782.81
2023-05-06,SIN-Core-01,12639.49,7446.42,1.26,23.1,49.5,5308.59
2023-05-06,FRA-Core-01,13831.68,4872.95,1.33,24.6,46.9,5809.31
2023-05-06,MUM-Zone-A,14921.07,6455.16,1.85,24.7,52.6,6266.85
2023-05-06,LHR-Core-02,9110.03,3235.59,1.23,23.9,45.7,3826.21
2023-05-07,DXB-Core-01,8260.85,4709.07,1.26,20.3,51.5,3469.56
2023-05-07,DXB-Edge-02,13763.64,7739.02,1.75,24.4,45.2,5780.73
2023-05-07,SIN-Core-01,5725.55,2231.05,1.32,24.0,54.9,2404.73
2023-05-07,FRA-Core-01,13458.59,6485.44,1.29,20.1,51.6,5652.61
2023-05-07,MUM-Zone-A,7091.13,3405.38,1.64,21.0,52.4,2978.27
2023-05-07,LHR-Core-02,7524.32,2926.92,1.19,19.4,52.7,3160.22
2023-05-08,DXB-Core-01,14724.18,4436.07,1.22,20.0,54.1,6184.16
2023-05-08,DXB-Edge-02,12601.14,5141.41,1.69,21.6,47.4,5292.48
2023-05-08,SIN-Core-01,8070.05,4572.37,1.25,22.1,50.1,3389.42
2023-05-08,FRA-Core-01,7184.3,4262.42,1.28,23.3,46.4,3017.41
2023-05-08,MUM-Zone-A,6700.69,3230.0,1.49,33.3,54.7,2814.29
2023-05-08,LHR-Core-02,6843.82,2583.12,1.26,20.8,49.5,2874.41
2023-05-09,DXB-Core-01,9038.5,3573.1,1.27,24.5,49.1,3796.17
2023-05-09,DXB-Edge-02,9366.44,3870.78,1.72,29.1,46.6,3933.91
2023-05-09,SIN-Core-01,9760.63,4614.96,1.32,20.0,49.8,4099.47
2023-05-09,FRA-Core-01,9916.5,4301.59,1.34,20.9,47.0,4164.93
2023-05-09,MUM-Zone-A,14780.95,7376.13,1.74,19.9,50.2,6208.0
2023-05-09,LHR-Core-02,8296.72,3565.81,1.23,23.7,48.2,3484.62
2023-05-10,DXB-Core-01,13754.67,5068.31,1.33,22.9,47.1,5776.96
2023-05-10,DXB-Edge-02,14738.23,4580.19,1.51,22.5,54.4,6190.06
2023-05-10,SIN-Core-01,5024.74,2595.06,1.34,24.5,46.9,2110.39
2023-05-10,FRA-Core-01,10795.6,5920.35,1.34,24.7,50.5,4534.15
2023-05-10,MUM-Zone-A,12659.38,6461.06,1.78,24.3,52.0,5316.94
2023-05-10,LHR-Core-02,12051.45,4071.06,1.29,23.3,54.1,5061.61
2023-05-11,DXB-Core-01,14609.45,6841.15,1.34,24.6,51.9,6135.97
2023-05-11,DXB-Edge-02,10555.39,4264.99,1.55,21.2,46.2,4433.26
2023-05-11,SIN-Core-01,7942.84,3423.41,1.21,19.2,45.2,3335.99
2023-05-11,FRA-Core-01,12760.08,6136.92,1.24,20.4,48.1,5359.23
2023-05-11,MUM-Zone-A,10523.79,3400.57,1.59,21.0,49.4,4419.99
2023-05-11,LHR-Core-02,7847.7,2998.34,1.27,21.6,47.5,3296.03
2023-05-12,DXB-Core-01,11060.93,4319.68,1.34,24.0,47.7,4645.59
2023-05-12,DXB-Edge-02,13290.38,5371.79,1.82,24.0,54.0,5581.96
2023-05-12,SIN-Core-01,8254.62,3960.42,1.24,24.4,52.4,3466.94
2023-05-12,FRA-Core-01,6210.33,2368.18,1.28,21.0,54.6,2608.34
2023-05-12,MUM-Zone-A,13958.71,6446.85,1.5,23.8,52.4,5862.66
2023-05-12,LHR-Core-02,12912.14,3902.59,1.34,19.8,53.1,5423.1
2023-05-13,DXB-Core-01,7480.11,3166.39,1.29,22.0,45.9,3141.65
2023-05-13,DXB-Edge-02,12394.57,4650.12,1.79,24.0,46.4,5205.72
2023-05-13,SIN-Core-01,13660.52,7867.57,1.32,19.3,46.3,5737.42
2023-05-13,FRA-Core-01,9926.84,4484.39,1.22,24.4,46.6,4169.27
2023-05-13,MUM-Zone-A,7968.78,4127.53,1.69,24.2,51.1,3346.89
2023-05-13,LHR-Core-02,13893.22,4300.95,1.25,19.9,51.9,5835.15
2023-05-14,DXB-Core-01,8512.08,4517.28,1.29,24.0,54.3,3575.07
2023-05-14,DXB-Edge-02,7130.72,4243.6,1.84,24.6,52.8,2994.9
2023-05-14,SIN-Core-01,10049.9,5382.08,1.31,21.8,52.7,4220.96
2023-05-14,FRA-Core-01,13691.05,6715.31,1.25,23.1,51.7,5750.24
2023-05-14,MUM-Zone-A,7266.98,4048.81,1.7,22.9,48.3,3052.13
2023-05-14,LHR-Core-02,14732.78,4978.21,1.25,20.9,51.2,6187.77
2023-05-15,DXB-Core-01,8485.1,4411.04,1.34,21.0,47.7,3563.74
2023-05-15,DXB-Edge-02,5202.95,1795.15,1.48,20.3,52.5,2185.24
2023-05-15,SIN-Core-01,8611.83,4159.93,1.34,20.4,47.0,3616.97
2023-05-15,FRA-Core-01,9350.3,4013.33,1.3,19.2,48.4,3927.13
2023-05-15,MUM-Zone-A,12682.7,4712.09,1.71,21.7,53.8,5326.73
2023-05-15,LHR-Core-02,10634.46,4288.47,1.21,20.9,50.2,4466.47
2023-05-16,DXB-Core-01,14083.77,7273.39,1.21,20.7,52.8,5915.18
2023-05-16,DXB-Edge-02,6931.68,2899.85,1.57,24.3,49.9,2911.31
2023-05-16,SIN-Core-01,6208.4,3654.17,1.22,21.8,50.2,2607.53
2023-05-16,FRA-Core-01,13463.68,4273.17,1.2,24.8,52.0,5654.75
2023-05-16,MUM-Zone-A,6874.33,3887.34,1.67,22.8,51.6,2887.22
2023-05-16,LHR-Core-02,12463.5,4213.03,1.29,33.0,45.2,5234.67
2023-05-17,DXB-Core-01,8280.38,4270.16,1.21,21.0,54.2,3477.76
2023-05-17,DXB-Edge-02,5721.79,3427.18,1.5,23.0,46.1,2403.15
2023-05-17,SIN-Core-01,9722.53,4945.18,1.27,20.0,53.5,4083.46
2023-05-17,FRA-Core-01,10694.85,4683.55,1.23,22.6,45.1,4491.84
2023-05-17,MUM-Zone-A,13781.48,7764.08,1.75,20.5,54.7,5788.22
2023-05-17,LHR-Core-02,14975.91,4542.72,1.34,23.8,49.1,6289.88
2023-05-18,DXB-Core-01,7363.52,3042.3,1.21,20.5,52.9,3092.68
2023-05-18,DXB-Edge-02,9444.34,3343.39,1.49,22.5,50.9,3966.62
2023-05-18,SIN-Core-01,9984.17,5232.98,1.22,21.0,52.4,4193.35
2023-05-18,FRA-Core-01,9745.84,3524.97,1.24,23.3,47.3,4093.25
2023-05-18,MUM-Zone-A,13470.56,7436.22,1.57,20.5,53.1,5657.64
2023-05-18,LHR-Core-02,10807.55,5341.7,1.34,23.9,53.1,4539.17
2023-05-19,DXB-Core-01,13964.95,7773.34,1.35,24.4,52.9,5865.28
2023-05-19,DXB-Edge-02,9893.14,4091.64,1.47,21.0,46.5,4155.12
2023-05-19,SIN-Core-01,9756.7,5018.67,1.25,24.8,48.0,4097.81
2023-05-19,FRA-Core-01,13786.4,5079.77,1.29,21.2,53.5,5790.29
2023-05-19,MUM-Zone-A,13665.36,6877.24,1.63,21.3,54.0,5739.45
2023-05-19,LHR-Core-02,10611.96,4907.59,1.32,20.1,52.5,4457.02
2023-05-20,DXB-Core-01,9469.5,4361.52,1.34,29.7,51.4,3977.19
2023-05-20,DXB-Edge-02,11494.85,4396.0,1.71,21.5,54.7,4827.84
2023-05-20,SIN-Core-01,10597.95,5620.01,1.29,19.1,47.7,4451.14
2023-05-20,FRA-Core-01,11358.44,4241.89,1.25,20.7,50.5,4770.54
2023-05-20,MUM-Zone-A,13324.82,4124.28,1.62,21.3,47.5,5596.43
2023-05-20,LHR-Core-02,5299.64,1911.49,1.3,23.8,47.7,2225.85
2023-05-21,DXB-Core-01,11415.49,5071.16,1.2,23.0,54.0,4794.51
2023-05-21,DXB-Edge-02,11008.04,3434.67,1.58,21.8,50.1,4623.38
2023-05-21,SIN-Core-01,13652.53,7676.72,1.2,20.4,48.0,5734.06
2023-05-21,FRA-Core-01,5466.75,2230.58,1.28,19.6,52.4,2296.04
2023-05-21,MUM-Zone-A,8518.46,2713.43,1.68,19.0,52.0,3577.75
2023-05-21,LHR-Core-02,11105.17,3567.65,1.3,24.7,53.8,4664.17
2023-05-22,DXB-Core-01,14552.94,8668.87,1.27,19.7,53.7,6112.24
2023-05-22,DXB-Edge-02,14030.61,5900.81,1.67,21.2,46.5,5892.86
2023-05-22,SIN-Core-01,14936.66,5712.7,1.34,24.8,52.0,6273.4
2023-05-22,FRA-Core-01,5942.37,2005.49,1.24,20.1,46.9,2495.8
2023-05-22,MUM-Zone-A,5433.6,1717.5,1.59,23.9,53.0,2282.11
2023-05-22,LHR-Core-02,7593.39,3513.6,1.33,20.9,52.7,3189.23
2023-05-23,DXB-Core-01,10540.51,3363.19,1.24,21.6,46.3,4427.01
2023-05-23,DXB-Edge-02,14253.91,5591.01,1.73,22.7,52.5,5986.64
2023-05-23,SIN-Core-01,9121.61,4327.93,1.28,24.8,53.1,3831.08
2023-05-23,FRA-Core-01,14009.59,5235.74,1.25,19.9,49.3,5884.03
2023-05-23,MUM-Zone-A,5093.36,2692.26,1.61,20.0,50.0,2139.21
2023-05-23,LHR-Core-02,14742.5,7291.75,1.2,21.1,53.8,6191.85
2023-05-24,DXB-Core-01,13498.09,5367.5,1.32,20.1,54.1,5669.2
2023-05-24,DXB-Edge-02,8998.69,3153.82,1.83,24.5,53.4,3779.45
2023-05-24,SIN-Core-01,6058.38,3299.04,1.26,23.9,52.4,2544.52
2023-05-24,FRA-Core-01,8275.58,2561.51,1.29,23.5,50.9,3475.75
2023-05-24,MUM-Zone-A,12235.29,6208.52,1.6,20.3,46.3,5138.82
2023-05-24,LHR-Core-02,8715.5,4699.34,1.21,23.5,53.3,3660.51
2023-05-25,DXB-Core-01,9270.97,3419.34,1.29,24.2,49.8,3893.81
2023-05-25,DXB-Edge-02,8516.2,3756.84,1.73,22.4,52.7,3576.8
2023-05-25,SIN-Core-01,6673.24,3121.38,1.21,19.0,53.1,2802.76
2023-05-25,FRA-Core-01,12443.58,7281.9,1.3,22.6,49.1,5226.3
2023-05-25,MUM-Zone-A,6118.43,1839.05,1.72,24.2,49.1,2569.74
2023-05-25,LHR-Core-02,13112.34,4074.79,1.2,22.8,46.6,5507.18
2023-05-26,DXB-Core-01,7203.56,3772.65,1.28,20.9,53.1,3025.5
2023-05-26,DXB-Edge-02,13059.85,4410.05,1.6,20.9,54.2,5485.14
2023-05-26,SIN-Core-01,12656.33,5522.27,1.31,28.6,46.4,5315.66
2023-05-26,FRA-Core-01,13356.49,5950.18,1.3,23.0,48.2,5609.72
2023-05-26,MUM-Zone-A,11752.38,5144.22,1.58,20.9,50.0,4936.0
2023-05-26,LHR-Core-02,13077.47,5429.06,1.31,32.8,48.1,5492.54
2023-05-27,DXB-Core-01,12360.47,6516.73,1.19,23.4,53.3,5191.4
2023-05-27,DXB-Edge-02,10893.65,5149.78,1.72,24.3,54.9,4575.33
2023-05-27,SIN-Core-01,7240.12,2963.32,1.31,23.2,49.6,3040.85
2023-05-27,FRA-Core-01,12891.79,5752.83,1.23,23.6,45.9,5414.55
2023-05-27,MUM-Zone-A,8150.14,2484.99,1.71,24.5,50.9,3423.06
2023-05-27,LHR-Core-02,14845.32,5188.16,1.26,20.1,53.1,6235.03
2023-05-28,DXB-Core-01,9139.53,2818.72,1.32,19.3,45.6,3838.6
2023-05-28,DXB-Edge-02,9936.88,5538.14,1.78,23.4,48.8,4173.49
2023-05-28,SIN-Core-01,8350.21,2845.35,1.18,24.2,47.5,3507.09
2023-05-28,FRA-Core-01,6274.21,2970.47,1.33,22.5,49.0,2635.17
2023-05-28,MUM-Zone-A,6166.31,1898.37,1.72,21.6,52.8,2589.85
2023-05-28,LHR-Core-02,8028.57,4349.57,1.32,19.8,49.6,3372.0
2023-05-29,DXB-Core-01,14634.24,6200.42,1.22,21.9,46.5,6146.38
2023-05-29,DXB-Edge-02,8622.64,2846.65,1.57,23.8,46.0,3621.51
2023-05-29,SIN-Core-01,11615.51,5431.57,1.33,24.5,49.6,4878.51
2023-05-29,FRA-Core-01,6244.1,2599.67,1.32,23.3,48.2,2622.52
2023-05-29,MUM-Zone-A,12637.26,6719.39,1.78,24.5,46.2,5307.65
2023-05-29,LHR-Core-02,9339.23,5284.7,1.21,21.2,54.6,3922.48
2023-05-30,DXB-Core-01,5268.82,2714.09,1.24,19.8,50.7,2212.9
2023-05-30,DXB-Edge-02,5124.99,2156.37,1.83,21.3,50.2,2152.49
2023-05-30,SIN-Core-01,12977.59,6357.16,1.29,22.6,50.5,5450.59
2023-05-30,FRA-Core-01,7659.47,4358.2,1.29,22.5,49.4,3216.98
2023-05-30,MUM-Zone-A,10057.09,5296.71,1.71,20.9,47.4,4223.98
2023-05-30,LHR-Core-02,9750.92,4897.24,1.21,24.3,48.5,4095.38
2023-05-31,DXB-Core-01,5341.98,2440.22,1.28,19.0,46.5,2243.63
2023-05-31,DXB-Edge-02,12325.95,4393.62,1.49,32.8,47.0,5176.9
2023-05-31,SIN-Core-01,9002.87,4208.5,1.24,23.4,54.3,3781.2
2023-05-31,FRA-Core-01,12442.03,4519.39,1.18,22.8,49.6,5225.65
2023-05-31,MUM-Zone-A,11880.55,5522.93,1.46,20.4,49.5,4989.83
2023-05-31,LHR-Core-02,11474.78,6352.85,1.26,21.0,52.1,4819.41
2023-06-01,DXB-Core-01,14655.4,5921.0,1.18,21.3,47.7,6155.27
2023-06-01,DXB-Edge-02,14840.49,6146.25,1.61,21.1,51.5,6233.01
2023-06-01,SIN-Core-01,14340.65,4768.53,1.31,19.8,51.7,6023.07
2023-06-01,FRA-Core-01,11644.65,6398.91,1.2,22.4,53.7,4890.75
2023-06-01,MUM-Zone-A,5280.98,1946.96,1.82,20.7,52.1,2218.01
2023-06-01,LHR-Core-02,5890.65,3009.09,1.34,22.3,51.8,2474.07
2023-06-02,DXB-Core-01,5461.35,2639.45,1.19,23.6,47.9,2293.77
2023-06-02,DXB-Edge-02,9855.72,4744.24,1.51,20.6,49.7,4139.4
2023-06-02,SIN-Core-01,14135.47,7698.4,1.3,20.3,47.3,5936.9
2023-06-02,FRA-Core-01,6467.0,2969.65,1.28,20.4,54.8,2716.14
2023-06-02,MUM-Zone-A,6969.26,4134.51,1.52,19.1,48.9,2927.09
2023-06-02,LHR-Core-02,6450.92,3486.19,1.32,22.5,53.4,2709.38
2023-06-03,DXB-Core-01,11047.44,4095.59,1.31,24.0,49.2,4639.92
2023-06-03,DXB-Edge-02,12768.99,5108.27,1.61,22.4,48.0,5362.98
2023-06-03,SIN-Core-01,11460.64,4949.62,1.3,24.9,51.3,4813.47
2023-06-03,FRA-Core-01,11597.29,5086.7,1.34,21.1,50.4,4870.86
2023-06-03,MUM-Zone-A,11698.7,6012.95,1.47,22.6,47.8,4913.45
2023-06-03,LHR-Core-02,8819.96,2653.72,1.32,20.5,54.9,3704.38
2023-06-04,DXB-Core-01,6227.37,3349.79,1.2,21.4,54.3,2615.49
2023-06-04,DXB-Edge-02,6180.18,3001.49,1.84,22.7,54.7,2595.67
2023-06-04,SIN-Core-01,11848.84,3704.58,1.25,23.9,54.4,4976.51
2023-06-04,FRA-Core-01,9490.7,5049.45,1.35,22.2,51.6,3986.09
2023-06-04,MUM-Zone-A,6580.36,3597.15,1.57,24.5,47.3,2763.75
2023-06-04,LHR-Core-02,7349.16,4099.63,1.24,22.8,53.5,3086.65
2023-06-05,DXB-Core-01,7546.98,4218.51,1.34,19.7,48.2,3169.73
2023-06-05,DXB-Edge-02,6673.95,3436.22,1.8,21.7,49.7,2803.06
2023-06-05,SIN-Core-01,14472.01,4818.73,1.31,25.0,49.5,6078.24
2023-06-05,FRA-Core-01,9317.69,5364.16,1.22,19.6,46.1,3913.43
2023-06-05,MUM-Zone-A,12424.73,6977.57,1.74,21.7,49.5,5218.39
2023-06-05,LHR-Core-02,9347.57,4719.54,1.26,21.9,54.1,3925.98
2023-06-06,DXB-Core-01,10716.38,6146.72,1.34,20.6,46.2,4500.88
2023-06-06,DXB-Edge-02,13836.89,4424.31,1.72,20.9,46.7,5811.49
2023-06-06,SIN-Core-01,9942.88,4035.13,1.19,21.6,45.1,4176.01
2023-06-06,FRA-Core-01,8449.23,3942.79,1.31,19.8,49.4,3548.68
2023-06-06,MUM-Zone-A,5190.41,2212.12,1.66,24.9,45.6,2179.97
2023-06-06,LHR-Core-02,9470.35,3910.41,1.29,20.9,50.9,3977.55
2023-06-07,DXB-Core-01,10457.82,4909.17,1.26,24.2,49.1,4392.29
2023-06-07,DXB-Edge-02,5241.9,3025.56,1.67,29.7,48.2,2201.6
2023-06-07,SIN-Core-01,11713.1,5615.9,1.26,23.1,49.3,4919.5
2023-06-07,FRA-Core-01,6549.02,3602.91,1.29,24.0,54.4,2750.59
2023-06-07,MUM-Zone-A,8279.33,3853.61,1.54,25.0,49.8,3477.32
2023-06-07,LHR-Core-02,10174.82,5849.89,1.25,24.2,51.6,4273.42
2023-06-08,DXB-Core-01,12670.54,7575.49,1.18,20.6,46.0,5321.63
2023-06-08,DXB-Edge-02,6369.74,2294.73,1.49,23.2,52.3,2675.29
2023-06-08,SIN-Core-01,6930.91,2199.84,1.33,22.8,46.7,2910.98
2023-06-08,FRA-Core-01,13079.95,7465.43,1.23,22.5,54.4,5493.58
2023-06-08,MUM-Zone-A,12594.28,7141.95,1.78,19.8,53.6,5289.6
2023-06-08,LHR-Core-02,12104.56,5849.76,1.32,23.7,45.8,5083.92
2023-06-09,DXB-Core-01,5386.81,3111.41,1.32,19.0,46.3,2262.46
2023-06-09,DXB-Edge-02,9163.43,2787.77,1.77,21.9,46.3,3848.64
2023-06-09,SIN-Core-01,13638.26,8130.27,1.26,19.2,46.8,5728.07
2023-06-09,FRA-Core-01,6147.86,3191.95,1.2,24.8,53.7,2582.1
2023-06-09,MUM-Zone-A,7992.8,4042.9,1.66,21.3,47.6,3356.97
2023-06-09,LHR-Core-02,8432.29,3383.03,1.27,20.5,50.4,3541.56
2023-06-10,DXB-Core-01,9800.94,4941.95,1.3,23.7,50.8,4116.39
2023-06-10,DXB-Edge-02,5626.76,3168.34,1.53,22.7,46.1,2363.24
2023-06-10,SIN-Core-01,9800.34,4218.86,1.33,23.0,50.7,4116.14
2023-06-10,FRA-Core-01,14085.55,8053.94,1.29,23.2,50.5,5915.93
2023-06-10,MUM-Zone-A,9804.78,3037.99,1.49,23.1,53.1,4118.01
2023-06-10,LHR-Core-02,9682.38,3739.96,1.26,24.6,49.0,4066.6
2023-06-11,DXB-Core-01,7026.19,3187.9,1.34,22.0,47.8,2951.0
2023-06-11,DXB-Edge-02,9535.8,5331.08,1.53,19.5,46.5,4005.03
2023-06-11,SIN-Core-01,9485.58,3423.99,1.28,21.1,54.2,3983.94
2023-06-11,FRA-Core-01,13176.09,5947.02,1.25,23.4,48.7,5533.96
2023-06-11,MUM-Zone-A,7440.98,2489.88,1.72,22.3,47.5,3125.21
2023-06-11,LHR-Core-02,8817.33,3814.91,1.32,24.3,52.0,3703.28
2023-06-12,DXB-Core-01,7495.65,3894.4,1.34,20.0,50.9,3148.17
2023-06-12,DXB-Edge-02,12150.4,5382.31,1.62,20.5,51.3,5103.17
2023-06-12,SIN-Core-01,12573.74,3931.9,1.31,20.1,52.6,5280.97
2023-06-12,FRA-Core-01,10227.88,5274.59,1.24,21.0,47.8,4295.71
2023-06-12,MUM-Zone-A,11795.27,5905.62,1.76,24.8,54.9,4954.01
2023-06-12,LHR-Core-02,5864.52,2011.18,1.23,21.7,54.7,2463.1
2023-06-13,DXB-Core-01,14907.95,4556.55,1.28,19.4,54.8,6261.34
2023-06-13,DXB-Edge-02,10231.56,5003.75,1.52,22.8,47.9,4297.26
2023-06-13,SIN-Core-01,7566.31,2897.06,1.18,24.2,48.8,3177.85
2023-06-13,FRA-Core-01,9764.69,3693.7,1.22,24.7,54.1,4101.17
2023-06-13,MUM-Zone-A,7799.91,4487.76,1.48,23.2,53.3,3275.96
2023-06-13,LHR-Core-02,11163.88,4304.66,1.27,21.8,52.7,4688.83
2023-06-14,DXB-Core-01,8709.59,2966.4,1.23,24.4,52.5,3658.03
2023-06-14,DXB-Edge-02,10731.31,4135.21,1.83,33.3,52.5,4507.15
2023-06-14,SIN-Core-01,10362.19,5412.87,1.21,22.2,45.0,4352.12
2023-06-14,FRA-Core-01,11583.88,5284.82,1.3,21.0,53.8,4865.23
2023-06-14,MUM-Zone-A,13702.86,5970.43,1.6,21.3,54.5,5755.2
2023-06-14,LHR-Core-02,9736.18,3362.47,1.2,19.1,48.4,4089.19
2023-06-15,DXB-Core-01,13240.09,7854.77,1.22,24.1,52.5,5560.84
2023-06-15,DXB-Edge-02,14501.95,6433.44,1.51,19.3,51.0,6090.82
2023-06-15,SIN-Core-01,11623.15,5790.94,1.26,24.9,49.5,4881.72
2023-06-15,FRA-Core-01,10997.88,5369.8,1.33,23.4,52.0,4619.11
2023-06-15,MUM-Zone-A,11160.91,6462.97,1.72,21.0,47.4,4687.58
2023-06-15,LHR-Core-02,11248.65,4939.71,1.3,19.8,49.7,4724.43
2023-06-16,DXB-Core-01,9287.72,3082.22,1.34,23.5,48.1,3900.84
2023-06-16,DXB-Edge-02,14414.48,7774.74,1.54,21.9,47.3,6054.08
2023-06-16,SIN-Core-01,6127.33,3222.5,1.19,24.8,45.1,2573.48
2023-06-16,FRA-Core-01,9926.02,3547.07,1.19,24.9,51.0,4168.93
2023-06-16,MUM-Zone-A,12530.82,6415.76,1.74,24.5,49.7,5262.95
2023-06-16,LHR-Core-02,5420.61,2055.25,1.25,22.6,46.1,2276.65
2023-06-17,DXB-Core-01,10307.59,4745.75,1.27,19.7,50.9,4329.19
2023-06-17,DXB-Edge-02,6173.11,1950.12,1.45,20.2,54.9,2592.71
2023-06-17,SIN-Core-01,14920.87,4697.35,1.28,21.7,49.3,6266.77
2023-06-17,FRA-Core-01,9031.11,3750.77,1.2,20.7,45.6,3793.06
2023-06-17,MUM-Zone-A,12903.4,5468.94,1.81,21.2,48.1,5419.43
2023-06-17,LHR-Core-02,6555.16,3354.67,1.21,24.8,51.2,2753.17
2023-06-18,DXB-Core-01,12403.65,6141.15,1.33,23.4,53.8,5209.53
2023-06-18,DXB-Edge-02,10726.17,5465.36,1.82,23.1,50.9,4504.99
2023-06-18,SIN-Core-01,5264.32,1934.55,1.19,23.9,51.7,2211.01
2023-06-18,FRA-Core-01,14476.58,6151.2,1.19,20.3,53.1,6080.16
2023-06-18,MUM-Zone-A,14631.36,7406.34,1.6,20.9,51.0,6145.17
2023-06-18,LHR-Core-02,6715.89,3181.76,1.3,23.4,51.1,2820.67
2023-06-19,DXB-Core-01,11539.54,5009.54,1.29,21.0,48.9,4846.61
2023-06-19,DXB-Edge-02,9076.79,5053.86,1.69,23.6,49.6,3812.25
2023-06-19,SIN-Core-01,7303.12,2934.59,1.32,21.6,50.4,3067.31
2023-06-19,FRA-Core-01,14062.44,6563.27,1.28,23.2,47.3,5906.22
2023-06-19,MUM-Zone-A,5106.67,2652.92,1.73,23.4,46.1,2144.8
2023-06-19,LHR-Core-02,9027.48,4084.74,1.34,21.3,48.0,3791.54
2023-06-20,DXB-Core-01,8527.9,3518.61,1.27,30.0,45.1,3581.72
2023-06-20,DXB-Edge-02,7123.5,2372.43,1.6,23.9,48.9,2991.87
2023-06-20,SIN-Core-01,13524.7,4479.42,1.27,24.2,51.5,5680.38
2023-06-20,FRA-Core-01,6654.58,2685.69,1.22,20.7,53.0,2794.92
2023-06-20,MUM-Zone-A,6227.13,2176.37,1.79,21.9,47.2,2615.39
2023-06-20,LHR-Core-02,9868.41,3600.54,1.31,22.6,52.3,4144.73
2023-06-21,DXB-Core-01,12032.85,7108.66,1.32,23.5,55.0,5053.8
2023-06-21,DXB-Edge-02,7730.62,3971.33,1.5,23.0,51.4,3246.86
2023-06-21,SIN-Core-01,14363.0,7710.67,1.27,23.4,50.5,6032.46
2023-06-21,FRA-Core-01,9665.29,3969.3,1.25,21.5,50.2,4059.42
2023-06-21,MUM-Zone-A,7247.42,3212.61,1.59,23.8,51.6,3043.92
2023-06-21,LHR-Core-02,7670.42,3776.33,1.31,19.3,46.4,3221.58
2023-06-22,DXB-Core-01,7786.66,2571.71,1.33,22.7,53.3,3270.4
2023-06-22,DXB-Edge-02,7180.18,4142.53,1.73,21.9,47.8,3015.68
2023-06-22,SIN-Core-01,7552.23,3889.27,1.27,22.9,54.1,3171.94
2023-06-22,FRA-Core-01,5059.62,2301.41,1.28,22.2,48.9,2125.04
2023-06-22,MUM-Zone-A,6967.0,4160.76,1.76,23.2,54.4,2926.14
2023-06-22,LHR-Core-02,8483.9,2733.08,1.22,19.3,45.8,3563.24
2023-06-23,DXB-Core-01,6820.81,3676.86,1.34,22.4,48.7,2864.74
2023-06-23,DXB-Edge-02,13963.11,5751.15,1.56,23.3,50.6,5864.51
2023-06-23,SIN-Core-01,8651.29,5076.64,1.31,20.1,45.2,3633.54
2023-06-23,FRA-Core-01,12322.25,5788.47,1.24,24.6,53.6,5175.35
2023-06-23,MUM-Zone-A,8827.3,4944.1,1.74,20.4,46.6,3707.47
2023-06-23,LHR-Core-02,14421.36,7474.31,1.27,19.7,49.3,6056.97
2023-06-24,DXB-Core-01,13369.36,6026.08,1.32,21.5,48.0,5615.13
2023-06-24,DXB-Edge-02,13458.57,4765.37,1.68,22.8,54.2,5652.6
2023-06-24,SIN-Core-01,9534.76,4521.34,1.26,21.1,52.3,4004.6
2023-06-24,FRA-Core-01,14389.07,6602.2,1.3,20.0,50.4,6043.41
2023-06-24,MUM-Zone-A,13962.23,4273.68,1.81,23.7,45.9,5864.14
2023-06-24,LHR-Core-02,7219.99,3435.23,1.32,25.0,46.7,3032.4
2023-06-25,DXB-Core-01,5382.65,1791.83,1.28,21.9,51.9,2260.71
2023-06-25,DXB-Edge-02,11505.27,6005.55,1.79,23.6,45.8,4832.21
2023-06-25,SIN-Core-01,7436.3,2387.49,1.26,22.5,54.5,3123.25
2023-06-25,FRA-Core-01,10728.94,6285.0,1.22,22.0,49.3,4506.16
2023-06-25,MUM-Zone-A,7242.98,4228.53,1.75,20.9,48.7,3042.05
2023-06-25,LHR-Core-02,14107.46,5733.56,1.19,21.2,48.6,5925.13
2023-06-26,DXB-Core-01,9239.88,4923.53,1.21,19.1,52.4,3880.75
2023-06-26,DXB-Edge-02,5790.63,3166.42,1.47,23.8,52.0,2432.06
2023-06-26,SIN-Core-01,14639.48,7346.13,1.25,23.4,53.9,6148.58
2023-06-26,FRA-Core-01,8397.55,3544.38,1.35,24.9,50.1,3526.97
2023-06-26,MUM-Zone-A,8353.22,2629.62,1.56,20.5,48.2,3508.35
2023-06-26,LHR-Core-02,8183.78,4778.73,1.29,23.5,54.9,3437.19
2023-06-27,DXB-Core-01,12146.32,5134.57,1.23,20.1,52.0,5101.46
2023-06-27,DXB-Edge-02,6585.86,2759.69,1.62,19.3,51.6,2766.06
2023-06-27,SIN-Core-01,14709.69,6200.79,1.29,21.1,54.4,6178.07
2023-06-27,FRA-Core-01,14016.93,8285.83,1.25,23.9,53.5,5887.11
2023-06-27,MUM-Zone-A,14626.74,7546.08,1.5,19.9,45.8,6143.23
2023-06-27,LHR-Core-02,14047.18,6488.46,1.23,19.8,48.7,5899.82
2023-06-28,DXB-Core-01,12041.23,6638.67,1.23,21.3,50.4,5057.32
2023-06-28,DXB-Edge-02,12977.53,6549.55,1.78,22.7,51.4,5450.56
2023-06-28,SIN-Core-01,13503.54,4630.88,1.23,22.9,49.9,5671.49
2023-06-28,FRA-Core-01,7544.89,3355.59,1.33,20.3,50.4,3168.85
2023-06-28,MUM-Zone-A,13488.55,6203.64,1.57,21.7,49.5,5665.19
2023-06-28,LHR-Core-02,8880.24,4093.14,1.28,24.8,52.9,3729.7
2023-06-29,DXB-Core-01,10871.0,4080.69,1.31,23.0,46.7,4565.82
2023-06-29,DXB-Edge-02,11177.53,5341.77,1.8,19.9,51.5,4694.56
2023-06-29,SIN-Core-01,6779.79,3184.06,1.27,19.9,53.6,2847.51
2023-06-29,FRA-Core-01,8835.99,2959.45,1.19,30.2,46.1,3711.12
2023-06-29,MUM-Zone-A,7393.85,3627.09,1.57,24.9,48.3,3105.42
2023-06-29,LHR-Core-02,14276.25,8294.95,1.23,21.9,48.7,5996.03
2023-06-30,DXB-Core-01,6229.86,2050.1,1.35,19.6,46.2,2616.54
2023-06-30,DXB-Edge-02,11875.23,4574.99,1.81,22.8,45.3,4987.6
2023-06-30,SIN-Core-01,8334.11,3377.22,1.23,28.3,49.4,3500.33
2023-06-30,FRA-Core-01,6454.18,3218.04,1.23,22.0,46.4,2710.75
2023-06-30,MUM-Zone-A,6853.56,2875.49,1.7,23.6,49.5,2878.5
2023-06-30,LHR-Core-02,5906.07,2470.89,1.22,31.1,53.0,2480.55
2023-07-01,DXB-Core-01,10218.21,4943.09,1.24,20.6,46.1,4291.65
2023-07-01,DXB-Edge-02,10003.15,5883.81,1.56,22.7,54.1,4201.32
2023-07-01,SIN-Core-01,11706.86,6612.28,1.31,22.4,53.0,4916.88
2023-07-01,FRA-Core-01,5584.81,2639.71,1.29,21.9,54.3,2345.62
2023-07-01,MUM-Zone-A,7636.55,4356.45,1.47,24.6,48.3,3207.35
2023-07-01,LHR-Core-02,14662.57,7668.02,1.27,20.3,52.0,6158.28
2023-07-02,DXB-Core-01,14012.53,7685.71,1.21,20.9,54.5,5885.26
2023-07-02,DXB-Edge-02,10076.77,3497.26,1.58,23.0,49.0,4232.24
2023-07-02,SIN-Core-01,12610.06,7174.5,1.28,22.4,45.3,5296.22
2023-07-02,FRA-Core-01,12753.81,4823.99,1.24,24.0,51.1,5356.6
2023-07-02,MUM-Zone-A,13584.5,4882.51,1.78,23.4,50.3,5705.49
2023-07-02,LHR-Core-02,14299.39,4440.75,1.26,20.8,50.2,6005.74
2023-07-03,DXB-Core-01,8143.45,4438.75,1.33,24.7,47.1,3420.25
2023-07-03,DXB-Edge-02,8009.03,3802.86,1.5,23.5,47.0,3363.79
2023-07-03,SIN-Core-01,5197.3,2991.66,1.23,20.8,54.6,2182.86
2023-07-03,FRA-Core-01,6241.89,2150.99,1.31,24.2,53.2,2621.59
2023-07-03,MUM-Zone-A,7457.81,2270.13,1.68,22.6,51.8,3132.28
2023-07-03,LHR-Core-02,7900.9,4680.34,1.3,23.0,50.9,3318.38
2023-07-04,DXB-Core-01,13137.33,4464.15,1.24,21.3,48.8,5517.68
2023-07-04,DXB-Edge-02,8400.12,4200.98,1.47,21.0,52.0,3528.05
2023-07-04,SIN-Core-01,8852.86,4263.46,1.27,23.7,51.2,3718.2
2023-07-04,FRA-Core-01,11820.16,6387.95,1.34,19.8,49.3,4964.47
2023-07-04,MUM-Zone-A,14827.85,7562.59,1.54,24.9,45.7,6227.7
2023-07-04,LHR-Core-02,11725.51,4341.16,1.22,28.9,50.7,4924.71
2023-07-05,DXB-Core-01,7632.79,3860.42,1.24,23.4,50.2,3205.77
2023-07-05,DXB-Edge-02,6375.09,3815.85,1.53,22.6,45.4,2677.54
2023-07-05,SIN-Core-01,9353.61,5242.1,1.2,22.7,46.4,3928.52
2023-07-05,FRA-Core-01,8599.25,4211.87,1.2,21.8,54.9,3611.69
2023-07-05,MUM-Zone-A,6335.62,3218.63,1.58,21.9,51.4,2660.96
2023-07-05,LHR-Core-02,5376.57,2238.82,1.3,21.0,51.4,2258.16
2023-07-06,DXB-Core-01,9398.87,4982.54,1.22,19.5,45.9,3947.53
2023-07-06,DXB-Edge-02,6525.68,2109.88,1.59,19.7,46.8,2740.79
2023-07-06,SIN-Core-01,12975.34,7569.0,1.19,23.5,48.8,5449.64
2023-07-06,FRA-Core-01,10334.23,6011.63,1.31,24.5,47.0,4340.38
2023-07-06,MUM-Zone-A,5031.81,2440.22,1.46,20.9,51.6,2113.36
2023-07-06,LHR-Core-02,14365.6,6531.75,1.35,24.2,48.9,6033.55
2023-07-07,DXB-Core-01,9628.72,3679.31,1.25,24.6,53.8,4044.06
2023-07-07,DXB-Edge-02,8661.84,3025.48,1.61,21.6,48.0,3637.97
2023-07-07,SIN-Core-01,10975.91,3760.76,1.26,19.0,45.2,4609.88
2023-07-07,FRA-Core-01,5520.74,2959.39,1.32,22.8,50.1,2318.71
2023-07-07,MUM-Zone-A,8486.29,3487.97,1.82,20.4,49.7,3564.24
2023-07-07,LHR-Core-02,13851.65,4997.69,1.22,20.5,53.3,5817.69
2023-07-08,DXB-Core-01,12635.57,5301.73,1.25,19.3,46.2,5306.94
2023-07-08,DXB-Edge-02,9732.6,4061.86,1.56,24.5,53.8,4087.69
2023-07-08,SIN-Core-01,8946.41,3510.42,1.35,24.0,50.9,3757.49
2023-07-08,FRA-Core-01,7167.22,3966.61,1.34,22.6,52.3,3010.23
2023-07-08,MUM-Zone-A,7105.87,2246.4,1.45,22.2,45.9,2984.46
2023-07-08,LHR-Core-02,11870.45,4102.29,1.28,22.0,54.6,4985.59
2023-07-09,DXB-Core-01,13548.05,5941.04,1.22,21.6,49.7,5690.18
2023-07-09,DXB-Edge-02,5828.48,2917.87,1.57,19.4,47.4,2447.96
2023-07-09,SIN-Core-01,6848.38,3157.51,1.27,24.1,53.9,2876.32
2023-07-09,FRA-Core-01,8687.36,3614.84,1.28,19.1,46.2,3648.69
2023-07-09,MUM-Zone-A,5114.95,2892.34,1.68,19.5,53.5,2148.28
2023-07-09,LHR-Core-02,5778.2,2691.31,1.35,24.9,50.6,2426.84
2023-07-10,DXB-Core-01,7338.06,2696.19,1.3,24.5,48.2,3081.99
2023-07-10,DXB-Edge-02,12716.89,7110.07,1.61,22.2,51.4,5341.09
2023-07-10,SIN-Core-01,9309.88,3093.07,1.35,22.6,48.0,3910.15
2023-07-10,FRA-Core-01,9486.1,4979.03,1.27,20.5,47.5,3984.16
2023-07-10,MUM-Zone-A,7533.51,3273.45,1.68,24.8,49.8,3164.07
2023-07-10,LHR-Core-02,6427.8,3321.02,1.23,20.0,54.3,2699.67
2023-07-11,DXB-Core-01,13106.91,6687.57,1.24,20.2,45.6,5504.9
2023-07-11,DXB-Edge-02,11134.41,4089.08,1.69,24.6,52.8,4676.45
2023-07-11,SIN-Core-01,5213.18,2416.42,1.2,20.3,52.5,2189.53
2023-07-11,FRA-Core-01,13470.97,4196.86,1.25,24.8,48.2,5657.81
2023-07-11,MUM-Zone-A,5851.77,1963.78,1.48,19.9,52.4,2457.75
2023-07-11,LHR-Core-02,13744.68,4780.6,1.3,23.4,48.7,5772.76
2023-07-12,DXB-Core-01,6890.49,2489.51,1.27,22.5,46.7,2894.0
2023-07-12,DXB-Edge-02,12345.13,4776.35,1.77,21.9,48.3,5184.95
2023-07-12,SIN-Core-01,5320.44,2031.13,1.34,21.3,50.8,2234.58
2023-07-12,FRA-Core-01,13384.28,4732.51,1.3,20.5,52.3,5621.4
2023-07-12,MUM-Zone-A,7127.21,2792.71,1.46,21.9,54.4,2993.43
2023-07-12,LHR-Core-02,14041.0,8176.1,1.19,19.2,53.8,5897.22
2023-07-13,DXB-Core-01,13788.58,4501.48,1.21,19.9,54.8,5791.2
2023-07-13,DXB-Edge-02,11076.63,4418.67,1.68,21.9,50.0,4652.19
2023-07-13,SIN-Core-01,7658.62,2967.76,1.34,19.7,47.8,3216.62
2023-07-13,FRA-Core-01,10038.6,5037.05,1.25,20.4,53.7,4216.21
2023-07-13,MUM-Zone-A,6098.29,2503.1,1.83,20.6,54.6,2561.28
2023-07-13,LHR-Core-02,14635.93,5499.75,1.21,23.7,53.1,6147.09
2023-07-14,DXB-Core-01,12307.14,6214.66,1.31,24.5,48.9,5169.0
2023-07-14,DXB-Edge-02,13391.07,6376.67,1.51,24.0,54.5,5624.25
2023-07-14,SIN-Core-01,7971.47,3423.47,1.32,20.5,54.6,3348.02
2023-07-14,FRA-Core-01,13934.1,6131.68,1.29,19.2,49.7,5852.32
2023-07-14,MUM-Zone-A,10160.62,3481.78,1.67,22.7,52.2,4267.46
2023-07-14,LHR-Core-02,6702.53,2116.27,1.31,23.7,54.3,2815.06
2023-07-15,DXB-Core-01,5360.03,1836.82,1.29,20.3,48.9,2251.21
2023-07-15,DXB-Edge-02,11759.82,3867.84,1.73,19.5,49.5,4939.12
2023-07-15,SIN-Core-01,6070.82,2062.13,1.23,22.0,49.7,2549.74
2023-07-15,FRA-Core-01,9787.79,3320.6,1.21,23.0,46.7,4110.87
2023-07-15,MUM-Zone-A,10714.85,5295.37,1.7,24.2,50.6,4500.24
2023-07-15,LHR-Core-02,11059.22,3832.66,1.25,19.5,54.4,4644.87
2023-07-16,DXB-Core-01,11700.4,6235.87,1.18,24.2,49.8,4914.17
2023-07-16,DXB-Edge-02,11354.83,3886.45,1.54,20.0,50.0,4769.03
2023-07-16,SIN-Core-01,13254.1,5905.32,1.28,21.5,49.8,5566.72
2023-07-16,FRA-Core-01,14462.27,8636.15,1.32,29.6,49.7,6074.15
2023-07-16,MUM-Zone-A,9355.25,3568.14,1.84,23.2,50.1,3929.2
2023-07-16,LHR-Core-02,14952.49,4545.18,1.22,22.0,52.2,6280.05
2023-07-17,DXB-Core-01,14291.8,7219.31,1.31,20.5,54.6,6002.56
2023-07-17,DXB-Edge-02,13320.58,5576.62,1.77,20.3,51.5,5594.64
2023-07-17,SIN-Core-01,14162.13,5764.81,1.35,24.6,48.7,5948.09
2023-07-17,FRA-Core-01,6169.82,3259.76,1.26,21.2,50.8,2591.33
2023-07-17,MUM-Zone-A,8733.42,3399.05,1.45,25.0,47.3,3668.04
2023-07-17,LHR-Core-02,14107.51,5910.19,1.3,24.8,45.7,5925.16
2023-07-18,DXB-Core-01,13290.61,4407.58,1.32,22.3,45.1,5582.06
2023-07-18,DXB-Edge-02,9989.56,4083.16,1.53,20.8,49.6,4195.61
2023-07-18,SIN-Core-01,14376.6,8213.81,1.2,23.2,54.7,6038.17
2023-07-18,FRA-Core-01,14179.7,7989.9,1.31,21.4,53.8,5955.47
2023-07-18,MUM-Zone-A,11015.23,6371.07,1.79,20.3,51.6,4626.4
2023-07-18,LHR-Core-02,12948.33,6149.04,1.24,22.8,46.3,5438.3
2023-07-19,DXB-Core-01,5548.64,2208.83,1.2,19.2,51.1,2330.43
2023-07-19,DXB-Edge-02,11590.22,4978.16,1.5,23.1,53.3,4867.89
2023-07-19,SIN-Core-01,9477.91,3911.31,1.32,20.5,52.1,3980.72
2023-07-19,FRA-Core-01,11334.01,4782.97,1.22,20.2,49.5,4760.28
2023-07-19,MUM-Zone-A,6320.77,2386.13,1.48,23.9,51.8,2654.72
2023-07-19,LHR-Core-02,9943.18,3240.94,1.34,24.6,53.3,4176.14
2023-07-20,DXB-Core-01,6529.64,3777.73,1.34,21.5,46.0,2742.45
2023-07-20,DXB-Edge-02,11539.21,3660.77,1.62,21.3,52.7,4846.47
2023-07-20,SIN-Core-01,13916.85,7676.35,1.35,20.9,52.1,5845.08
2023-07-20,FRA-Core-01,8169.86,3093.29,1.19,24.2,51.8,3431.34
2023-07-20,MUM-Zone-A,9784.8,5605.72,1.77,24.0,53.0,4109.62
2023-07-20,LHR-Core-02,11223.43,5295.52,1.28,24.2,52.4,4713.84
2023-07-21,DXB-Core-01,10325.67,3536.42,1.24,24.3,50.3,4336.78
2023-07-21,DXB-Edge-02,9363.44,4754.83,1.49,21.9,49.5,3932.65
2023-07-21,SIN-Core-01,10150.07,4784.04,1.24,24.2,54.4,4263.03
2023-07-21,FRA-Core-01,10140.43,5317.09,1.24,23.3,47.7,4258.98
2023-07-21,MUM-Zone-A,13783.57,7689.79,1.56,20.4,51.3,5789.1
2023-07-21,LHR-Core-02,10913.16,3835.9,1.24,25.0,51.4,4583.53
2023-07-22,DXB-Core-01,8996.49,5149.37,1.24,24.4,52.8,3778.53
2023-07-22,DXB-Edge-02,6284.22,3482.81,1.55,24.7,50.3,2639.37
2023-07-22,SIN-Core-01,13846.6,6341.51,1.33,21.1,54.2,5815.57
2023-07-22,FRA-Core-01,11124.57,3689.34,1.21,21.9,52.3,4672.32
2023-07-22,MUM-Zone-A,13401.59,6171.61,1.6,23.3,45.1,5628.67
2023-07-22,LHR-Core-02,9130.97,4241.12,1.32,23.1,47.8,3835.01
2023-07-23,DXB-Core-01,8417.6,3232.35,1.23,22.5,46.3,3535.39
2023-07-23,DXB-Edge-02,10508.45,4736.55,1.8,22.4,52.3,4413.55
2023-07-23,SIN-Core-01,11096.08,4822.71,1.24,24.5,48.0,4660.35
2023-07-23,FRA-Core-01,12114.06,6534.18,1.3,31.7,50.5,5087.91
2023-07-23,MUM-Zone-A,7613.09,4263.22,1.57,19.6,46.6,3197.5
2023-07-23,LHR-Core-02,8296.53,2512.87,1.32,20.7,49.9,3484.54
2023-07-24,DXB-Core-01,8576.48,3967.36,1.3,19.4,45.8,3602.12
2023-07-24,DXB-Edge-02,14804.92,8549.82,1.52,19.6,54.5,6218.07
2023-07-24,SIN-Core-01,6799.04,2403.35,1.18,23.6,46.1,2855.6
2023-07-24,FRA-Core-01,13831.55,8262.79,1.19,33.0,54.1,5809.25
2023-07-24,MUM-Zone-A,10163.39,4867.09,1.5,19.0,49.2,4268.62
2023-07-24,LHR-Core-02,7296.43,3248.79,1.31,29.6,46.5,3064.5
2023-07-25,DXB-Core-01,12040.7,5388.97,1.22,24.7,48.1,5057.09
2023-07-25,DXB-Edge-02,6061.8,2190.7,1.79,22.2,52.2,2545.96
2023-07-25,SIN-Core-01,7845.45,3953.51,1.31,23.6,48.4,3295.09
2023-07-25,FRA-Core-01,10132.57,3601.33,1.32,19.0,54.9,4255.68
2023-07-25,MUM-Zone-A,14164.26,4995.14,1.82,22.2,49.9,5948.99
2023-07-25,LHR-Core-02,8874.55,5005.07,1.34,19.2,46.0,3727.31
2023-07-26,DXB-Core-01,7517.76,4409.8,1.23,20.1,45.6,3157.46
2023-07-26,DXB-Edge-02,10424.81,3351.54,1.58,24.4,51.5,4378.42
2023-07-26,SIN-Core-01,11526.25,4122.51,1.28,22.5,50.6,4841.03
2023-07-26,FRA-Core-01,5481.45,1678.26,1.22,21.7,46.3,2302.21
2023-07-26,MUM-Zone-A,5284.21,1733.3,1.77,21.4,45.6,2219.37
2023-07-26,LHR-Core-02,5789.92,3426.16,1.19,22.4,54.7,2431.77
2023-07-27,DXB-Core-01,7319.76,3103.41,1.22,19.7,52.1,3074.3
2023-07-27,DXB-Edge-02,9306.2,4972.42,1.56,22.4,54.1,3908.6
2023-07-27,SIN-Core-01,5590.06,2316.82,1.26,21.4,45.6,2347.82
2023-07-27,FRA-Core-01,13223.42,7000.83,1.23,20.7,45.4,5553.83
2023-07-27,MUM-Zone-A,8439.25,4328.34,1.49,21.2,47.6,3544.49
2023-07-27,LHR-Core-02,14059.63,5254.74,1.35,23.7,48.9,5905.05
2023-07-28,DXB-Core-01,11378.74,3869.26,1.34,22.3,49.6,4779.07
2023-07-28,DXB-Edge-02,11032.22,5218.89,1.53,22.4,46.6,4633.53
2023-07-28,SIN-Core-01,6099.42,3472.36,1.21,22.5,49.2,2561.76
2023-07-28,FRA-Core-01,13808.4,5240.83,1.27,23.6,54.9,5799.53
2023-07-28,MUM-Zone-A,13507.14,6358.06,1.51,22.5,51.8,5673.0
2023-07-28,LHR-Core-02,8869.92,3933.97,1.32,22.3,50.9,3725.37
2023-07-29,DXB-Core-01,5119.23,2445.07,1.27,21.0,50.3,2150.08
2023-07-29,DXB-Edge-02,13840.63,7252.05,1.82,24.2,48.8,5813.07
2023-07-29,SIN-Core-01,13439.29,5072.75,1.18,19.7,46.8,5644.5
2023-07-29,FRA-Core-01,13492.27,4770.78,1.25,23.9,48.5,5666.75
2023-07-29,MUM-Zone-A,11630.96,4816.77,1.82,21.9,48.3,4885.0
2023-07-29,LHR-Core-02,10812.84,4390.79,1.27,23.6,52.3,4541.39
2023-07-30,DXB-Core-01,12843.91,5339.76,1.2,19.5,50.3,5394.44
2023-07-30,DXB-Edge-02,5311.2,2936.15,1.66,24.3,47.0,2230.71
2023-07-30,SIN-Core-01,5362.69,2804.61,1.25,23.2,51.3,2252.33
2023-07-30,FRA-Core-01,8997.89,5025.76,1.28,22.0,49.8,3779.12
2023-07-30,MUM-Zone-A,5266.28,1634.12,1.7,19.7,50.4,2211.84
2023-07-30,LHR-Core-02,14488.62,6488.88,1.33,21.1,49.1,6085.22
2023-07-31,DXB-Core-01,8598.03,2773.64,1.2,22.5,45.8,3611.17
2023-07-31,DXB-Edge-02,12055.53,6392.1,1.48,21.8,46.4,5063.32
2023-07-31,SIN-Core-01,8396.89,3845.71,1.31,21.4,45.4,3526.69
2023-07-31,FRA-Core-01,14735.33,4468.44,1.3,21.2,50.3,6188.84
2023-07-31,MUM-Zone-A,11876.32,5980.77,1.78,23.4,49.3,4988.06
2023-07-31,LHR-Core-02,9270.47,3209.38,1.28,23.7,53.6,3893.6
2023-08-01,DXB-Core-01,5784.98,2272.29,1.26,22.1,45.0,2429.69
2023-08-01,DXB-Edge-02,14985.72,4934.34,1.81,20.2,48.6,6294.0
2023-08-01,SIN-Core-01,13306.55,5678.9,1.27,21.8,50.8,5588.75
2023-08-01,FRA-Core-01,6514.45,3232.92,1.21,19.1,45.9,2736.07
2023-08-01,MUM-Zone-A,10600.16,5649.44,1.57,25.0,49.2,4452.07
2023-08-01,LHR-Core-02,6319.31,2499.64,1.22,20.1,53.0,2654.11
2023-08-02,DXB-Core-01,11890.84,4586.94,1.22,24.1,54.6,4994.15
2023-08-02,DXB-Edge-02,14139.86,5239.71,1.46,22.2,46.6,5938.74
2023-08-02,SIN-Core-01,8153.57,3385.52,1.29,24.4,46.3,3424.5
2023-08-02,FRA-Core-01,9053.99,5379.41,1.19,24.1,48.2,3802.68
2023-08-02,MUM-Zone-A,8292.46,3755.74,1.47,19.5,46.6,3482.83
2023-08-02,LHR-Core-02,9792.54,4198.76,1.2,20.0,45.6,4112.87
2023-08-03,DXB-Core-01,12017.11,5479.23,1.35,20.4,48.7,5047.18
2023-08-03,DXB-Edge-02,14250.95,5392.7,1.46,21.9,52.8,5985.4
2023-08-03,SIN-Core-01,10849.57,6197.62,1.25,21.0,50.3,4556.82
2023-08-03,FRA-Core-01,14132.46,7566.3,1.33,22.1,47.5,5935.63
2023-08-03,MUM-Zone-A,11624.99,4023.16,1.83,23.6,47.7,4882.49
2023-08-03,LHR-Core-02,11842.68,4419.7,1.19,19.8,51.0,4973.93
2023-08-04,DXB-Core-01,6236.65,3668.15,1.24,20.0,45.6,2619.39
2023-08-04,DXB-Edge-02,9236.6,2885.4,1.55,20.9,49.3,3879.37
2023-08-04,SIN-Core-01,8468.74,3343.28,1.2,31.4,52.8,3556.87
2023-08-04,FRA-Core-01,9750.16,4185.16,1.21,23.6,45.8,4095.07
2023-08-04,MUM-Zone-A,12764.66,4826.98,1.84,23.1,49.4,5361.16
2023-08-04,LHR-Core-02,6152.0,1896.69,1.21,20.2,51.2,2583.84
2023-08-05,DXB-Core-01,6247.65,3541.84,1.18,21.4,53.9,2624.01
2023-08-05,DXB-Edge-02,6628.91,3134.62,1.77,21.6,49.7,2784.14
2023-08-05,SIN-Core-01,6925.47,3002.56,1.28,23.2,51.2,2908.7
2023-08-05,FRA-Core-01,6793.18,3325.14,1.34,19.9,53.3,2853.13
2023-08-05,MUM-Zone-A,13402.36,7582.99,1.72,20.3,50.0,5628.99
2023-08-05,LHR-Core-02,11926.54,5673.6,1.22,19.7,51.1,5009.15
2023-08-06,DXB-Core-01,14245.25,5509.86,1.24,32.7,53.6,5983.01
2023-08-06,DXB-Edge-02,7961.72,3897.46,1.64,21.9,49.0,3343.92
2023-08-06,SIN-Core-01,6950.45,3791.33,1.21,20.3,52.6,2919.19
2023-08-06,FRA-Core-01,7611.53,3705.79,1.23,21.3,45.7,3196.84
2023-08-06,MUM-Zone-A,7831.6,4103.39,1.47,22.9,52.0,3289.27
2023-08-06,LHR-Core-02,9046.04,4975.45,1.19,23.8,49.0,3799.34
2023-08-07,DXB-Core-01,12528.61,6095.36,1.33,20.5,48.7,5262.02
2023-08-07,DXB-Edge-02,14097.13,8151.8,1.5,19.7,54.6,5920.79
2023-08-07,SIN-Core-01,8477.94,4814.96,1.29,21.1,46.9,3560.73
2023-08-07,FRA-Core-01,13351.17,6741.27,1.24,19.5,50.8,5607.49
2023-08-07,MUM-Zone-A,12899.59,6464.89,1.48,20.1,54.1,5417.83
2023-08-07,LHR-Core-02,11099.19,4177.75,1.2,23.9,50.8,4661.66
2023-08-08,DXB-Core-01,6093.93,2431.28,1.31,24.4,48.1,2559.45
2023-08-08,DXB-Edge-02,12593.63,5091.17,1.76,22.7,47.4,5289.32
2023-08-08,SIN-Core-01,13024.04,5234.04,1.22,20.1,45.7,5470.1
2023-08-08,FRA-Core-01,12222.9,5653.41,1.24,21.8,47.5,5133.62
2023-08-08,MUM-Zone-A,8099.97,4817.37,1.61,23.6,54.0,3401.99
2023-08-08,LHR-Core-02,8175.87,4410.36,1.29,22.4,46.2,3433.86
2023-08-09,DXB-Core-01,11856.79,6189.18,1.19,19.6,49.0,4979.85
2023-08-09,DXB-Edge-02,9185.73,3076.94,1.78,19.6,52.7,3858.0
2023-08-09,SIN-Core-01,6468.32,3404.15,1.24,20.8,50.8,2716.69
2023-08-09,FRA-Core-01,5950.13,2046.07,1.29,19.0,46.9,2499.05
2023-08-09,MUM-Zone-A,11601.64,5520.8,1.62,22.0,46.0,4872.69
2023-08-09,LHR-Core-02,14229.37,6359.62,1.32,22.2,54.9,5976.33
2023-08-10,DXB-Core-01,7657.78,4473.58,1.32,21.9,46.9,3216.27
2023-08-10,DXB-Edge-02,10979.95,4137.83,1.61,20.5,49.6,4611.58
2023-08-10,SIN-Core-01,10999.65,6108.57,1.32,21.7,52.9,4619.85
2023-08-10,FRA-Core-01,9856.0,4698.13,1.22,19.9,53.3,4139.52
2023-08-10,MUM-Zone-A,11438.07,5230.25,1.79,19.1,51.9,4803.99
2023-08-10,LHR-Core-02,5007.55,2011.36,1.29,24.6,48.2,2103.17
2023-08-11,DXB-Core-01,7760.06,4457.01,1.24,20.0,47.6,3259.23
2023-08-11,DXB-Edge-02,6876.0,3653.07,1.73,33.0,45.4,2887.92
2023-08-11,SIN-Core-01,5887.53,2964.75,1.23,24.7,53.6,2472.76
2023-08-11,FRA-Core-01,11625.7,6840.47,1.26,19.7,51.8,4882.79
2023-08-11,MUM-Zone-A,11455.48,3801.47,1.68,24.5,48.1,4811.3
2023-08-11,LHR-Core-02,6871.59,2168.63,1.27,21.8,53.1,2886.07
2023-08-12,DXB-Core-01,10873.33,6119.95,1.27,19.5,49.8,4566.8
2023-08-12,DXB-Edge-02,9311.09,4231.59,1.8,20.6,50.2,3910.66
2023-08-12,SIN-Core-01,7440.69,2312.34,1.29,21.4,45.8,3125.09
2023-08-12,FRA-Core-01,11161.74,5862.82,1.24,23.4,50.4,4687.93
2023-08-12,MUM-Zone-A,9721.83,4306.62,1.65,23.1,49.2,4083.17
2023-08-12,LHR-Core-02,12898.5,6206.26,1.25,19.2,52.8,5417.37
2023-08-13,DXB-Core-01,11437.55,5924.33,1.34,19.4,51.4,4803.77
2023-08-13,DXB-Edge-02,6067.47,2010.38,1.72,20.6,53.7,2548.34
2023-08-13,SIN-Core-01,6654.28,2588.73,1.19,24.7,51.8,2794.8
2023-08-13,FRA-Core-01,9114.99,4939.76,1.25,22.9,54.9,3828.29
2023-08-13,MUM-Zone-A,5727.64,3078.58,1.49,29.0,48.9,2405.61
2023-08-13,LHR-Core-02,8329.41,4823.87,1.29,23.4,45.5,3498.35
2023-08-14,DXB-Core-01,11825.59,6554.31,1.24,22.9,46.1,4966.75
2023-08-14,DXB-Edge-02,14443.52,8149.95,1.73,24.1,49.1,6066.28
2023-08-14,SIN-Core-01,10380.54,5553.75,1.3,24.5,54.0,4359.82
2023-08-14,FRA-Core-01,14357.88,7740.05,1.33,23.1,52.9,6030.31
2023-08-14,MUM-Zone-A,14531.65,4740.41,1.63,21.0,48.8,6103.29
2023-08-14,LHR-Core-02,5487.01,2160.63,1.33,22.9,55.0,2304.55
2023-08-15,DXB-Core-01,12502.54,6653.19,1.18,20.1,51.1,5251.07
2023-08-15,DXB-Edge-02,11313.47,4250.35,1.46,22.4,52.6,4751.66
2023-08-15,SIN-Core-01,9881.99,4099.49,1.31,20.4,45.8,4150.44
2023-08-15,FRA-Core-01,13676.76,6037.75,1.28,21.0,52.4,5744.24
2023-08-15,MUM-Zone-A,14698.59,4990.03,1.61,21.5,47.8,6173.41
2023-08-15,LHR-Core-02,7001.48,3139.16,1.18,20.9,51.2,2940.62
2023-08-16,DXB-Core-01,12330.77,3977.46,1.32,23.5,46.8,5178.92
2023-08-16,DXB-Edge-02,13380.57,6087.53,1.6,20.8,54.8,5619.84
2023-08-16,SIN-Core-01,13592.63,6813.52,1.25,25.0,52.4,5708.9
2023-08-16,FRA-Core-01,10031.06,3018.6,1.29,22.3,48.1,4213.05
2023-08-16,MUM-Zone-A,7134.85,3033.02,1.82,24.0,46.7,2996.64
2023-08-16,LHR-Core-02,8836.82,3351.86,1.29,19.8,54.6,3711.46
2023-08-17,DXB-Core-01,14363.54,7881.26,1.26,22.1,51.9,6032.68
2023-08-17,DXB-Edge-02,11847.42,6414.1,1.69,23.3,48.7,4975.92
2023-08-17,SIN-Core-01,11698.67,4210.22,1.26,23.2,45.4,4913.44
2023-08-17,FRA-Core-01,11894.92,6477.84,1.2,22.6,51.0,4995.87
2023-08-17,MUM-Zone-A,8961.4,4625.49,1.81,19.6,51.3,3763.79
2023-08-17,LHR-Core-02,9192.59,3297.89,1.22,20.4,49.4,3860.89
2023-08-18,DXB-Core-01,8560.7,2687.42,1.32,22.4,45.1,3595.49
2023-08-18,DXB-Edge-02,10843.8,6429.63,1.69,22.2,47.6,4554.39
2023-08-18,SIN-Core-01,7699.64,3482.54,1.31,24.4,54.9,3233.85
2023-08-18,FRA-Core-01,11801.18,5655.69,1.23,22.8,51.5,4956.5
2023-08-18,MUM-Zone-A,10971.42,3951.82,1.57,24.6,47.2,4608.0
2023-08-18,LHR-Core-02,11070.69,3672.79,1.19,20.7,54.3,4649.69
2023-08-19,DXB-Core-01,13342.92,5208.41,1.19,20.2,50.8,5604.03
2023-08-19,DXB-Edge-02,11175.38,4272.82,1.85,22.1,50.7,4693.66
2023-08-19,SIN-Core-01,12080.49,7066.27,1.23,22.2,47.0,5073.81
2023-08-19,FRA-Core-01,12796.43,3866.46,1.2,23.2,53.0,5374.5
2023-08-19,MUM-Zone-A,8289.16,3286.44,1.71,19.2,54.5,3481.45
2023-08-19,LHR-Core-02,8697.66,5122.38,1.31,19.1,51.1,3653.02
2023-08-20,DXB-Core-01,13172.71,5912.08,1.24,19.1,46.3,5532.54
2023-08-20,DXB-Edge-02,10568.73,3940.65,1.71,23.2,54.1,4438.87
2023-08-20,SIN-Core-01,13767.0,8247.57,1.31,24.4,49.9,5782.14
2023-08-20,FRA-Core-01,11766.74,3825.9,1.28,22.8,48.0,4942.03
2023-08-20,MUM-Zone-A,8370.1,4368.11,1.63,20.9,53.1,3515.44
2023-08-20,LHR-Core-02,6825.89,3094.32,1.24,19.9,50.1,2866.88
2023-08-21,DXB-Core-01,14755.67,5026.23,1.34,24.1,52.6,6197.38
2023-08-21,DXB-Edge-02,7161.34,3707.12,1.76,23.8,49.3,3007.76
2023-08-21,SIN-Core-01,14428.55,5217.66,1.33,19.5,50.2,6059.99
2023-08-21,FRA-Core-01,11314.67,5302.56,1.21,19.2,54.3,4752.16
2023-08-21,MUM-Zone-A,14363.0,8151.13,1.72,20.0,46.4,6032.46
2023-08-21,LHR-Core-02,9867.81,3242.3,1.24,21.1,51.1,4144.48
2023-08-22,DXB-Core-01,8170.41,3932.01,1.31,23.7,53.0,3431.57
2023-08-22,DXB-Edge-02,14143.39,6715.23,1.68,22.1,48.8,5940.23
2023-08-22,SIN-Core-01,14816.8,7388.64,1.21,21.3,47.8,6223.06
2023-08-22,FRA-Core-01,13414.07,5385.76,1.25,21.6,47.6,5633.91
2023-08-22,MUM-Zone-A,6924.39,2323.15,1.52,21.2,46.2,2908.24
2023-08-22,LHR-Core-02,12469.16,3928.55,1.33,23.4,45.6,5237.05
2023-08-23,DXB-Core-01,6039.47,3092.49,1.2,24.8,53.2,2536.58
2023-08-23,DXB-Edge-02,8950.51,5080.1,1.8,22.6,52.7,3759.21
2023-08-23,SIN-Core-01,5002.99,1911.12,1.21,22.7,47.8,2101.26
2023-08-23,FRA-Core-01,13086.84,5522.33,1.21,21.6,50.2,5496.47
2023-08-23,MUM-Zone-A,10511.47,5498.13,1.5,20.5,50.8,4414.82
2023-08-23,LHR-Core-02,12922.79,3919.82,1.22,20.2,49.8,5427.57
2023-08-24,DXB-Core-01,7653.88,3358.97,1.2,20.9,47.5,3214.63
2023-08-24,DXB-Edge-02,12850.66,4419.37,1.75,23.2,46.1,5397.28
2023-08-24,SIN-Core-01,13042.01,7183.94,1.34,22.4,54.2,5477.64
2023-08-24,FRA-Core-01,12042.24,6302.09,1.31,21.7,47.2,5057.74
2023-08-24,MUM-Zone-A,5508.5,3055.08,1.82,20.1,54.4,2313.57
2023-08-24,LHR-Core-02,13795.11,4859.18,1.34,24.9,52.3,5793.95
2023-08-25,DXB-Core-01,14683.04,5015.91,1.33,22.1,49.7,6166.88
2023-08-25,DXB-Edge-02,11840.24,4421.92,1.71,22.5,49.5,4972.9
2023-08-25,SIN-Core-01,14839.5,7047.46,1.25,21.8,50.8,6232.59
2023-08-25,FRA-Core-01,9043.58,4860.65,1.22,20.3,50.0,3798.3
2023-08-25,MUM-Zone-A,6193.41,2286.04,1.6,23.6,47.8,2601.23
2023-08-25,LHR-Core-02,8976.38,4798.33,1.33,21.8,47.8,3770.08
2023-08-26,DXB-Core-01,7468.19,4426.36,1.19,21.0,54.0,3136.64
2023-08-26,DXB-Edge-02,8440.21,3318.02,1.6,19.9,50.8,3544.89
2023-08-26,SIN-Core-01,9475.09,4261.76,1.2,20.5,52.0,3979.54
2023-08-26,FRA-Core-01,13017.65,5614.78,1.23,21.7,52.6,5467.41
2023-08-26,MUM-Zone-A,11524.09,4391.54,1.61,24.6,50.6,4840.12
2023-08-26,LHR-Core-02,11065.34,6005.08,1.24,23.6,46.9,4647.44
2023-08-27,DXB-Core-01,11965.12,6507.44,1.31,23.4,51.6,5025.35
2023-08-27,DXB-Edge-02,5282.75,2324.65,1.5,24.6,52.0,2218.75
2023-08-27,SIN-Core-01,7795.96,4513.41,1.24,28.7,47.8,3274.31
2023-08-27,FRA-Core-01,7393.31,2445.46,1.2,22.6,48.5,3105.19
2023-08-27,MUM-Zone-A,12012.84,4287.17,1.65,19.7,47.3,5045.39
2023-08-27,LHR-Core-02,13783.17,5007.07,1.31,22.3,47.8,5788.93
2023-08-28,DXB-Core-01,14029.32,6046.87,1.26,19.8,53.4,5892.31
2023-08-28,DXB-Edge-02,13692.47,4378.51,1.47,19.8,48.7,5750.84
2023-08-28,SIN-Core-01,14273.51,6782.28,1.3,19.2,45.9,5994.87
2023-08-28,FRA-Core-01,13931.8,7493.86,1.3,22.5,49.5,5851.36
2023-08-28,MUM-Zone-A,10420.08,3297.72,1.81,22.7,49.2,4376.43
2023-08-28,LHR-Core-02,6298.85,3238.15,1.25,20.6,51.0,2645.52
2023-08-29,DXB-Core-01,5510.43,2252.28,1.35,20.4,48.1,2314.38
2023-08-29,DXB-Edge-02,11579.9,6196.9,1.58,24.5,47.4,4863.56
2023-08-29,SIN-Core-01,5461.17,2585.62,1.19,23.7,51.1,2293.69
2023-08-29,FRA-Core-01,14250.67,7110.95,1.18,21.5,50.8,5985.28
2023-08-29,MUM-Zone-A,7979.8,3839.38,1.51,24.9,53.5,3351.52
2023-08-29,LHR-Core-02,12752.38,3953.07,1.26,19.6,51.9,5356.0
2023-08-30,DXB-Core-01,5753.07,2275.93,1.22,24.5,48.9,2416.29
2023-08-30,DXB-Edge-02,7292.84,3031.93,1.49,21.2,53.8,3062.99
2023-08-30,SIN-Core-01,6611.32,3882.04,1.21,24.3,54.3,2776.76
2023-08-30,FRA-Core-01,6076.61,2816.55,1.35,23.6,48.4,2552.18
2023-08-30,MUM-Zone-A,6333.75,2568.2,1.67,23.3,49.2,2660.18
2023-08-30,LHR-Core-02,7847.03,3338.79,1.32,21.2,50.5,3295.75
2023-08-31,DXB-Core-01,9232.38,4369.63,1.31,23.4,52.8,3877.6
2023-08-31,DXB-Edge-02,12325.57,4607.5,1.75,22.4,50.2,5176.74
2023-08-31,SIN-Core-01,5845.49,1910.78,1.27,22.0,48.4,2455.1
2023-08-31,FRA-Core-01,13990.03,4468.54,1.21,23.7,48.5,5875.81
2023-08-31,MUM-Zone-A,10600.54,5964.92,1.54,23.1,48.4,4452.23
2023-08-31,LHR-Core-02,13347.97,7816.9,1.31,22.2,50.7,5606.15
2023-09-01,DXB-Core-01,10208.09,5920.56,1.33,22.4,54.2,4287.4
2023-09-01,DXB-Edge-02,6530.98,2086.54,1.79,23.4,53.3,2743.01
2023-09-01,SIN-Core-01,8378.26,4958.59,1.25,19.0,50.4,3518.87
2023-09-01,FRA-Core-01,7070.63,3653.5,1.24,23.8,47.2,2969.66
2023-09-01,MUM-Zone-A,9701.38,5056.36,1.46,19.1,48.7,4074.58
2023-09-01,LHR-Core-02,6478.5,2106.85,1.2,24.6,49.4,2720.97
2023-09-02,DXB-Core-01,12671.78,4034.18,1.22,21.8,48.5,5322.15
2023-09-02,DXB-Edge-02,7817.73,3402.73,1.61,21.5,47.2,3283.45
2023-09-02,SIN-Core-01,7003.64,3840.46,1.33,19.4,52.9,2941.53
2023-09-02,FRA-Core-01,11421.92,4472.52,1.33,24.1,45.9,4797.21
2023-09-02,MUM-Zone-A,8394.78,3946.35,1.8,21.4,50.9,3525.81
2023-09-02,LHR-Core-02,7220.07,3447.96,1.25,23.2,53.0,3032.43
2023-09-03,DXB-Core-01,6851.08,3237.8,1.25,24.5,47.6,2877.45
2023-09-03,DXB-Edge-02,12687.64,6448.82,1.46,19.6,53.9,5328.81
2023-09-03,SIN-Core-01,11762.09,4012.87,1.22,24.2,54.9,4940.08
2023-09-03,FRA-Core-01,14305.78,6869.34,1.28,22.1,54.8,6008.43
2023-09-03,MUM-Zone-A,8647.1,2670.55,1.5,21.4,51.3,3631.78
2023-09-03,LHR-Core-02,6576.16,3805.16,1.29,19.8,52.9,2761.99
2023-09-04,DXB-Core-01,8306.47,3644.11,1.35,24.4,45.9,3488.72
2023-09-04,DXB-Edge-02,12548.6,4183.94,1.77,20.2,53.6,5270.41
2023-09-04,SIN-Core-01,7453.08,3390.86,1.27,19.7,47.5,3130.29
2023-09-04,FRA-Core-01,6419.3,2018.4,1.34,23.9,53.0,2696.11
2023-09-04,MUM-Zone-A,6926.18,3691.91,1.47,22.0,50.5,2908.99
2023-09-04,LHR-Core-02,5813.07,2455.77,1.26,24.8,51.5,2441.49
2023-09-05,DXB-Core-01,11625.93,4970.15,1.24,24.8,54.0,4882.89
2023-09-05,DXB-Edge-02,8884.76,3160.79,1.57,20.4,53.2,3731.6
2023-09-05,SIN-Core-01,14126.23,7316.01,1.28,23.8,52.0,5933.02
2023-09-05,FRA-Core-01,6216.88,2769.48,1.26,25.0,53.5,2611.09
2023-09-05,MUM-Zone-A,5613.8,3216.79,1.52,22.5,47.3,2357.8
2023-09-05,LHR-Core-02,12102.71,4421.32,1.34,22.7,47.5,5083.14
2023-09-06,DXB-Core-01,12028.21,4303.95,1.24,20.1,52.7,5051.85
2023-09-06,DXB-Edge-02,13174.98,6804.12,1.63,23.1,48.2,5533.49
2023-09-06,SIN-Core-01,5138.46,2514.49,1.18,22.8,46.7,2158.15
2023-09-06,FRA-Core-01,13964.1,7256.89,1.29,19.6,48.6,5864.92
2023-09-06,MUM-Zone-A,13590.25,6781.94,1.81,23.4,54.9,5707.9
2023-09-06,LHR-Core-02,12095.78,6798.19,1.28,20.2,53.6,5080.23
2023-09-07,DXB-Core-01,9112.19,5466.35,1.28,21.2,48.3,3827.12
2023-09-07,DXB-Edge-02,14189.53,6665.43,1.79,22.5,47.5,5959.6
2023-09-07,SIN-Core-01,10622.88,6023.91,1.27,22.3,54.4,4461.61
2023-09-07,FRA-Core-01,8051.03,2438.34,1.28,21.9,53.5,3381.43
2023-09-07,MUM-Zone-A,11653.06,5921.99,1.81,23.5,53.3,4894.29
2023-09-07,LHR-Core-02,10729.66,5781.16,1.25,20.2,49.8,4506.46
2023-09-08,DXB-Core-01,13557.81,4101.27,1.27,30.8,55.0,5694.28
2023-09-08,DXB-Edge-02,9037.09,2810.05,1.84,20.4,46.4,3795.58
2023-09-08,SIN-Core-01,10391.41,5246.55,1.32,21.9,45.4,4364.39
2023-09-08,FRA-Core-01,6791.57,3974.29,1.2,22.5,53.9,2852.46
2023-09-08,MUM-Zone-A,11834.65,4839.64,1.7,20.9,46.4,4970.55
2023-09-08,LHR-Core-02,14350.99,4313.98,1.29,21.1,47.2,6027.42
2023-09-09,DXB-Core-01,9008.12,4365.5,1.19,20.5,53.5,3783.41
2023-09-09,DXB-Edge-02,6019.56,2759.3,1.75,20.7,47.8,2528.21
2023-09-09,SIN-Core-01,7273.02,2481.18,1.32,21.7,45.6,3054.67
2023-09-09,FRA-Core-01,13047.18,7629.92,1.28,24.3,52.9,5479.82
2023-09-09,MUM-Zone-A,8002.64,2698.12,1.84,24.9,52.5,3361.11
2023-09-09,LHR-Core-02,5439.03,2752.6,1.34,21.5,47.8,2284.39
2023-09-10,DXB-Core-01,6327.06,2007.31,1.24,20.0,54.9,2657.37
2023-09-10,DXB-Edge-02,7699.29,3904.1,1.64,24.6,46.3,3233.7
2023-09-10,SIN-Core-01,10056.72,5170.11,1.3,19.9,52.0,4223.82
2023-09-10,FRA-Core-01,7478.54,3541.03,1.27,20.1,51.0,3140.99
2023-09-10,MUM-Zone-A,8568.45,2818.02,1.85,21.7,53.7,3598.75
2023-09-10,LHR-Core-02,13881.86,5980.84,1.2,21.3,46.5,5830.38
2023-09-11,DXB-Core-01,10526.78,4821.94,1.24,19.1,45.1,4421.25
2023-09-11,DXB-Edge-02,14815.75,8667.1,1.57,23.4,50.0,6222.62
2023-09-11,SIN-Core-01,13776.88,6776.82,1.3,22.5,52.4,5786.29
2023-09-11,FRA-Core-01,14860.48,7400.02,1.35,19.3,47.4,6241.4
2023-09-11,MUM-Zone-A,7408.69,3476.28,1.54,22.3,54.6,3111.65
2023-09-11,LHR-Core-02,9750.07,3485.85,1.29,19.2,46.1,4095.03
2023-09-12,DXB-Core-01,9027.58,2892.19,1.34,24.2,54.0,3791.58
2023-09-12,DXB-Edge-02,10715.9,3863.98,1.56,21.7,50.2,4500.68
2023-09-12,SIN-Core-01,7027.06,2774.75,1.31,20.3,51.1,2951.36
2023-09-12,FRA-Core-01,10927.16,5515.69,1.33,21.2,53.9,4589.41
2023-09-12,MUM-Zone-A,5742.13,1747.3,1.73,21.6,46.0,2411.7
2023-09-12,LHR-Core-02,12921.67,5110.15,1.23,22.3,45.6,5427.1
2023-09-13,DXB-Core-01,6976.06,2312.9,1.18,20.1,51.4,2929.95
2023-09-13,DXB-Edge-02,14816.83,7243.36,1.5,33.4,50.4,6223.07
2023-09-13,SIN-Core-01,9372.72,4559.71,1.25,20.8,53.9,3936.54
2023-09-13,FRA-Core-01,10047.47,5657.06,1.24,21.5,54.6,4219.94
2023-09-13,MUM-Zone-A,6292.49,2710.71,1.75,24.2,52.3,2642.85
2023-09-13,LHR-Core-02,5224.23,2256.31,1.3,22.8,52.6,2194.18
2023-09-14,DXB-Core-01,7418.05,3264.51,1.19,23.6,54.0,3115.58
2023-09-14,DXB-Edge-02,9677.72,4521.55,1.53,23.6,46.4,4064.64
2023-09-14,SIN-Core-01,8604.16,3847.49,1.3,24.7,52.6,3613.75
2023-09-14,FRA-Core-01,8751.87,3881.04,1.35,21.7,48.5,3675.79
2023-09-14,MUM-Zone-A,12610.16,6527.95,1.81,19.8,52.7,5296.27
2023-09-14,LHR-Core-02,7781.27,3042.55,1.28,20.3,54.6,3268.13
2023-09-15,DXB-Core-01,10074.81,4927.37,1.24,23.2,49.8,4231.42
2023-09-15,DXB-Edge-02,10537.08,4015.72,1.73,21.5,55.0,4425.57
2023-09-15,SIN-Core-01,10743.47,5167.99,1.33,23.4,48.6,4512.26
2023-09-15,FRA-Core-01,7404.22,3846.97,1.31,19.6,54.1,3109.77
2023-09-15,MUM-Zone-A,8517.01,4689.77,1.48,21.3,50.7,3577.14
2023-09-15,LHR-Core-02,8209.31,4740.35,1.24,22.8,51.4,3447.91
2023-09-16,DXB-Core-01,14266.16,5317.28,1.24,22.8,47.9,5991.79
2023-09-16,DXB-Edge-02,6686.32,3384.17,1.74,23.5,52.5,2808.25
2023-09-16,SIN-Core-01,13983.11,6245.76,1.21,20.8,46.3,5872.91
2023-09-16,FRA-Core-01,10894.54,3417.13,1.28,20.2,47.2,4575.71
2023-09-16,MUM-Zone-A,14080.67,7778.89,1.7,20.9,48.2,5913.88
2023-09-16,LHR-Core-02,13297.01,6394.27,1.22,33.4,52.1,5584.74
2023-09-17,DXB-Core-01,13319.45,5405.25,1.2,24.1,51.8,5594.17
2023-09-17,DXB-Edge-02,7170.95,2521.17,1.77,20.5,45.8,3011.8
2023-09-17,SIN-Core-01,12006.28,6544.11,1.18,19.1,48.4,5042.64
2023-09-17,FRA-Core-01,8415.59,4926.69,1.23,20.4,47.2,3534.55
2023-09-17,MUM-Zone-A,9335.84,5025.62,1.68,21.8,50.9,3921.05
2023-09-17,LHR-Core-02,9367.56,2973.64,1.19,22.5,46.7,3934.38
2023-09-18,DXB-Core-01,13134.41,6548.73,1.24,20.6,52.7,5516.45
2023-09-18,DXB-Edge-02,8536.04,4002.39,1.65,20.0,53.5,3585.14
2023-09-18,SIN-Core-01,12472.62,4187.74,1.31,24.2,45.1,5238.5
2023-09-18,FRA-Core-01,12699.54,5899.78,1.22,23.1,47.7,5333.8
2023-09-18,MUM-Zone-A,10236.74,5488.89,1.48,20.3,46.5,4299.43
2023-09-18,LHR-Core-02,8133.77,3014.85,1.23,19.1,49.3,3416.18
2023-09-19,DXB-Core-01,5875.08,3150.15,1.28,24.6,54.9,2467.53
2023-09-19,DXB-Edge-02,11714.34,3708.35,1.5,24.1,49.1,4920.02
2023-09-19,SIN-Core-01,10061.02,4743.25,1.21,20.7,48.5,4225.63
2023-09-19,FRA-Core-01,9770.95,5760.53,1.25,23.7,49.2,4103.8
2023-09-19,MUM-Zone-A,8856.68,4759.67,1.68,19.9,48.3,3719.81
2023-09-19,LHR-Core-02,10128.85,4006.97,1.25,21.1,48.2,4254.12
2023-09-20,DXB-Core-01,9483.68,5657.55,1.22,22.6,52.7,3983.15
2023-09-20,DXB-Edge-02,13871.05,7824.68,1.71,24.3,51.8,5825.84
2023-09-20,SIN-Core-01,9197.31,5218.12,1.18,28.5,46.8,3862.87
2023-09-20,FRA-Core-01,7827.24,3842.25,1.28,22.4,53.6,3287.44
2023-09-20,MUM-Zone-A,14032.8,6749.98,1.46,21.4,50.3,5893.77
2023-09-20,LHR-Core-02,5675.0,2628.85,1.34,24.7,46.6,2383.5
2023-09-21,DXB-Core-01,10882.93,5629.52,1.24,20.6,47.4,4570.83
2023-09-21,DXB-Edge-02,10348.98,5201.16,1.5,23.8,52.7,4346.57
2023-09-21,SIN-Core-01,6819.18,2104.13,1.35,24.8,48.4,2864.06
2023-09-21,FRA-Core-01,10019.12,5054.49,1.22,23.6,48.0,4208.03
2023-09-21,MUM-Zone-A,9366.12,5298.49,1.83,19.2,46.0,3933.77
2023-09-21,LHR-Core-02,8421.09,2936.07,1.29,22.0,50.0,3536.86
2023-09-22,DXB-Core-01,9538.92,4966.83,1.22,22.3,47.9,4006.35
2023-09-22,DXB-Edge-02,7191.4,3173.26,1.47,22.6,52.1,3020.39
2023-09-22,SIN-Core-01,9469.15,5365.95,1.22,20.5,52.6,3977.04
2023-09-22,FRA-Core-01,6659.65,3345.1,1.24,22.3,51.8,2797.05
2023-09-22,MUM-Zone-A,14984.07,5278.68,1.78,21.4,52.0,6293.31
2023-09-22,LHR-Core-02,7678.5,4281.77,1.23,19.2,51.3,3224.97
2023-09-23,DXB-Core-01,14003.68,6635.67,1.2,23.9,53.3,5881.55
2023-09-23,DXB-Edge-02,10411.19,3695.94,1.6,21.7,51.4,4372.7
2023-09-23,SIN-Core-01,11641.21,3558.15,1.27,23.2,54.2,4889.31
2023-09-23,FRA-Core-01,14510.4,5450.34,1.26,22.8,48.7,6094.37
2023-09-23,MUM-Zone-A,14504.84,6093.34,1.85,21.0,49.0,6092.03
2023-09-23,LHR-Core-02,6557.84,3634.18,1.3,22.1,51.2,2754.29
2023-09-24,DXB-Core-01,8365.22,3263.03,1.23,22.6,53.2,3513.39
2023-09-24,DXB-Edge-02,10072.59,5623.38,1.64,21.8,48.3,4230.49
2023-09-24,SIN-Core-01,9176.82,3831.8,1.22,20.8,48.4,3854.27
2023-09-24,FRA-Core-01,12064.18,4203.54,1.31,19.7,54.4,5066.95
2023-09-24,MUM-Zone-A,8722.94,2785.08,1.48,20.2,48.9,3663.63
2023-09-24,LHR-Core-02,11239.5,6386.8,1.23,24.2,49.4,4720.59
2023-09-25,DXB-Core-01,9537.44,3424.92,1.22,19.4,53.2,4005.72
2023-09-25,DXB-Edge-02,8146.71,2955.14,1.84,22.6,45.0,3421.62
2023-09-25,SIN-Core-01,12417.95,7079.78,1.2,19.4,45.7,5215.54
2023-09-25,FRA-Core-01,11096.34,5590.93,1.3,22.7,45.1,4660.46
2023-09-25,MUM-Zone-A,12155.07,3819.62,1.59,23.0,47.9,5105.13
2023-09-25,LHR-Core-02,5701.51,3387.7,1.34,21.7,54.9,2394.64
2023-09-26,DXB-Core-01,9512.45,5517.71,1.28,19.8,48.5,3995.23
2023-09-26,DXB-Edge-02,7019.37,3029.17,1.6,19.1,46.0,2948.14
2023-09-26,SIN-Core-01,14479.48,7858.65,1.34,21.9,46.7,6081.38
2023-09-26,FRA-Core-01,9467.79,4090.39,1.27,20.0,47.4,3976.47
2023-09-26,MUM-Zone-A,13569.04,4451.07,1.73,20.7,47.3,5699.0
2023-09-26,LHR-Core-02,6530.25,2255.2,1.19,22.7,54.4,2742.7
2023-09-27,DXB-Core-01,11628.29,5819.23,1.3,23.1,48.0,4883.88
2023-09-27,DXB-Edge-02,14495.97,8519.45,1.68,19.0,53.2,6088.31
2023-09-27,SIN-Core-01,9614.69,4279.92,1.25,24.3,52.0,4038.17
2023-09-27,FRA-Core-01,10522.62,4732.59,1.23,21.1,46.0,4419.5
2023-09-27,MUM-Zone-A,12697.89,5934.0,1.66,20.7,48.6,5333.11
2023-09-27,LHR-Core-02,12609.52,7423.52,1.24,24.9,49.6,5296.0
2023-09-28,DXB-Core-01,11552.4,5436.92,1.21,20.3,49.5,4852.01
2023-09-28,DXB-Edge-02,5845.02,3342.13,1.77,23.5,47.4,2454.91
2023-09-28,SIN-Core-01,12385.9,7271.3,1.25,22.0,51.5,5202.08
2023-09-28,FRA-Core-01,12331.61,7043.99,1.25,24.8,54.5,5179.27
2023-09-28,MUM-Zone-A,6285.61,3170.07,1.74,20.1,47.3,2639.96
2023-09-28,LHR-Core-02,5981.5,2112.21,1.26,21.7,50.1,2512.23
2023-09-29,DXB-Core-01,7669.56,4056.54,1.24,29.8,51.6,3221.21
2023-09-29,DXB-Edge-02,6493.64,2891.57,1.68,19.6,45.5,2727.33
2023-09-29,SIN-Core-01,13740.13,5206.51,1.27,20.9,45.4,5770.85
2023-09-29,FRA-Core-01,12843.13,4092.15,1.28,22.5,46.1,5394.12
2023-09-29,MUM-Zone-A,10877.77,5971.01,1.8,20.3,48.7,4568.66
2023-09-29,LHR-Core-02,10138.43,5658.45,1.34,19.9,47.9,4258.14
2023-09-30,DXB-Core-01,14620.17,6447.16,1.32,24.6,55.0,6140.47
2023-09-30,DXB-Edge-02,9161.33,3609.95,1.79,22.9,49.2,3847.76
2023-09-30,SIN-Core-01,9893.14,4460.88,1.31,23.3,46.7,4155.12
2023-09-30,FRA-Core-01,8882.68,3881.47,1.2,24.5,53.3,3730.72
2023-09-30,MUM-Zone-A,14065.43,4727.79,1.69,21.6,49.6,5907.48
2023-09-30,LHR-Core-02,6712.26,3110.23,1.21,24.1,49.7,2819.15
2023-10-01,DXB-Core-01,5604.48,3033.34,1.26,19.1,50.3,2353.88
2023-10-01,DXB-Edge-02,5756.48,2900.77,1.64,20.0,45.2,2417.72
2023-10-01,SIN-Core-01,8256.61,3644.17,1.25,22.8,47.6,3467.78
2023-10-01,FRA-Core-01,12044.19,7147.59,1.19,21.4,47.3,5058.56
2023-10-01,MUM-Zone-A,9942.84,3307.89,1.52,19.9,53.0,4175.99
2023-10-01,LHR-Core-02,14793.74,7435.02,1.28,19.7,46.1,6213.37
2023-10-02,DXB-Core-01,7671.85,2820.66,1.29,22.8,47.7,3222.18
2023-10-02,DXB-Edge-02,6186.73,2740.68,1.68,19.2,48.1,2598.43
2023-10-02,SIN-Core-01,6655.7,3896.87,1.26,22.8,49.0,2795.39
2023-10-02,FRA-Core-01,5520.26,3264.42,1.24,20.5,53.0,2318.51
2023-10-02,MUM-Zone-A,6934.25,3644.39,1.61,20.8,45.4,2912.39
2023-10-02,LHR-Core-02,6423.13,3391.73,1.31,20.5,50.6,2697.71
2023-10-03,DXB-Core-01,7728.24,2517.53,1.28,22.2,51.0,3245.86
2023-10-03,DXB-Edge-02,12541.4,4033.16,1.61,21.8,54.4,5267.39
2023-10-03,SIN-Core-01,8123.11,4124.82,1.23,20.7,46.3,3411.7
2023-10-03,FRA-Core-01,6374.55,3023.09,1.35,19.8,50.1,2677.31
2023-10-03,MUM-Zone-A,12620.32,7294.84,1.64,24.4,46.2,5300.53
2023-10-03,LHR-Core-02,6993.65,3123.5,1.27,24.0,52.8,2937.33
2023-10-04,DXB-Core-01,11730.68,6101.59,1.33,20.7,53.1,4926.89
2023-10-04,DXB-Edge-02,11497.87,6203.04,1.82,32.7,54.4,4829.11
2023-10-04,SIN-Core-01,8000.76,2723.69,1.33,23.9,53.9,3360.32
2023-10-04,FRA-Core-01,9117.63,3489.8,1.26,19.3,52.5,3829.4
2023-10-04,MUM-Zone-A,7323.02,3462.27,1.82,22.3,53.6,3075.67
2023-10-04,LHR-Core-02,7135.64,2586.63,1.21,20.6,53.3,2996.97
2023-10-05,DXB-Core-01,14568.01,4532.27,1.27,20.2,48.8,6118.56
2023-10-05,DXB-Edge-02,7973.46,3486.8,1.74,20.9,50.2,3348.85
2023-10-05,SIN-Core-01,10241.98,4312.35,1.26,22.9,46.9,4301.63
2023-10-05,FRA-Core-01,13962.22,4672.18,1.21,21.8,54.6,5864.13
2023-10-05,MUM-Zone-A,7980.44,4719.17,1.83,19.3,52.8,3351.78
2023-10-05,LHR-Core-02,10864.7,4296.52,1.27,21.0,54.8,4563.17
2023-10-06,DXB-Core-01,9517.02,5045.79,1.31,23.7,45.7,3997.15
2023-10-06,DXB-Edge-02,14926.88,7226.69,1.77,22.7,49.3,6269.29
2023-10-06,SIN-Core-01,11255.33,3389.57,1.19,19.5,48.5,4727.24
2023-10-06,FRA-Core-01,8868.65,2749.16,1.28,22.6,53.7,3724.83
2023-10-06,MUM-Zone-A,13425.85,7158.94,1.63,19.4,48.2,5638.86
2023-10-06,LHR-Core-02,8449.34,4050.99,1.2,23.2,48.6,3548.72
2023-10-07,DXB-Core-01,6802.49,3310.91,1.29,20.3,47.9,2857.05
2023-10-07,DXB-Edge-02,14188.78,7137.99,1.68,19.3,48.0,5959.29
2023-10-07,SIN-Core-01,10192.33,4861.21,1.28,19.6,51.0,4280.78
2023-10-07,FRA-Core-01,6432.13,3170.26,1.25,19.3,51.5,2701.49
2023-10-07,MUM-Zone-A,6571.97,3024.48,1.83,19.3,53.1,2760.23
2023-10-07,LHR-Core-02,12679.33,7576.16,1.28,21.2,48.4,5325.32
2023-10-08,DXB-Core-01,7347.33,2580.89,1.24,24.4,54.9,3085.88
2023-10-08,DXB-Edge-02,5764.7,3304.7,1.76,19.1,50.5,2421.17
2023-10-08,SIN-Core-01,14742.53,6200.47,1.34,20.8,50.3,6191.86
2023-10-08,FRA-Core-01,9485.58,5644.13,1.23,21.0,52.0,3983.94
2023-10-08,MUM-Zone-A,8624.69,5013.82,1.6,23.2,46.3,3622.37
2023-10-08,LHR-Core-02,13410.12,7425.26,1.32,22.9,45.5,5632.25
2023-10-09,DXB-Core-01,7443.85,2750.61,1.2,23.9,47.0,3126.42
2023-10-09,DXB-Edge-02,9439.53,3293.42,1.68,19.5,51.1,3964.6
2023-10-09,SIN-Core-01,9936.1,4862.13,1.26,23.1,52.8,4173.16
2023-10-09,FRA-Core-01,6757.65,2862.44,1.34,23.2,54.4,2838.21
2023-10-09,MUM-Zone-A,6980.25,3872.78,1.57,22.2,50.3,2931.7
2023-10-09,LHR-Core-02,11295.63,5668.39,1.19,23.9,52.0,4744.16
2023-10-10,DXB-Core-01,5424.23,2429.91,1.28,25.0,51.0,2278.18
2023-10-10,DXB-Edge-02,6078.82,2270.42,1.71,24.3,49.6,2553.11
2023-10-10,SIN-Core-01,6070.92,2479.0,1.2,21.9,52.0,2549.79
2023-10-10,FRA-Core-01,10243.62,4413.61,1.19,23.7,46.2,4302.32
2023-10-10,MUM-Zone-A,9320.25,2956.85,1.55,23.9,45.7,3914.51
2023-10-10,LHR-Core-02,5840.0,2634.11,1.3,20.2,53.0,2452.8
2023-10-11,DXB-Core-01,11292.92,4226.07,1.27,21.6,50.9,4743.02
2023-10-11,DXB-Edge-02,5854.09,2368.54,1.83,21.6,49.1,2458.72
2023-10-11,SIN-Core-01,8965.87,3611.15,1.2,24.0,53.6,3765.67
2023-10-11,FRA-Core-01,14072.35,4394.69,1.31,22.6,45.8,5910.39
2023-10-11,MUM-Zone-A,10928.07,5971.86,1.73,23.0,52.8,4589.79
2023-10-11,LHR-Core-02,6817.43,2242.46,1.19,19.7,49.5,2863.32
2023-10-12,DXB-Core-01,9810.29,5498.77,1.26,24.9,46.1,4120.32
2023-10-12,DXB-Edge-02,13560.41,4209.16,1.5,19.2,45.3,5695.37
2023-10-12,SIN-Core-01,7169.74,4055.8,1.29,22.0,52.9,3011.29
2023-10-12,FRA-Core-01,14008.75,7215.08,1.32,19.0,49.4,5883.68
2023-10-12,MUM-Zone-A,14623.18,8317.13,1.82,24.6,50.0,6141.73
2023-10-12,LHR-Core-02,8934.4,5169.88,1.32,19.0,46.7,3752.45
2023-10-13,DXB-Core-01,14732.52,8640.51,1.26,33.5,48.3,6187.66
2023-10-13,DXB-Edge-02,13808.9,4523.66,1.49,24.1,51.6,5799.74
2023-10-13,SIN-Core-01,9967.6,4200.01,1.35,20.8,53.2,4186.39
2023-10-13,FRA-Core-01,12152.55,5776.89,1.25,21.7,52.1,5104.07
2023-10-13,MUM-Zone-A,8958.09,3368.41,1.61,19.9,45.8,3762.4
2023-10-13,LHR-Core-02,14759.53,7465.62,1.19,22.8,53.5,6199.0
2023-10-14,DXB-Core-01,11554.77,3865.53,1.2,21.9,50.5,4853.0
2023-10-14,DXB-Edge-02,5885.03,2796.99,1.5,24.0,54.6,2471.71
2023-10-14,SIN-Core-01,6345.66,1941.18,1.2,20.5,50.1,2665.18
2023-10-14,FRA-Core-01,7893.52,3904.9,1.34,20.7,51.8,3315.28
2023-10-14,MUM-Zone-A,9615.1,3479.03,1.84,21.6,53.8,4038.34
2023-10-14,LHR-Core-02,14543.23,7962.87,1.21,22.0,50.0,6108.16
2023-10-15,DXB-Core-01,12399.63,5638.5,1.21,19.8,45.5,5207.85
2023-10-15,DXB-Edge-02,11048.19,5026.14,1.65,21.4,53.7,4640.24
2023-10-15,SIN-Core-01,5283.82,2358.16,1.33,22.2,50.0,2219.21
2023-10-15,FRA-Core-01,11459.77,6360.5,1.33,19.6,53.6,4813.1
2023-10-15,MUM-Zone-A,13088.99,5873.26,1.85,21.2,51.7,5497.38
2023-10-15,LHR-Core-02,12522.75,6262.45,1.33,21.4,48.2,5259.55
2023-10-16,DXB-Core-01,14753.89,6367.26,1.28,22.6,52.0,6196.63
2023-10-16,DXB-Edge-02,6369.08,2943.88,1.8,21.9,51.9,2675.01
2023-10-16,SIN-Core-01,8997.49,3095.13,1.2,24.8,45.1,3778.95
2023-10-16,FRA-Core-01,6569.13,3915.19,1.32,22.5,52.7,2759.03
2023-10-16,MUM-Zone-A,9094.31,3570.01,1.78,22.0,49.8,3819.61
2023-10-16,LHR-Core-02,12020.14,4824.85,1.23,24.6,51.7,5048.46
2023-10-17,DXB-Core-01,11952.06,4219.44,1.29,23.5,50.3,5019.87
2023-10-17,DXB-Edge-02,13885.75,4396.65,1.5,20.4,52.2,5832.02
2023-10-17,SIN-Core-01,8503.08,4563.45,1.33,22.0,45.4,3571.29
2023-10-17,FRA-Core-01,12264.81,3752.46,1.25,20.3,46.4,5151.22
2023-10-17,MUM-Zone-A,12565.55,6456.36,1.76,24.0,50.7,5277.53
2023-10-17,LHR-Core-02,6024.79,2364.11,1.19,20.6,49.3,2530.41
2023-10-18,DXB-Core-01,11142.95,6560.93,1.23,23.5,47.6,4680.04
2023-10-18,DXB-Edge-02,12112.72,4482.8,1.73,19.0,49.4,5087.34
2023-10-18,SIN-Core-01,11097.0,6615.38,1.31,20.6,45.4,4660.74
2023-10-18,FRA-Core-01,8900.35,4572.56,1.25,23.7,54.9,3738.15
2023-10-18,MUM-Zone-A,14316.42,4480.98,1.71,22.0,54.7,6012.9
2023-10-18,LHR-Core-02,12821.72,6877.82,1.18,20.0,53.9,5385.12
2023-10-19,DXB-Core-01,5864.49,2339.26,1.32,23.1,45.6,2463.09
2023-10-19,DXB-Edge-02,11602.18,6285.07,1.68,23.3,47.4,4872.91
2023-10-19,SIN-Core-01,6670.77,3677.93,1.28,19.3,52.2,2801.72
2023-10-19,FRA-Core-01,10339.76,6195.5,1.22,21.8,52.0,4342.7
2023-10-19,MUM-Zone-A,11929.65,5689.55,1.73,23.7,50.8,5010.45
2023-10-19,LHR-Core-02,6350.74,2016.07,1.34,21.5,52.6,2667.31
2023-10-20,DXB-Core-01,7438.21,2260.68,1.28,19.2,51.0,3124.05
2023-10-20,DXB-Edge-02,11235.29,3632.19,1.8,20.8,54.0,4718.82
2023-10-20,SIN-Core-01,14940.83,6247.63,1.2,19.2,50.4,6275.15
2023-10-20,FRA-Core-01,7520.84,2368.64,1.31,21.4,51.1,3158.75
2023-10-20,MUM-Zone-A,8630.69,3961.35,1.56,19.2,45.9,3624.89
2023-10-20,LHR-Core-02,6381.81,3190.55,1.23,24.0,48.0,2680.36
2023-10-21,DXB-Core-01,5277.07,1992.05,1.28,20.4,48.0,2216.37
2023-10-21,DXB-Edge-02,12074.59,3637.94,1.52,22.2,48.7,5071.33
2023-10-21,SIN-Core-01,13504.65,7242.4,1.21,21.4,53.5,5671.95
2023-10-21,FRA-Core-01,14605.35,5854.85,1.26,21.6,52.9,6134.25
2023-10-21,MUM-Zone-A,10329.56,5779.02,1.5,20.3,51.2,4338.42
2023-10-21,LHR-Core-02,8464.21,3237.97,1.23,24.0,54.3,3554.97
2023-10-22,DXB-Core-01,8888.07,2914.26,1.22,24.6,50.8,3732.99
2023-10-22,DXB-Edge-02,14361.28,8146.17,1.72,19.5,52.6,6031.74
2023-10-22,SIN-Core-01,11830.41,5301.73,1.32,19.8,52.6,4968.77
2023-10-22,FRA-Core-01,6520.69,2768.65,1.29,23.4,54.3,2738.69
2023-10-22,MUM-Zone-A,7620.5,4052.87,1.69,22.8,52.3,3200.61
2023-10-22,LHR-Core-02,10533.79,3721.5,1.2,23.0,51.2,4424.19
2023-10-23,DXB-Core-01,14738.0,7777.87,1.18,24.9,54.4,6189.96
2023-10-23,DXB-Edge-02,7687.77,3704.99,1.46,20.4,45.7,3228.86
2023-10-23,SIN-Core-01,11663.04,5625.94,1.23,22.6,50.9,4898.48
2023-10-23,FRA-Core-01,11664.59,5602.6,1.28,23.8,52.1,4899.13
2023-10-23,MUM-Zone-A,9837.79,4110.21,1.69,21.7,50.3,4131.87
2023-10-23,LHR-Core-02,6782.24,3741.82,1.19,19.4,45.4,2848.54
2023-10-24,DXB-Core-01,12617.52,4337.7,1.29,23.5,54.1,5299.36
2023-10-24,DXB-Edge-02,14237.66,6677.28,1.56,21.6,45.4,5979.82
2023-10-24,SIN-Core-01,8104.9,3938.63,1.3,20.2,45.0,3404.06
2023-10-24,FRA-Core-01,12856.95,6631.02,1.32,23.4,52.0,5399.92
2023-10-24,MUM-Zone-A,8671.78,3270.46,1.49,23.0,48.5,3642.15
2023-10-24,LHR-Core-02,5061.48,2081.94,1.33,21.4,52.3,2125.82
2023-10-25,DXB-Core-01,5286.85,2784.45,1.28,23.6,45.2,2220.48
2023-10-25,DXB-Edge-02,13460.58,6498.94,1.66,23.0,53.0,5653.44
2023-10-25,SIN-Core-01,11398.76,6035.19,1.26,20.2,52.7,4787.48
2023-10-25,FRA-Core-01,14323.33,7723.92,1.21,22.6,53.4,6015.8
2023-10-25,MUM-Zone-A,10786.3,5850.49,1.57,20.8,50.7,4530.25
2023-10-25,LHR-Core-02,8821.88,4958.36,1.19,21.0,48.0,3705.19
2023-10-26,DXB-Core-01,13334.0,5490.09,1.22,24.7,52.5,5600.28
2023-10-26,DXB-Edge-02,13737.52,4628.57,1.56,24.1,52.6,5769.76
2023-10-26,SIN-Core-01,12392.06,4446.26,1.2,22.6,51.3,5204.66
2023-10-26,FRA-Core-01,10483.77,4671.86,1.33,23.4,45.1,4403.18
2023-10-26,MUM-Zone-A,7750.04,2438.86,1.48,23.8,54.9,3255.02
2023-10-26,LHR-Core-02,12070.91,6934.46,1.18,21.2,46.1,5069.78
2023-10-27,DXB-Core-01,5414.27,2617.55,1.3,22.2,51.4,2273.99
2023-10-27,DXB-Edge-02,13704.14,5334.03,1.67,24.1,49.4,5755.74
2023-10-27,SIN-Core-01,11033.06,4592.19,1.34,23.2,48.2,4633.88
2023-10-27,FRA-Core-01,9939.35,5072.58,1.19,20.8,50.7,4174.53
2023-10-27,MUM-Zone-A,12480.27,6482.53,1.83,24.5,53.0,5241.71
2023-10-27,LHR-Core-02,6212.36,2927.85,1.26,22.1,47.9,2609.19
2023-10-28,DXB-Core-01,8597.01,4817.2,1.19,19.7,47.5,3610.75
2023-10-28,DXB-Edge-02,6727.71,3581.45,1.5,22.8,49.8,2825.64
2023-10-28,SIN-Core-01,14330.12,5430.88,1.28,21.2,45.4,6018.65
2023-10-28,FRA-Core-01,9223.67,2823.63,1.29,21.0,50.3,3873.94
2023-10-28,MUM-Zone-A,13660.97,5085.65,1.76,20.7,53.8,5737.61
2023-10-28,LHR-Core-02,13252.45,7162.42,1.23,20.6,53.2,5566.03
2023-10-29,DXB-Core-01,13484.19,7345.17,1.33,22.3,52.0,5663.36
2023-10-29,DXB-Edge-02,11654.57,4499.12,1.54,23.4,49.6,4894.92
2023-10-29,SIN-Core-01,10984.4,4322.72,1.31,20.3,45.7,4613.45
2023-10-29,FRA-Core-01,14567.23,7552.36,1.32,19.6,51.3,6118.24
2023-10-29,MUM-Zone-A,12774.23,6432.75,1.5,21.0,52.5,5365.18
2023-10-29,LHR-Core-02,5886.06,2931.93,1.27,23.6,52.9,2472.14
2023-10-30,DXB-Core-01,5232.04,2683.8,1.26,20.0,52.5,2197.46
2023-10-30,DXB-Edge-02,5511.44,1946.29,1.78,24.0,54.6,2314.81
2023-10-30,SIN-Core-01,14653.66,8566.85,1.23,20.0,51.0,6154.54
2023-10-30,FRA-Core-01,8811.38,4457.21,1.28,24.4,48.0,3700.78
2023-10-30,MUM-Zone-A,13505.11,6655.15,1.47,23.6,52.7,5672.15
2023-10-30,LHR-Core-02,8680.89,3689.93,1.27,21.9,54.3,3645.97
2023-10-31,DXB-Core-01,13182.86,4905.55,1.22,24.1,50.7,5536.8
2023-10-31,DXB-Edge-02,9479.0,5488.97,1.59,19.7,45.3,3981.18
2023-10-31,SIN-Core-01,13592.0,5591.49,1.2,24.0,52.0,5708.64
2023-10-31,FRA-Core-01,6650.74,3009.9,1.2,23.5,53.0,2793.31
2023-10-31,MUM-Zone-A,10456.89,4641.47,1.83,23.2,54.3,4391.89
2023-10-31,LHR-Core-02,6977.86,2226.42,1.33,22.9,49.3,2930.7
2023-11-01,DXB-Core-01,5968.11,3284.1,1.28,24.5,48.5,2506.61
2023-11-01,DXB-Edge-02,14023.65,7383.22,1.78,31.1,51.3,5889.93
2023-11-01,SIN-Core-01,12151.7,5338.06,1.27,23.5,50.7,5103.71
2023-11-01,FRA-Core-01,7988.29,3682.24,1.28,19.3,54.4,3355.08
2023-11-01,MUM-Zone-A,5976.78,1963.84,1.55,19.4,53.2,2510.25
2023-11-01,LHR-Core-02,13407.17,4073.95,1.34,24.3,46.2,5631.01
2023-11-02,DXB-Core-01,5215.67,1910.83,1.31,21.3,47.2,2190.58
2023-11-02,DXB-Edge-02,6910.86,2854.01,1.58,23.6,46.2,2902.56
2023-11-02,SIN-Core-01,11782.19,4069.63,1.18,22.0,51.7,4948.52
2023-11-02,FRA-Core-01,5289.02,1688.25,1.27,22.3,45.7,2221.39
2023-11-02,MUM-Zone-A,9931.96,4864.17,1.62,21.8,52.4,4171.42
2023-11-02,LHR-Core-02,14073.4,7592.71,1.21,23.3,51.0,5910.83
2023-11-03,DXB-Core-01,7813.93,3875.28,1.35,21.2,51.8,3281.85
2023-11-03,DXB-Edge-02,10101.76,4675.14,1.45,21.0,47.4,4242.74
2023-11-03,SIN-Core-01,10305.53,5035.39,1.27,21.9,52.9,4328.32
2023-11-03,FRA-Core-01,9520.37,3607.72,1.34,23.7,53.4,3998.56
2023-11-03,MUM-Zone-A,14192.16,4519.54,1.56,19.3,53.9,5960.71
2023-11-03,LHR-Core-02,13344.18,5708.11,1.19,19.1,54.4,5604.55
2023-11-04,DXB-Core-01,5239.57,2324.28,1.3,24.6,48.5,2200.62
2023-11-04,DXB-Edge-02,8072.59,4693.27,1.53,19.1,53.6,3390.49
2023-11-04,SIN-Core-01,6439.27,3446.22,1.25,24.7,54.2,2704.49
2023-11-04,FRA-Core-01,11294.07,4876.97,1.29,24.4,51.5,4743.51
2023-11-04,MUM-Zone-A,14896.63,5866.06,1.71,23.0,45.7,6256.58
2023-11-04,LHR-Core-02,8688.99,4280.13,1.28,19.7,52.1,3649.38
2023-11-05,DXB-Core-01,5670.38,3242.05,1.33,21.9,52.9,2381.56
2023-11-05,DXB-Edge-02,12344.52,3711.37,1.82,24.3,47.8,5184.7
2023-11-05,SIN-Core-01,7431.94,2869.86,1.26,22.5,45.1,3121.41
2023-11-05,FRA-Core-01,6906.95,3247.5,1.21,22.8,48.8,2900.92
2023-11-05,MUM-Zone-A,9457.36,4828.73,1.63,23.9,49.9,3972.09
2023-11-05,LHR-Core-02,14553.25,7931.32,1.26,23.2,53.7,6112.36
2023-11-06,DXB-Core-01,6505.33,3570.54,1.25,21.0,47.9,2732.24
2023-11-06,DXB-Edge-02,12181.96,4409.75,1.78,24.6,54.5,5116.42
2023-11-06,SIN-Core-01,10092.2,3150.88,1.31,21.6,50.6,4238.72
2023-11-06,FRA-Core-01,9844.06,5508.48,1.21,23.3,51.1,4134.51
2023-11-06,MUM-Zone-A,5192.84,2424.92,1.66,30.9,53.6,2180.99
2023-11-06,LHR-Core-02,9418.88,4000.55,1.23,20.3,50.2,3955.93
2023-11-07,DXB-Core-01,12185.88,7013.99,1.22,19.4,54.2,5118.07
2023-11-07,DXB-Edge-02,13744.28,5842.88,1.68,20.3,47.5,5772.6
2023-11-07,SIN-Core-01,14637.63,5301.86,1.19,21.7,45.5,6147.81
2023-11-07,FRA-Core-01,12482.63,5591.82,1.31,21.5,54.4,5242.7
2023-11-07,MUM-Zone-A,13257.77,5443.14,1.59,20.7,52.2,5568.27
2023-11-07,LHR-Core-02,12036.92,6776.98,1.21,20.9,49.6,5055.51
2023-11-08,DXB-Core-01,11874.55,5021.1,1.24,22.7,54.3,4987.31
2023-11-08,DXB-Edge-02,13283.74,5915.35,1.51,19.1,46.8,5579.17
2023-11-08,SIN-Core-01,11304.34,5873.16,1.2,24.3,50.5,4747.82
2023-11-08,FRA-Core-01,13729.14,5368.82,1.2,24.4,48.5,5766.24
2023-11-08,MUM-Zone-A,11398.6,5121.11,1.52,20.2,45.5,4787.41
2023-11-08,LHR-Core-02,14097.81,5346.62,1.22,19.2,49.0,5921.08
2023-11-09,DXB-Core-01,9889.56,4439.92,1.35,23.8,54.6,4153.62
2023-11-09,DXB-Edge-02,11464.8,5539.63,1.57,20.5,52.1,4815.22
2023-11-09,SIN-Core-01,14116.25,5899.93,1.34,23.2,47.5,5928.82
2023-11-09,FRA-Core-01,7211.42,3520.01,1.25,19.7,46.1,3028.8
2023-11-09,MUM-Zone-A,6577.99,3841.22,1.75,21.7,51.6,2762.76
2023-11-09,LHR-Core-02,7062.64,3931.79,1.23,19.1,46.6,2966.31
2023-11-10,DXB-Core-01,13605.53,5788.24,1.29,21.8,47.8,5714.32
2023-11-10,DXB-Edge-02,7558.66,3753.44,1.68,20.8,53.2,3174.64
2023-11-10,SIN-Core-01,11519.09,5059.26,1.25,24.4,52.3,4838.02
2023-11-10,FRA-Core-01,6329.56,2055.91,1.2,24.0,50.7,2658.42
2023-11-10,MUM-Zone-A,12502.72,5077.81,1.54,22.3,54.9,5251.14
2023-11-10,LHR-Core-02,6300.67,2854.37,1.2,21.4,51.6,2646.28
2023-11-11,DXB-Core-01,7129.97,2448.29,1.18,23.0,46.1,2994.59
2023-11-11,DXB-Edge-02,9877.49,4641.68,1.56,19.6,52.6,4148.55
2023-11-11,SIN-Core-01,5776.13,3205.16,1.31,22.2,53.3,2425.97
2023-11-11,FRA-Core-01,10064.55,4887.02,1.29,24.5,45.4,4227.11
2023-11-11,MUM-Zone-A,12468.74,4799.72,1.62,24.9,47.3,5236.87
2023-11-11,LHR-Core-02,7741.08,3318.72,1.24,24.9,51.4,3251.25
2023-11-12,DXB-Core-01,13966.68,4806.69,1.23,20.6,46.6,5866.0
2023-11-12,DXB-Edge-02,8927.52,4184.46,1.61,21.0,52.7,3749.56
2023-11-12,SIN-Core-01,8671.72,4722.04,1.27,19.9,54.3,3642.12
2023-11-12,FRA-Core-01,12153.71,5706.68,1.35,21.9,54.4,5104.56
2023-11-12,MUM-Zone-A,5838.19,2497.42,1.66,19.1,48.7,2452.04
2023-11-12,LHR-Core-02,11153.8,5743.78,1.34,23.4,51.4,4684.6
2023-11-13,DXB-Core-01,6564.54,3023.79,1.29,21.6,45.9,2757.11
2023-11-13,DXB-Edge-02,8893.41,4480.97,1.8,21.5,54.8,3735.23
2023-11-13,SIN-Core-01,14713.32,5173.89,1.31,22.5,51.9,6179.6
2023-11-13,FRA-Core-01,13841.39,7269.67,1.32,22.0,50.9,5813.38
2023-11-13,MUM-Zone-A,5294.92,2811.01,1.75,22.7,48.3,2223.87
2023-11-13,LHR-Core-02,5527.92,2235.34,1.2,23.3,52.3,2321.73
2023-11-14,DXB-Core-01,7655.05,4323.34,1.25,21.0,54.2,3215.12
2023-11-14,DXB-Edge-02,7664.66,4478.02,1.52,21.8,49.8,3219.16
2023-11-14,SIN-Core-01,8814.51,3067.11,1.21,20.8,45.9,3702.09
2023-11-14,FRA-Core-01,5400.39,2462.64,1.21,19.1,51.4,2268.16
2023-11-14,MUM-Zone-A,10231.66,4686.53,1.6,19.6,52.4,4297.3
2023-11-14,LHR-Core-02,10088.89,4814.74,1.29,24.5,52.6,4237.33
2023-11-15,DXB-Core-01,14167.13,6250.82,1.3,23.4,49.5,5950.19
2023-11-15,DXB-Edge-02,14242.87,7948.05,1.53,21.1,52.6,5982.01
2023-11-15,SIN-Core-01,7793.69,4553.79,1.21,23.4,52.3,3273.35
2023-11-15,FRA-Core-01,7591.93,2722.39,1.31,19.6,52.8,3188.61
2023-11-15,MUM-Zone-A,5190.1,3065.7,1.78,19.7,53.2,2179.84
2023-11-15,LHR-Core-02,7583.36,2993.95,1.25,22.5,54.3,3185.01
2023-11-16,DXB-Core-01,9198.46,3615.87,1.33,23.9,51.0,3863.35
2023-11-16,DXB-Edge-02,11429.38,3617.42,1.85,21.6,45.1,4800.34
2023-11-16,SIN-Core-01,8253.95,4555.78,1.23,21.6,50.3,3466.66
2023-11-16,FRA-Core-01,11187.5,6210.66,1.27,19.9,54.1,4698.75
2023-11-16,MUM-Zone-A,8967.38,5374.41,1.56,23.6,47.4,3766.3
2023-11-16,LHR-Core-02,12103.07,5036.58,1.3,24.9,48.9,5083.29
2023-11-17,DXB-Core-01,5438.87,1638.01,1.21,19.9,46.4,2284.33
2023-11-17,DXB-Edge-02,12168.29,3940.86,1.79,19.9,46.9,5110.68
2023-11-17,SIN-Core-01,10231.15,4342.57,1.24,24.5,52.1,4297.08
2023-11-17,FRA-Core-01,5393.46,2564.53,1.31,19.5,48.1,2265.25
2023-11-17,MUM-Zone-A,7655.86,2874.52,1.63,19.4,46.8,3215.46
2023-11-17,LHR-Core-02,14579.94,5920.33,1.28,20.1,54.2,6123.57
2023-11-18,DXB-Core-01,13895.35,6928.82,1.19,19.0,48.5,5836.05
2023-11-18,DXB-Edge-02,5982.61,2920.16,1.6,22.7,45.5,2512.7
2023-11-18,SIN-Core-01,7563.31,3191.16,1.26,19.5,46.1,3176.59
2023-11-18,FRA-Core-01,9460.35,4389.66,1.25,19.7,51.2,3973.35
2023-11-18,MUM-Zone-A,14959.7,7658.53,1.74,19.1,55.0,6283.07
2023-11-18,LHR-Core-02,13640.41,4147.24,1.34,20.5,52.2,5728.97
2023-11-19,DXB-Core-01,8409.34,4222.93,1.18,21.5,46.2,3531.92
2023-11-19,DXB-Edge-02,6556.1,3791.86,1.66,24.9,54.9,2753.56
2023-11-19,SIN-Core-01,9758.87,3887.22,1.2,24.8,46.3,4098.72
2023-11-19,FRA-Core-01,8690.81,4172.29,1.26,22.2,50.0,3650.14
2023-11-19,MUM-Zone-A,14238.13,8444.39,1.76,19.1,51.9,5980.01
2023-11-19,LHR-Core-02,12465.63,6650.53,1.28,22.7,49.4,5235.56
2023-11-20,DXB-Core-01,5454.54,2432.51,1.32,23.4,54.1,2290.91
2023-11-20,DXB-Edge-02,5853.65,2822.95,1.67,20.2,49.6,2458.53
2023-11-20,SIN-Core-01,13231.93,6692.23,1.32,21.9,51.0,5557.41
2023-11-20,FRA-Core-01,14086.71,7400.99,1.23,20.4,49.9,5916.42
2023-11-20,MUM-Zone-A,12897.77,7631.12,1.78,24.4,54.0,5417.06
2023-11-20,LHR-Core-02,13502.5,6456.42,1.21,31.1,52.8,5671.05
2023-11-21,DXB-Core-01,10863.76,3423.63,1.18,23.2,49.1,4562.78
2023-11-21,DXB-Edge-02,9093.15,4279.97,1.83,23.1,50.8,3819.12
2023-11-21,SIN-Core-01,8720.24,4065.94,1.32,24.8,45.7,3662.5
2023-11-21,FRA-Core-01,11459.47,4825.6,1.3,22.9,46.2,4812.98
2023-11-21,MUM-Zone-A,13073.93,7750.47,1.68,22.1,50.1,5491.05
2023-11-21,LHR-Core-02,10187.82,4250.28,1.21,22.1,50.5,4278.89
2023-11-22,DXB-Core-01,7649.03,2722.23,1.18,20.2,48.4,3212.59
2023-11-22,DXB-Edge-02,5072.74,1602.68,1.75,19.7,52.9,2130.55
2023-11-22,SIN-Core-01,11998.79,4604.41,1.21,24.1,51.7,5039.49
2023-11-22,FRA-Core-01,8982.15,3609.82,1.31,20.3,48.7,3772.5
2023-11-22,MUM-Zone-A,13376.28,7766.02,1.46,22.0,46.2,5618.04
2023-11-22,LHR-Core-02,7607.25,3825.86,1.22,22.2,52.4,3195.04
2023-11-23,DXB-Core-01,7864.5,3542.04,1.25,21.0,47.2,3303.09
2023-11-23,DXB-Edge-02,13329.18,4781.02,1.72,23.4,46.5,5598.25
2023-11-23,SIN-Core-01,8978.11,3229.85,1.26,21.8,47.9,3770.81
2023-11-23,FRA-Core-01,9227.64,4893.89,1.26,22.9,54.3,3875.61
2023-11-23,MUM-Zone-A,9096.16,4790.07,1.47,23.2,49.7,3820.39
2023-11-23,LHR-Core-02,8976.33,4900.63,1.28,20.8,49.1,3770.06
2023-11-24,DXB-Core-01,5251.16,1813.84,1.26,23.8,47.8,2205.49
2023-11-24,DXB-Edge-02,11553.56,4817.11,1.65,19.7,45.1,4852.5
2023-11-24,SIN-Core-01,8841.66,2685.39,1.3,22.6,50.8,3713.5
2023-11-24,FRA-Core-01,14675.52,4927.0,1.31,23.5,54.6,6163.72
2023-11-24,MUM-Zone-A,12611.79,4205.57,1.6,20.0,53.1,5296.95
2023-11-24,LHR-Core-02,5716.3,2102.85,1.32,24.7,54.3,2400.85
2023-11-25,DXB-Core-01,10453.74,5215.93,1.27,24.7,52.9,4390.57
2023-11-25,DXB-Edge-02,13427.78,7752.47,1.84,24.1,46.8,5639.67
2023-11-25,SIN-Core-01,5755.49,3377.03,1.21,22.2,45.8,2417.31
2023-11-25,FRA-Core-01,14840.24,7458.82,1.19,22.6,49.9,6232.9
2023-11-25,MUM-Zone-A,8134.77,2994.74,1.58,22.8,54.1,3416.6
2023-11-25,LHR-Core-02,14342.12,8457.26,1.23,22.7,54.2,6023.69
2023-11-26,DXB-Core-01,11051.42,5537.82,1.28,22.1,53.9,4641.6
2023-11-26,DXB-Edge-02,13170.64,4575.04,1.8,19.2,45.4,5531.67
2023-11-26,SIN-Core-01,10111.39,4243.15,1.2,24.1,52.8,4246.79
2023-11-26,FRA-Core-01,14734.78,5243.98,1.19,24.4,52.2,6188.61
2023-11-26,MUM-Zone-A,9780.88,5112.05,1.63,19.0,53.0,4107.97
2023-11-26,LHR-Core-02,11273.52,6566.05,1.29,21.3,47.5,4734.88
2023-11-27,DXB-Core-01,14403.0,6740.4,1.19,23.3,50.9,6049.26
2023-11-27,DXB-Edge-02,13077.04,4167.91,1.77,21.4,53.3,5492.36
2023-11-27,SIN-Core-01,8942.58,3499.25,1.25,20.8,54.7,3755.88
2023-11-27,FRA-Core-01,11785.37,5576.58,1.34,24.5,52.3,4949.85
2023-11-27,MUM-Zone-A,14730.49,4847.73,1.67,24.3,48.9,6186.81
2023-11-27,LHR-Core-02,12519.29,4782.04,1.24,23.4,52.8,5258.1
2023-11-28,DXB-Core-01,14082.46,5320.52,1.18,22.5,50.6,5914.63
2023-11-28,DXB-Edge-02,13854.14,4335.9,1.52,19.1,48.7,5818.74
2023-11-28,SIN-Core-01,9380.15,3181.39,1.31,22.8,48.3,3939.66
2023-11-28,FRA-Core-01,7419.58,4005.1,1.26,22.7,48.8,3116.22
2023-11-28,MUM-Zone-A,14384.6,6732.01,1.67,23.0,46.0,6041.53
2023-11-28,LHR-Core-02,13099.98,6644.99,1.32,23.1,48.3,5501.99
2023-11-29,DXB-Core-01,7712.27,3616.92,1.32,23.2,52.1,3239.15
2023-11-29,DXB-Edge-02,8767.53,4667.42,1.71,31.5,52.3,3682.36
2023-11-29,SIN-Core-01,5290.62,2605.74,1.25,24.0,48.2,2222.06
2023-11-29,FRA-Core-01,7204.89,4072.2,1.28,23.6,50.9,3026.05
2023-11-29,MUM-Zone-A,5433.75,3056.21,1.72,20.2,48.0,2282.17
2023-11-29,LHR-Core-02,7434.72,2872.89,1.21,24.6,46.9,3122.58
2023-11-30,DXB-Core-01,12269.61,3960.42,1.22,19.4,53.1,5153.24
2023-11-30,DXB-Edge-02,7070.78,3319.97,1.45,19.2,52.4,2969.73
2023-11-30,SIN-Core-01,7137.8,3153.01,1.24,22.6,54.8,2997.88
2023-11-30,FRA-Core-01,8708.69,5048.96,1.27,22.1,51.4,3657.65
2023-11-30,MUM-Zone-A,7828.85,2833.98,1.8,22.9,54.4,3288.12
2023-11-30,LHR-Core-02,8690.36,4060.75,1.28,24.8,47.3,3649.95
2023-12-01,DXB-Core-01,5496.53,2078.07,1.23,20.6,51.6,2308.54
2023-12-01,DXB-Edge-02,10311.9,6139.38,1.64,19.6,51.3,4331.0
2023-12-01,SIN-Core-01,9835.06,4089.95,1.22,22.6,49.7,4130.72
2023-12-01,FRA-Core-01,8867.75,5043.64,1.28,22.5,48.0,3724.46
2023-12-01,MUM-Zone-A,7664.56,4262.9,1.49,19.3,52.8,3219.11
2023-12-01,LHR-Core-02,9361.75,3045.17,1.33,21.0,48.0,3931.93
2023-12-02,DXB-Core-01,10186.68,4370.0,1.31,24.0,47.9,4278.41
2023-12-02,DXB-Edge-02,14400.01,8121.44,1.53,19.5,47.2,6048.01
2023-12-02,SIN-Core-01,8590.9,3772.67,1.33,21.2,51.5,3608.18
2023-12-02,FRA-Core-01,10375.68,4903.73,1.28,22.8,49.7,4357.79
2023-12-02,MUM-Zone-A,14270.11,7114.75,1.48,22.6,54.3,5993.44
2023-12-02,LHR-Core-02,10979.17,6281.8,1.32,23.9,52.6,4611.25
2023-12-03,DXB-Core-01,12138.78,4749.52,1.23,21.2,49.6,5098.29
2023-12-03,DXB-Edge-02,11886.04,4639.78,1.55,24.8,51.1,4992.14
2023-12-03,SIN-Core-01,5567.67,1968.68,1.32,24.4,50.9,2338.42
2023-12-03,FRA-Core-01,14549.32,5603.28,1.22,19.0,53.7,6110.71
2023-12-03,MUM-Zone-A,13911.62,6254.63,1.58,32.7,51.5,5842.88
2023-12-03,LHR-Core-02,8779.03,3070.61,1.26,23.0,50.1,3687.19
2023-12-04,DXB-Core-01,13346.99,4049.58,1.3,21.8,54.5,5605.74
2023-12-04,DXB-Edge-02,8926.99,4606.56,1.49,23.3,45.4,3749.33
2023-12-04,SIN-Core-01,14266.57,7587.74,1.23,23.9,47.9,5991.96
2023-12-04,FRA-Core-01,13900.64,7530.71,1.19,22.2,47.3,5838.27
2023-12-04,MUM-Zone-A,11102.31,4418.09,1.76,20.3,48.7,4662.97
2023-12-04,LHR-Core-02,14622.34,4393.62,1.28,24.3,50.1,6141.38
2023-12-05,DXB-Core-01,14943.26,6004.47,1.21,20.8,53.1,6276.17
2023-12-05,DXB-Edge-02,9937.76,3410.72,1.82,20.1,54.2,4173.86
2023-12-05,SIN-Core-01,12624.29,5334.27,1.2,23.6,52.1,5302.2
2023-12-05,FRA-Core-01,10562.7,3415.98,1.3,24.5,53.3,4436.33
2023-12-05,MUM-Zone-A,13341.23,5054.04,1.76,22.9,48.0,5603.32
2023-12-05,LHR-Core-02,12735.98,4592.25,1.29,20.4,54.7,5349.11
2023-12-06,DXB-Core-01,8559.25,4082.58,1.32,20.5,46.9,3594.88
2023-12-06,DXB-Edge-02,10853.04,6154.28,1.66,19.8,48.8,4558.28
2023-12-06,SIN-Core-01,8151.66,4179.07,1.24,24.8,54.0,3423.7
2023-12-06,FRA-Core-01,9230.69,4594.18,1.29,24.2,49.4,3876.89
2023-12-06,MUM-Zone-A,11844.53,6203.37,1.8,24.4,48.9,4974.7
2023-12-06,LHR-Core-02,5547.8,2821.42,1.28,19.7,48.4,2330.07
2023-12-07,DXB-Core-01,14499.9,7168.25,1.24,23.9,50.8,6089.96
2023-12-07,DXB-Edge-02,13718.31,6102.96,1.52,20.2,54.3,5761.69
2023-12-07,SIN-Core-01,5414.09,2966.41,1.35,22.2,52.3,2273.92
2023-12-07,FRA-Core-01,14299.81,7572.4,1.25,21.2,52.5,6005.92
2023-12-07,MUM-Zone-A,7914.01,4099.26,1.64,24.8,51.3,3323.88
2023-12-07,LHR-Core-02,12360.95,4326.19,1.2,20.9,50.0,5191.6
2023-12-08,DXB-Core-01,8241.71,4196.3,1.28,22.9,47.4,3461.52
2023-12-08,DXB-Edge-02,13640.21,5878.61,1.6,20.5,52.7,5728.89
2023-12-08,SIN-Core-01,13098.22,6643.21,1.32,21.8,54.4,5501.25
2023-12-08,FRA-Core-01,8921.12,4144.66,1.26,20.7,47.1,3746.87
2023-12-08,MUM-Zone-A,5014.37,2435.82,1.45,22.8,47.2,2106.04
2023-12-08,LHR-Core-02,7483.78,3421.93,1.34,22.7,52.6,3143.19
2023-12-09,DXB-Core-01,9651.67,4675.96,1.25,21.4,48.6,4053.7
2023-12-09,DXB-Edge-02,13553.54,4700.97,1.83,24.9,53.3,5692.49
2023-12-09,SIN-Core-01,5794.65,2875.22,1.18,24.6,52.7,2433.75
2023-12-09,FRA-Core-01,11825.19,4391.74,1.3,20.7,53.2,4966.58
2023-12-09,MUM-Zone-A,6718.99,2734.6,1.74,22.1,47.8,2821.98
2023-12-09,LHR-Core-02,9237.87,3110.37,1.32,23.4,54.9,3879.91
2023-12-10,DXB-Core-01,9857.5,3096.77,1.29,20.1,51.2,4140.15
2023-12-10,DXB-Edge-02,14577.27,8062.73,1.78,21.5,52.5,6122.45
2023-12-10,SIN-Core-01,13956.71,6742.79,1.32,21.5,50.0,5861.82
2023-12-10,FRA-Core-01,14893.87,8130.8,1.29,19.3,46.4,6255.43
2023-12-10,MUM-Zone-A,6925.43,3550.13,1.68,28.6,54.7,2908.68
2023-12-10,LHR-Core-02,12490.92,4284.15,1.33,21.3,51.0,5246.19
2023-12-11,DXB-Core-01,6421.64,3835.25,1.25,23.5,54.1,2697.09
2023-12-11,DXB-Edge-02,12296.57,7366.41,1.51,23.9,53.7,5164.56
2023-12-11,SIN-Core-01,11186.0,4314.04,1.32,19.6,47.6,4698.12
2023-12-11,FRA-Core-01,14288.32,6482.87,1.28,22.8,53.8,6001.09
2023-12-11,MUM-Zone-A,8917.56,3241.9,1.81,24.4,49.7,3745.38
2023-12-11,LHR-Core-02,10073.56,3493.22,1.24,20.1,46.3,4230.89
2023-12-12,DXB-Core-01,6368.79,2828.31,1.35,20.2,46.0,2674.89
2023-12-12,DXB-Edge-02,10111.67,4403.18,1.78,23.2,45.0,4246.9
2023-12-12,SIN-Core-01,5865.07,2581.71,1.3,22.5,50.9,2463.33
2023-12-12,FRA-Core-01,9896.1,5225.19,1.28,23.1,51.9,4156.36
2023-12-12,MUM-Zone-A,10934.1,4414.07,1.71,23.6,51.6,4592.32
2023-12-12,LHR-Core-02,7145.67,3229.21,1.23,19.4,51.5,3001.18
2023-12-13,DXB-Core-01,10308.84,4104.15,1.2,20.4,49.4,4329.71
2023-12-13,DXB-Edge-02,6629.96,3964.88,1.61,19.2,52.9,2784.58
2023-12-13,SIN-Core-01,7014.68,2578.54,1.28,23.3,54.2,2946.17
2023-12-13,FRA-Core-01,11478.14,4791.11,1.29,22.8,47.0,4820.82
2023-12-13,MUM-Zone-A,14135.9,6324.54,1.46,20.0,49.5,5937.08
2023-12-13,LHR-Core-02,13384.86,4038.57,1.23,20.7,50.4,5621.64
2023-12-14,DXB-Core-01,7928.11,2774.17,1.32,23.4,51.2,3329.81
2023-12-14,DXB-Edge-02,7897.53,3027.81,1.66,20.6,49.4,3316.96
2023-12-14,SIN-Core-01,10737.21,4898.42,1.33,21.7,52.7,4509.63
2023-12-14,FRA-Core-01,8345.73,3524.06,1.23,21.0,46.2,3505.21
2023-12-14,MUM-Zone-A,5899.16,2099.03,1.46,19.6,49.0,2477.65
2023-12-14,LHR-Core-02,6092.04,1969.43,1.33,33.5,50.4,2558.65
2023-12-15,DXB-Core-01,7244.24,4161.21,1.29,20.1,52.4,3042.58
2023-12-15,DXB-Edge-02,6883.82,3746.23,1.74,23.3,45.3,2891.21
2023-12-15,SIN-Core-01,11394.67,4512.47,1.25,24.7,45.4,4785.76
2023-12-15,FRA-Core-01,14271.23,6571.85,1.23,22.4,52.9,5993.92
2023-12-15,MUM-Zone-A,10916.28,6532.58,1.46,20.5,52.4,4584.84
2023-12-15,LHR-Core-02,9009.44,4929.4,1.2,21.8,54.3,3783.96
2023-12-16,DXB-Core-01,11279.13,5321.28,1.34,20.3,54.7,4737.23
2023-12-16,DXB-Edge-02,6735.78,3434.5,1.59,22.3,49.2,2829.03
2023-12-16,SIN-Core-01,9380.83,3339.57,1.23,20.2,53.2,3939.95
2023-12-16,FRA-Core-01,5448.98,2746.39,1.25,22.7,49.2,2288.57
2023-12-16,MUM-Zone-A,6534.7,3371.93,1.68,20.6,50.0,2744.57
2023-12-16,LHR-Core-02,7297.62,3363.76,1.31,20.8,45.1,3065.0
2023-12-17,DXB-Core-01,14874.44,6473.18,1.34,22.1,50.7,6247.26
2023-12-17,DXB-Edge-02,5398.37,2022.8,1.7,19.6,52.1,2267.31
2023-12-17,SIN-Core-01,5781.64,2626.12,1.18,22.7,47.1,2428.29
2023-12-17,FRA-Core-01,7788.76,2477.73,1.25,22.8,46.5,3271.28
2023-12-17,MUM-Zone-A,8769.08,4115.16,1.56,19.1,48.2,3683.01
2023-12-17,LHR-Core-02,12576.01,6654.79,1.28,31.0,45.6,5281.92
2023-12-18,DXB-Core-01,10281.87,4899.45,1.21,20.2,50.6,4318.38
2023-12-18,DXB-Edge-02,8956.23,4626.71,1.58,20.7,49.9,3761.62
2023-12-18,SIN-Core-01,9271.46,5033.99,1.23,24.9,50.3,3894.01
2023-12-18,FRA-Core-01,7006.12,2855.57,1.35,22.9,45.3,2942.57
2023-12-18,MUM-Zone-A,14624.46,7433.13,1.54,24.9,50.2,6142.27
2023-12-18,LHR-Core-02,11445.72,4166.26,1.26,19.8,46.4,4807.2
2023-12-19,DXB-Core-01,13216.84,5740.65,1.33,24.2,53.3,5551.07
2023-12-19,DXB-Edge-02,10342.75,5099.84,1.7,23.1,47.1,4343.96
2023-12-19,SIN-Core-01,11108.66,5991.48,1.19,24.6,54.4,4665.64
2023-12-19,FRA-Core-01,7532.56,2796.54,1.23,22.4,53.2,3163.68
2023-12-19,MUM-Zone-A,11117.63,5738.69,1.8,25.0,52.2,4669.41
2023-12-19,LHR-Core-02,5648.48,2468.67,1.2,19.6,52.5,2372.36
2023-12-20,DXB-Core-01,9789.14,4642.23,1.21,21.5,51.3,4111.44
2023-12-20,DXB-Edge-02,14986.45,6359.49,1.68,21.8,52.7,6294.31
2023-12-20,SIN-Core-01,5832.83,3404.89,1.32,19.4,49.8,2449.79
2023-12-20,FRA-Core-01,12778.43,3987.52,1.31,24.2,49.4,5366.94
2023-12-20,MUM-Zone-A,14815.74,7117.23,1.52,22.1,46.4,6222.61
2023-12-20,LHR-Core-02,6528.92,2200.43,1.25,21.4,52.4,2742.15
2023-12-21,DXB-Core-01,12301.7,4273.05,1.23,24.8,54.8,5166.72
2023-12-21,DXB-Edge-02,9761.09,4052.62,1.74,24.7,46.6,4099.66
2023-12-21,SIN-Core-01,9533.33,5597.43,1.19,19.3,47.7,4004.0
2023-12-21,FRA-Core-01,9109.4,2955.5,1.32,23.8,49.4,3825.95
2023-12-21,MUM-Zone-A,10469.38,6106.43,1.7,22.7,46.2,4397.14
2023-12-21,LHR-Core-02,6980.03,3342.48,1.18,23.6,54.1,2931.61
2023-12-22,DXB-Core-01,6766.03,2065.37,1.27,19.4,53.8,2841.73
2023-12-22,DXB-Edge-02,7975.1,3795.87,1.83,24.6,50.2,3349.54
2023-12-22,SIN-Core-01,7057.95,3855.52,1.3,20.2,48.7,2964.34
2023-12-22,FRA-Core-01,9489.51,5653.01,1.27,23.4,52.6,3985.59
2023-12-22,MUM-Zone-A,11757.26,4516.58,1.65,21.7,52.4,4938.05
2023-12-22,LHR-Core-02,5327.15,2619.01,1.26,20.0,54.5,2237.4
2023-12-23,DXB-Core-01,10576.08,5110.23,1.31,22.1,53.1,4441.95
2023-12-23,DXB-Edge-02,8907.68,4405.92,1.79,24.8,53.6,3741.23
2023-12-23,SIN-Core-01,8974.89,5322.19,1.28,22.0,54.4,3769.46
2023-12-23,FRA-Core-01,8094.62,2924.79,1.33,20.4,46.9,3399.74
2023-12-23,MUM-Zone-A,10066.72,5907.36,1.7,19.8,53.1,4228.02
2023-12-23,LHR-Core-02,10879.13,3968.55,1.27,24.1,50.2,4569.23
2023-12-24,DXB-Core-01,8717.73,4962.48,1.23,22.1,53.3,3661.44
2023-12-24,DXB-Edge-02,9550.63,2883.45,1.51,21.7,49.7,4011.26
2023-12-24,SIN-Core-01,12418.45,6852.22,1.29,19.2,50.2,5215.75
2023-12-24,FRA-Core-01,12556.99,7044.7,1.25,22.4,53.6,5273.93
2023-12-24,MUM-Zone-A,14239.41,7858.76,1.84,21.9,50.1,5980.55
2023-12-24,LHR-Core-02,14421.61,4511.82,1.24,19.9,51.7,6057.08
2023-12-25,DXB-Core-01,9669.28,3600.24,1.19,19.7,51.2,4061.1
2023-12-25,DXB-Edge-02,13700.93,5282.34,1.72,19.8,49.7,5754.39
2023-12-25,SIN-Core-01,11202.96,4644.27,1.18,19.9,48.6,4705.24
2023-12-25,FRA-Core-01,9135.05,4336.41,1.22,19.4,51.5,3836.72
2023-12-25,MUM-Zone-A,10310.33,3915.88,1.66,19.7,48.4,4330.34
2023-12-25,LHR-Core-02,10956.67,5423.26,1.3,20.6,46.9,4601.8
2023-12-26,DXB-Core-01,8915.37,3333.37,1.28,19.0,50.7,3744.45
2023-12-26,DXB-Edge-02,11642.01,3530.79,1.55,20.6,47.6,4889.64
2023-12-26,SIN-Core-01,11660.11,4660.81,1.27,22.6,54.5,4897.25
2023-12-26,FRA-Core-01,13055.87,4389.88,1.22,20.6,48.0,5483.46
2023-12-26,MUM-Zone-A,14964.24,7033.36,1.64,20.7,50.6,6284.98
2023-12-26,LHR-Core-02,7591.43,3545.59,1.25,23.1,52.4,3188.4
2023-12-27,DXB-Core-01,14318.02,4943.23,1.2,19.2,54.0,6013.57
2023-12-27,DXB-Edge-02,6660.57,3913.52,1.62,19.7,46.6,2797.44
2023-12-27,SIN-Core-01,11991.43,3786.06,1.26,22.0,48.4,5036.4
2023-12-27,FRA-Core-01,5370.1,1680.62,1.2,24.4,48.7,2255.44
2023-12-27,MUM-Zone-A,8913.01,3882.6,1.68,22.9,51.6,3743.46
2023-12-27,LHR-Core-02,7077.04,2448.46,1.32,32.9,45.4,2972.36
2023-12-28,DXB-Core-01,8621.94,5119.6,1.2,20.9,46.4,3621.22
2023-12-28,DXB-Edge-02,14018.38,4522.0,1.83,21.1,47.7,5887.72
2023-12-28,SIN-Core-01,6996.7,2395.38,1.27,22.2,50.6,2938.61
2023-12-28,FRA-Core-01,14693.11,4562.55,1.2,23.4,51.8,6171.1
2023-12-28,MUM-Zone-A,9149.64,2748.53,1.51,21.1,45.4,3842.85
2023-12-28,LHR-Core-02,12849.95,6187.31,1.26,22.2,45.3,5396.98
2023-12-29,DXB-Core-01,5992.96,2104.11,1.32,22.4,45.3,2517.04
2023-12-29,DXB-Edge-02,6438.14,2643.23,1.48,24.6,50.5,2704.02
2023-12-29,SIN-Core-01,7780.86,3604.65,1.19,19.6,50.0,3267.96
2023-12-29,FRA-Core-01,8441.04,3479.6,1.26,22.9,48.6,3545.24
2023-12-29,MUM-Zone-A,6330.4,3391.66,1.84,19.0,53.7,2658.77
2023-12-29,LHR-Core-02,9868.06,3176.24,1.29,24.6,55.0,4144.58
2023-12-30,DXB-Core-01,13673.15,7544.0,1.24,19.6,48.5,5742.72
2023-12-30,DXB-Edge-02,13123.35,7283.38,1.48,22.8,46.8,5511.81
2023-12-30,SIN-Core-01,5683.91,3065.67,1.31,20.8,48.0,2387.24
2023-12-30,FRA-Core-01,5996.51,3365.18,1.29,20.6,46.5,2518.53
2023-12-30,MUM-Zone-A,10149.31,4357.58,1.47,23.7,51.8,4262.71
2023-12-30,LHR-Core-02,13032.32,7648.46,1.27,21.6,49.5,5473.57
2023-12-31,DXB-Core-01,11716.79,5905.37,1.23,22.1,45.3,4921.05
2023-12-31,DXB-Edge-02,14801.18,5781.58,1.53,23.5,45.5,6216.5
2023-12-31,SIN-Core-01,12222.9,6405.9,1.28,20.5,48.2,5133.62
2023-12-31,FRA-Core-01,14606.94,6685.3,1.32,22.6,49.9,6134.91
2023-12-31,MUM-Zone-A,12107.0,5991.91,1.48,24.9,48.4,5084.94
2023-12-31,LHR-Core-02,6151.29,2022.15,1.33,21.9,54.6,2583.54
