Incident_ID,Date,Facility_ID,Failure_Category,Failure_Subcategory,Severity,Downtime_Minutes,Revenue_Impact_USD,Engineer_Assigned
INC-10000,2023-12-07 09:00:00,DXB-Core-01,Cooling,Chiller Failure,Low,16,400,Amber Barron
INC-10001,2023-07-17 18:00:00,MUM-Zone-A,Network,Switch Failure,High,83,74036,Stephanie Roy
INC-10002,2023-09-15 03:00:00,FRA-Core-01,Power,PDU Overload,Low,6,186,Pamela Riley
INC-10003,2023-07-27 02:00:00,LHR-Core-02,Power,UPS Failure,Medium,49,14259,Michelle Crawford
INC-10004,2023-01-23 06:00:00,MUM-Zone-A,Power,Generator Failure,Medium,36,13680,Traci Flores
INC-10005,2023-09-20 07:00:00,SIN-Core-01,Power,UPS Failure,Medium,33,9108,Megan English
INC-10006,2023-10-14 14:00:00,FRA-Core-01,Environmental,Temperature Spike,Low,18,414,Reginald Wyatt
INC-10007,2023-03-23 05:00:00,FRA-Core-01,Cooling,Chiller Failure,Low,14,252,Keith Salazar
INC-10008,2023-10-31 20:00:00,DXB-Edge-02,Power,Generator Failure,Medium,29,13920,Jeremy Valencia
INC-10009,2023-09-11 19:00:00,DXB-Core-01,Power,PDU Overload,Medium,53,22843,Richard Hall
INC-10010,2023-06-03 08:00:00,SIN-Core-01,Environmental,Temperature Spike,Medium,50,7600,Stephen Garcia
INC-10011,2023-08-24 14:00:00,DXB-Core-01,Power,Generator Failure,Low,13,546,Mark Stone
INC-10012,2023-12-17 20:00:00,FRA-Core-01,Network,Fiber Cut,Medium,46,5658,Dana Hicks
INC-10013,2023-05-13 11:00:00,SIN-Core-01,Cooling,Cooling Pump Failure,Medium,44,13684,Jill Davis DDS
INC-10014,2023-09-30 17:00:00,LHR-Core-02,Power,PDU Overload,Low,13,299,Patty Baker
INC-10015,2023-02-24 11:00:00,FRA-Core-01,Power,PDU Overload,Low,8,392,Patrick Schneider
INC-10016,2023-11-25 14:00:00,FRA-Core-01,Network,Switch Failure,Low,12,96,Linda Mcdonald
INC-10017,2023-11-22 21:00:00,LHR-Core-02,Cooling,Cooling Pump Failure,Low,16,672,Anthony Thornton
INC-10018,2023-03-26 15:00:00,DXB-Core-01,Environmental,Temperature Spike,Critical,529,2163081,Jennifer Young
INC-10019,2023-12-20 03:00:00,DXB-Core-01,Environmental,Temperature Spike,Medium,48,22992,Benjamin Flores
INC-10020,2023-01-24 21:00:00,DXB-Core-01,Environmental,Water Leakage,Medium,59,8437,Christopher Graham
INC-10021,2023-02-20 17:00:00,SIN-Core-01,Power,UPS Failure,Low,5,5,Robert Williams
INC-10022,2023-08-24 23:00:00,SIN-Core-01,Environmental,Temperature Spike,Low,12,372,Kenneth Webster PhD
INC-10023,2023-06-13 11:00:00,MUM-Zone-A,Network,Fiber Cut,Low,11,539,Gregory Miller
INC-10024,2023-08-07 09:00:00,DXB-Edge-02,Environmental,Water Leakage,Medium,34,12546,Tony Trevino Jr.
INC-10025,2023-04-01 02:00:00,SIN-Core-01,Cooling,Chiller Failure,Low,19,874,Brandy Zhang
INC-10026,2023-02-18 10:00:00,FRA-Core-01,Network,Switch Failure,Low,8,112,Benjamin Cunningham
INC-10027,2023-10-07 20:00:00,SIN-Core-01,Power,Generator Failure,Medium,38,17252,John Li
INC-10028,2023-09-21 00:00:00,SIN-Core-01,Environmental,Water Leakage,Low,15,375,Jason Walker
INC-10029,2023-10-04 03:00:00,FRA-Core-01,Network,Router Failure,Medium,22,8580,Kenneth Scott
INC-10030,2023-08-18 18:00:00,MUM-Zone-A,Environmental,Temperature Spike,Medium,46,17342,Natalie Williams
INC-10031,2023-08-12 17:00:00,LHR-Core-02,Network,Fiber Cut,Low,16,496,Antonio Gallegos
INC-10032,2023-06-20 00:00:00,MUM-Zone-A,Environmental,Water Leakage,Low,17,34,Shawn Harmon
INC-10033,2023-12-01 10:00:00,MUM-Zone-A,Environmental,Temperature Spike,Low,19,95,Kirsten Daniels
INC-10034,2023-08-18 08:00:00,DXB-Core-01,Cooling,CRAC Failure,Critical,407,1166055,Gina Hernandez
INC-10035,2023-07-13 09:00:00,MUM-Zone-A,Cooling,CRAC Failure,Low,17,714,Ashley Richards
INC-10036,2023-04-04 04:00:00,LHR-Core-02,Cooling,CRAC Failure,Low,6,6,Jason Kim
INC-10037,2023-01-10 06:00:00,SIN-Core-01,Cooling,Chiller Failure,High,126,118944,Angela Lee
INC-10038,2023-02-15 08:00:00,MUM-Zone-A,Network,Router Failure,Low,14,574,Kimberly Johnson
INC-10039,2023-03-29 04:00:00,LHR-Core-02,Cooling,Chiller Failure,Low,5,115,Amber Harrison
INC-10040,2023-03-15 03:00:00,DXB-Edge-02,Power,Generator Failure,Low,8,192,Karen Floyd
INC-10041,2023-12-01 11:00:00,FRA-Core-01,Power,PDU Overload,High,125,85750,Deborah Gilbert
INC-10042,2023-05-11 00:00:00,FRA-Core-01,Network,Switch Failure,High,167,130761,Gerald Poole
INC-10043,2023-03-05 03:00:00,DXB-Edge-02,Power,UPS Failure,Low,6,216,Donna Gates
INC-10044,2023-08-17 09:00:00,DXB-Edge-02,Power,PDU Overload,Low,14,14,Ann Turner
INC-10045,2023-04-10 12:00:00,DXB-Edge-02,Power,UPS Failure,Critical,473,1094995,Mary Larsen
INC-10046,2023-10-01 06:00:00,SIN-Core-01,Cooling,CRAC Failure,Low,19,304,Jacqueline Smith
INC-10047,2023-07-20 12:00:00,DXB-Edge-02,Cooling,CRAC Failure,Low,17,136,Willie Lyons
INC-10048,2023-07-23 00:00:00,DXB-Core-01,Cooling,Chiller Failure,High,94,65424,Nicole Smith
INC-10049,2023-04-08 10:00:00,DXB-Edge-02,Power,Generator Failure,Low,12,180,Jeanne Beck
INC-10050,2023-03-28 21:00:00,DXB-Edge-02,Network,Fiber Cut,High,111,98235,Jonathan Rodriguez
INC-10051,2023-07-29 06:00:00,MUM-Zone-A,Network,Router Failure,Low,15,720,Jeffrey Nelson
INC-10052,2023-07-30 15:00:00,DXB-Core-01,Network,Fiber Cut,Low,12,360,Diane Williams
INC-10053,2023-09-17 01:00:00,DXB-Edge-02,Environmental,Water Leakage,Low,7,119,Mary Davis
INC-10054,2023-03-13 03:00:00,MUM-Zone-A,Environmental,Temperature Spike,Low,12,264,John Graham
INC-10055,2023-03-02 10:00:00,FRA-Core-01,Environmental,Temperature Spike,Low,8,320,Michelle Santiago
INC-10056,2023-12-17 18:00:00,LHR-Core-02,Environmental,Water Leakage,Medium,30,9840,Billy Chase
INC-10057,2023-04-21 22:00:00,LHR-Core-02,Power,UPS Failure,Low,19,741,Angela Johnson
INC-10058,2023-02-27 12:00:00,LHR-Core-02,Environmental,Water Leakage,Low,12,60,Leslie Lynch
INC-10059,2023-12-05 00:00:00,FRA-Core-01,Power,UPS Failure,Medium,29,12876,Edward Archer
INC-10060,2023-04-04 16:00:00,LHR-Core-02,Environmental,Water Leakage,Low,17,459,Brenda Cardenas
INC-10061,2023-05-01 05:00:00,SIN-Core-01,Environmental,Temperature Spike,High,97,87688,Monica Hensley
INC-10062,2023-12-08 06:00:00,FRA-Core-01,Network,Switch Failure,High,77,65758,Ruben Hunter
INC-10063,2023-01-26 00:00:00,FRA-Core-01,Environmental,Water Leakage,High,142,107352,Chris Johnson
INC-10064,2023-10-16 05:00:00,DXB-Edge-02,Network,Switch Failure,Medium,50,21200,Mr. Charles Scott
INC-10065,2023-10-14 12:00:00,MUM-Zone-A,Power,Generator Failure,Low,10,200,Sarah Reed
INC-10066,2023-11-16 12:00:00,MUM-Zone-A,Power,Generator Failure,Low,14,686,Jesse Gibson
INC-10067,2023-10-22 14:00:00,DXB-Core-01,Power,Generator Failure,High,61,54900,Jennifer Waters
INC-10068,2023-01-01 17:00:00,LHR-Core-02,Network,Router Failure,Low,6,156,Anthony Young
INC-10069,2023-04-29 16:00:00,MUM-Zone-A,Environmental,Water Leakage,Critical,556,2466972,Mrs. Carrie Morris
INC-10070,2023-01-01 09:00:00,DXB-Core-01,Environmental,Water Leakage,Low,13,130,Michael Wright
INC-10071,2023-11-25 05:00:00,DXB-Core-01,Network,Router Failure,Medium,59,6195,Sean Rhodes
INC-10072,2023-10-27 17:00:00,DXB-Edge-02,Environmental,Temperature Spike,Low,11,165,Jeremy Smith
INC-10073,2023-06-21 09:00:00,DXB-Edge-02,Environmental,Temperature Spike,Low,6,138,Tanya Butler
INC-10074,2023-01-31 00:00:00,MUM-Zone-A,Network,Fiber Cut,Low,11,275,Vanessa Burke
INC-10075,2023-03-02 20:00:00,DXB-Core-01,Network,Switch Failure,High,127,83058,Eduardo Graham
INC-10076,2023-10-19 08:00:00,FRA-Core-01,Cooling,CRAC Failure,Medium,41,19516,Gregory Nelson
INC-10077,2023-05-21 13:00:00,SIN-Core-01,Power,PDU Overload,Low,19,437,Wendy Grant
INC-10078,2023-05-18 06:00:00,LHR-Core-02,Power,PDU Overload,Low,6,228,Amber Pena
INC-10079,2023-10-05 18:00:00,DXB-Edge-02,Environmental,Temperature Spike,Low,16,688,Lindsay Vasquez
INC-10080,2023-11-06 23:00:00,DXB-Core-01,Network,Fiber Cut,Low,18,900,Melanie Hunt
INC-10081,2023-02-21 02:00:00,DXB-Core-01,Network,Router Failure,Medium,41,8528,David Decker
INC-10082,2023-06-27 13:00:00,DXB-Edge-02,Environmental,Temperature Spike,Low,10,450,Kimberly Spears
INC-10083,2023-02-07 18:00:00,DXB-Edge-02,Network,Router Failure,Critical,270,525690,Robert Gordon
INC-10084,2023-04-12 12:00:00,SIN-Core-01,Cooling,CRAC Failure,Medium,51,9129,Barbara Santiago
INC-10085,2023-04-29 19:00:00,SIN-Core-01,Network,Switch Failure,High,98,58604,Ronald Hill
INC-10086,2023-11-20 15:00:00,SIN-Core-01,Power,PDU Overload,Low,12,588,Debbie Garcia
INC-10087,2023-05-05 06:00:00,DXB-Core-01,Network,Router Failure,Medium,50,23050,Joshua Hawkins
INC-10088,2023-11-08 02:00:00,FRA-Core-01,Environmental,Temperature Spike,Low,8,144,Jennifer Wilkins
INC-10089,2023-09-28 18:00:00,FRA-Core-01,Environmental,Water Leakage,Medium,48,20448,Robert Pena
INC-10090,2023-09-07 05:00:00,MUM-Zone-A,Power,Generator Failure,Medium,29,6235,Courtney Hamilton
INC-10091,2023-10-30 14:00:00,DXB-Core-01,Network,Router Failure,High,95,54815,Alex Hartman
INC-10092,2023-12-31 06:00:00,SIN-Core-01,Network,Switch Failure,High,61,46421,Edwin Torres
INC-10093,2023-07-07 07:00:00,DXB-Core-01,Cooling,CRAC Failure,Medium,21,5418,Andrew Sweeney
INC-10094,2023-07-24 20:00:00,SIN-Core-01,Power,UPS Failure,Medium,34,10948,Richard Sims
INC-10095,2023-04-13 15:00:00,FRA-Core-01,Network,Router Failure,Low,17,51,Mary Sims
INC-10096,2023-03-08 22:00:00,FRA-Core-01,Network,Switch Failure,Medium,23,8027,Joseph Baldwin
INC-10097,2023-03-01 06:00:00,SIN-Core-01,Power,Generator Failure,Low,15,225,Erica Brown
INC-10098,2023-01-07 01:00:00,MUM-Zone-A,Power,Generator Failure,Low,5,90,Mrs. Deborah Garza DDS
INC-10099,2023-10-29 17:00:00,SIN-Core-01,Network,Router Failure,Low,6,156,Ashley Jones
INC-10100,2023-12-26 16:00:00,SIN-Core-01,Environmental,Temperature Spike,Low,8,0,Cindy Jones
INC-10101,2023-11-15 06:00:00,MUM-Zone-A,Power,Generator Failure,Low,8,384,Derrick Nixon
INC-10102,2023-09-23 09:00:00,DXB-Core-01,Network,Switch Failure,Medium,37,9065,Melissa Stewart
INC-10103,2023-01-14 22:00:00,LHR-Core-02,Environmental,Temperature Spike,Low,19,836,Olivia Shepherd
INC-10104,2023-09-18 10:00:00,SIN-Core-01,Environmental,Temperature Spike,Medium,51,14688,Audrey Jones
INC-10105,2023-07-16 15:00:00,SIN-Core-01,Network,Switch Failure,Low,8,160,Thomas Perez
INC-10106,2023-05-28 01:00:00,DXB-Edge-02,Power,UPS Failure,Low,9,432,Susan Wilson
INC-10107,2023-12-16 13:00:00,SIN-Core-01,Cooling,Chiller Failure,Medium,55,6105,Corey Parker
INC-10108,2023-02-22 19:00:00,DXB-Core-01,Environmental,Water Leakage,High,116,109156,James Fisher
INC-10109,2023-11-08 18:00:00,MUM-Zone-A,Power,PDU Overload,Low,10,320,Brandy Bond
INC-10110,2023-04-12 07:00:00,DXB-Edge-02,Network,Router Failure,Medium,28,10080,Daniel Bennett
INC-10111,2023-11-01 01:00:00,DXB-Core-01,Cooling,Cooling Pump Failure,Medium,23,3266,Pamela Gray
INC-10112,2023-04-06 13:00:00,FRA-Core-01,Cooling,Chiller Failure,Low,14,154,Mary Bishop
INC-10113,2023-01-26 14:00:00,DXB-Core-01,Network,Switch Failure,Low,10,50,Dawn Foster
INC-10114,2023-07-15 20:00:00,DXB-Edge-02,Cooling,Cooling Pump Failure,Low,12,312,Kevin Bonilla
INC-10115,2023-12-29 00:00:00,DXB-Edge-02,Network,Switch Failure,High,158,155314,Juan Kelly
INC-10116,2023-01-25 10:00:00,DXB-Edge-02,Network,Switch Failure,Low,13,624,Jennifer Cox
INC-10117,2023-02-10 08:00:00,DXB-Core-01,Network,Router Failure,Low,16,768,Jordan Shelton
INC-10118,2023-06-11 05:00:00,SIN-Core-01,Environmental,Temperature Spike,Low,6,246,Brian Leblanc
INC-10119,2023-09-29 04:00:00,FRA-Core-01,Cooling,Cooling Pump Failure,Low,13,273,Justin Reynolds
INC-10120,2023-10-25 16:00:00,MUM-Zone-A,Network,Switch Failure,Low,6,24,Carl Little
INC-10121,2023-07-30 10:00:00,DXB-Core-01,Cooling,CRAC Failure,Low,7,273,Haley Herrera
INC-10122,2023-11-26 12:00:00,LHR-Core-02,Network,Switch Failure,Medium,53,12932,Lindsay Dougherty
INC-10123,2023-01-04 14:00:00,MUM-Zone-A,Environmental,Water Leakage,Low,19,532,Isabella Walls
INC-10124,2023-09-29 22:00:00,LHR-Core-02,Power,UPS Failure,Low,5,175,Michael Watts
INC-10125,2023-03-02 14:00:00,DXB-Core-01,Power,PDU Overload,Low,7,252,Julie Hill
INC-10126,2023-08-25 16:00:00,MUM-Zone-A,Power,UPS Failure,Low,18,288,Christine Gray
INC-10127,2023-05-05 14:00:00,DXB-Core-01,Network,Switch Failure,Low,15,120,Raymond Johnson
INC-10128,2023-07-31 15:00:00,FRA-Core-01,Network,Fiber Cut,Medium,22,6710,Nicholas Jackson
INC-10129,2023-01-15 21:00:00,DXB-Edge-02,Network,Router Failure,High,122,85888,Shawn Holland
INC-10130,2023-07-12 11:00:00,DXB-Core-01,Environmental,Temperature Spike,Critical,568,1284816,Wayne Baker
INC-10131,2023-10-14 14:00:00,DXB-Core-01,Environmental,Temperature Spike,Critical,430,595550,Tiffany Campos
INC-10132,2023-03-10 11:00:00,FRA-Core-01,Cooling,Cooling Pump Failure,Low,12,408,Michael Wilson
INC-10133,2023-04-30 19:00:00,LHR-Core-02,Power,UPS Failure,Critical,256,278784,Rachel Evans
INC-10134,2023-02-19 16:00:00,DXB-Core-01,Environmental,Water Leakage,Medium,46,7314,Dwayne Simpson
INC-10135,2023-04-14 14:00:00,DXB-Edge-02,Cooling,Chiller Failure,Low,18,90,Morgan Davis
INC-10136,2023-03-30 09:00:00,DXB-Edge-02,Power,UPS Failure,Medium,59,25370,Sylvia Lee
INC-10137,2023-11-27 16:00:00,SIN-Core-01,Environmental,Water Leakage,Low,14,700,Lisa Gross
INC-10138,2023-02-28 00:00:00,FRA-Core-01,Cooling,Chiller Failure,Low,13,234,Claudia Johnston
INC-10139,2023-05-08 06:00:00,SIN-Core-01,Network,Fiber Cut,Low,19,627,Samantha Strickland
INC-10140,2023-04-10 16:00:00,DXB-Core-01,Power,Generator Failure,Medium,30,13080,Jeffrey Mitchell
INC-10141,2023-09-04 12:00:00,DXB-Edge-02,Environmental,Temperature Spike,Low,14,364,Jeffrey Brown
INC-10142,2023-09-05 11:00:00,LHR-Core-02,Network,Fiber Cut,Low,10,350,Edward Raymond
INC-10143,2023-08-28 10:00:00,SIN-Core-01,Cooling,Chiller Failure,Low,7,203,Christina Hull
INC-10144,2023-12-02 07:00:00,DXB-Edge-02,Cooling,CRAC Failure,Low,6,270,Kevin Hammond
INC-10145,2023-05-08 06:00:00,SIN-Core-01,Environmental,Water Leakage,Low,16,496,Diana Jones
INC-10146,2023-07-08 05:00:00,LHR-Core-02,Environmental,Water Leakage,Low,9,414,Jason Acevedo
INC-10147,2023-06-02 15:00:00,DXB-Edge-02,Environmental,Temperature Spike,Low,10,290,Nicholas Stevenson
INC-10148,2023-05-28 06:00:00,MUM-Zone-A,Cooling,CRAC Failure,Medium,33,5148,Joe Ramsey
INC-10149,2023-06-17 09:00:00,FRA-Core-01,Environmental,Temperature Spike,High,97,86039,Jacqueline Ayers
INC-10150,2023-03-13 11:00:00,FRA-Core-01,Environmental,Water Leakage,Low,9,279,Clinton Henderson
INC-10151,2023-01-05 00:00:00,LHR-Core-02,Power,UPS Failure,High,160,114400,Eric Williams
INC-10152,2023-04-30 06:00:00,DXB-Core-01,Power,PDU Overload,High,175,99575,Paul Hood
INC-10153,2023-10-25 01:00:00,DXB-Edge-02,Environmental,Water Leakage,High,118,82836,Emily Burke
INC-10154,2023-12-07 13:00:00,SIN-Core-01,Power,UPS Failure,Medium,24,7392,Erica Donaldson
INC-10155,2023-10-07 17:00:00,MUM-Zone-A,Network,Router Failure,Low,10,460,Charles Roberts
INC-10156,2023-02-17 14:00:00,DXB-Core-01,Power,Generator Failure,Low,9,243,Sheri Mcfarland
INC-10157,2023-06-30 12:00:00,DXB-Core-01,Environmental,Temperature Spike,Low,16,624,Kristen Hudson
INC-10158,2023-10-25 03:00:00,SIN-Core-01,Environmental,Temperature Spike,Low,11,264,William Riggs
INC-10159,2023-11-10 18:00:00,LHR-Core-02,Environmental,Water Leakage,Low,6,108,Natasha Davis
INC-10160,2023-03-31 04:00:00,DXB-Edge-02,Cooling,Chiller Failure,High,154,153230,Maria Myers
INC-10161,2023-10-29 21:00:00,SIN-Core-01,Network,Fiber Cut,Medium,54,7722,Melissa Gibson
INC-10162,2023-01-20 18:00:00,SIN-Core-01,Cooling,CRAC Failure,Medium,22,8690,Jessica Wiggins
INC-10163,2023-03-23 02:00:00,SIN-Core-01,Power,PDU Overload,High,133,113848,Colton Bryant
INC-10164,2023-12-15 11:00:00,SIN-Core-01,Network,Router Failure,Medium,23,7452,Beth Jones
INC-10165,2023-02-21 17:00:00,SIN-Core-01,Environmental,Water Leakage,Medium,53,20193,Vicki Gilbert
INC-10166,2023-05-22 19:00:00,SIN-Core-01,Environmental,Temperature Spike,Medium,53,7897,Mario Alvarez
INC-10167,2023-10-22 09:00:00,LHR-Core-02,Network,Switch Failure,Low,18,252,Patrick Steele
INC-10168,2023-02-15 12:00:00,SIN-Core-01,Environmental,Temperature Spike,Low,7,210,Tammy Carlson
INC-10169,2023-04-05 11:00:00,SIN-Core-01,Environmental,Water Leakage,Low,18,216,Jamie Gray
INC-10170,2023-09-20 05:00:00,DXB-Edge-02,Environmental,Temperature Spike,Medium,48,17136,Michael Mckinney
INC-10171,2023-10-25 14:00:00,SIN-Core-01,Cooling,Cooling Pump Failure,Medium,20,5700,Tiffany Morales
INC-10172,2023-07-05 02:00:00,MUM-Zone-A,Cooling,Cooling Pump Failure,Low,14,98,Joshua Jordan
INC-10173,2023-03-27 21:00:00,LHR-Core-02,Power,UPS Failure,Low,8,200,Daniel Arnold
INC-10174,2023-06-29 13:00:00,DXB-Core-01,Environmental,Temperature Spike,Medium,26,9646,Daniel Vang
INC-10175,2023-01-25 13:00:00,DXB-Edge-02,Cooling,Cooling Pump Failure,High,175,141575,Steve Garcia
INC-10176,2023-10-02 01:00:00,SIN-Core-01,Cooling,Cooling Pump Failure,High,72,42768,Shelly Powers
INC-10177,2023-11-22 03:00:00,MUM-Zone-A,Network,Switch Failure,Low,5,140,Shelby Campbell
INC-10178,2023-10-05 06:00:00,DXB-Core-01,Cooling,Chiller Failure,Low,10,200,Michael Williams
INC-10179,2023-01-30 08:00:00,MUM-Zone-A,Environmental,Temperature Spike,Medium,29,9860,Donna Turner
INC-10180,2023-11-02 05:00:00,DXB-Core-01,Cooling,CRAC Failure,Medium,46,6946,Breanna Nunez
INC-10181,2023-04-13 01:00:00,SIN-Core-01,Cooling,Cooling Pump Failure,Low,19,76,Eric Rodgers
INC-10182,2024-01-01 22:00:00,LHR-Core-02,Power,Generator Failure,Low,15,435,Dr. Jennifer Young
INC-10183,2023-01-25 17:00:00,SIN-Core-01,Cooling,Chiller Failure,Low,15,705,Rose Mullen
INC-10184,2023-06-08 15:00:00,DXB-Core-01,Cooling,CRAC Failure,Medium,39,8034,Latoya Macdonald
INC-10185,2023-08-10 06:00:00,LHR-Core-02,Network,Switch Failure,Medium,33,16137,Travis Carroll
INC-10186,2023-09-15 09:00:00,DXB-Core-01,Network,Switch Failure,Medium,36,4320,Todd Robertson
INC-10187,2023-10-17 21:00:00,DXB-Core-01,Cooling,Chiller Failure,Critical,567,1584198,Kristin Williams
INC-10188,2023-06-08 21:00:00,MUM-Zone-A,Environmental,Water Leakage,Low,12,408,Jonathan Peters
INC-10189,2023-09-28 22:00:00,LHR-Core-02,Power,Generator Failure,Low,14,280,Douglas Aguilar
INC-10190,2023-12-05 08:00:00,DXB-Edge-02,Environmental,Water Leakage,Low,8,160,Deborah Preston
INC-10191,2023-04-02 00:00:00,DXB-Edge-02,Power,PDU Overload,Low,6,288,Tony Robinson
INC-10192,2023-05-23 07:00:00,FRA-Core-01,Environmental,Temperature Spike,Low,14,378,Jill Smith
INC-10193,2023-01-19 00:00:00,DXB-Edge-02,Network,Switch Failure,Medium,59,26373,Travis Perry
INC-10194,2023-08-31 23:00:00,DXB-Edge-02,Network,Router Failure,Low,5,35,Nicholas Ramirez
INC-10195,2023-06-03 08:00:00,DXB-Core-01,Cooling,Cooling Pump Failure,Medium,52,23660,Maureen Vazquez
INC-10196,2023-10-13 14:00:00,LHR-Core-02,Environmental,Temperature Spike,Medium,25,3000,Mr. Jeffrey Anderson
INC-10197,2023-06-03 14:00:00,DXB-Edge-02,Network,Switch Failure,Critical,227,986769,Gabriella Reed
INC-10198,2023-05-07 03:00:00,MUM-Zone-A,Network,Fiber Cut,Low,7,49,Michelle Winters
INC-10199,2023-02-09 06:00:00,FRA-Core-01,Network,Switch Failure,Low,8,320,Brian Douglas
INC-10200,2023-06-23 15:00:00,LHR-Core-02,Cooling,Chiller Failure,Medium,43,6622,Justin Jacobson
INC-10201,2023-12-30 09:00:00,SIN-Core-01,Network,Fiber Cut,Low,6,72,Kenneth Ali
INC-10202,2023-01-02 22:00:00,LHR-Core-02,Network,Router Failure,Low,8,184,Donald Carson
INC-10203,2023-09-27 10:00:00,DXB-Edge-02,Environmental,Water Leakage,Low,7,217,Jim Taylor
INC-10204,2023-10-17 17:00:00,DXB-Core-01,Environmental,Water Leakage,Low,16,80,Stacy Huber
INC-10205,2023-09-23 13:00:00,FRA-Core-01,Power,UPS Failure,High,133,126350,Elizabeth Pugh
INC-10206,2023-04-23 19:00:00,DXB-Edge-02,Network,Switch Failure,Low,12,492,Christian Hunter
INC-10207,2023-09-19 11:00:00,DXB-Core-01,Cooling,CRAC Failure,Low,16,112,Brian Ware
INC-10208,2023-02-19 12:00:00,DXB-Edge-02,Network,Fiber Cut,Low,15,390,Lisa Braun
INC-10209,2023-12-01 05:00:00,SIN-Core-01,Environmental,Water Leakage,High,72,42192,Brian Thomas
INC-10210,2023-12-04 19:00:00,DXB-Edge-02,Environmental,Temperature Spike,Medium,32,7104,Briana Richardson
INC-10211,2023-08-14 09:00:00,DXB-Core-01,Network,Fiber Cut,Low,12,528,Christine Bailey
INC-10212,2023-03-18 10:00:00,DXB-Core-01,Network,Fiber Cut,High,66,51678,Stacey Flores
INC-10213,2023-02-19 07:00:00,FRA-Core-01,Network,Fiber Cut,Medium,38,5206,Mr. Todd Fuentes
INC-10214,2023-08-12 11:00:00,SIN-Core-01,Environmental,Water Leakage,Medium,46,5428,Kurt Hall
INC-10215,2023-06-06 19:00:00,DXB-Core-01,Power,UPS Failure,Medium,47,14194,Anthony Valentine
INC-10216,2023-10-19 19:00:00,DXB-Core-01,Environmental,Temperature Spike,Low,9,432,Catherine Mercado
INC-10217,2023-10-27 06:00:00,SIN-Core-01,Network,Fiber Cut,Medium,53,10971,Dustin Schultz
INC-10218,2023-05-16 02:00:00,DXB-Edge-02,Power,Generator Failure,Low,8,400,Mark Davis
INC-10219,2023-04-08 18:00:00,FRA-Core-01,Power,Generator Failure,Medium,22,6622,Matthew Dougherty
INC-10220,2023-11-02 08:00:00,DXB-Core-01,Power,Generator Failure,Medium,50,20800,Amber Wang
INC-10221,2023-05-28 23:00:00,LHR-Core-02,Environmental,Water Leakage,Low,11,407,Christina Marshall
INC-10222,2023-08-17 08:00:00,SIN-Core-01,Network,Router Failure,Medium,30,14910,Tiffany Nguyen
INC-10223,2023-06-17 19:00:00,DXB-Edge-02,Network,Switch Failure,Low,9,414,Matthew Mueller
INC-10224,2023-05-02 23:00:00,DXB-Core-01,Environmental,Water Leakage,High,95,68115,Robert Wright Jr.
INC-10225,2023-05-17 14:00:00,FRA-Core-01,Environmental,Water Leakage,Medium,28,6916,Christina Francis
INC-10226,2023-11-13 13:00:00,DXB-Core-01,Network,Fiber Cut,Low,13,65,Marisa Acosta
INC-10227,2023-09-19 04:00:00,DXB-Edge-02,Cooling,Cooling Pump Failure,Low,9,360,Jasmine Allen
INC-10228,2023-07-27 17:00:00,FRA-Core-01,Environmental,Water Leakage,Medium,39,12831,Michael Smith
INC-10229,2023-06-01 10:00:00,FRA-Core-01,Environmental,Temperature Spike,High,173,110028,Victoria Flores
INC-10230,2023-04-12 10:00:00,DXB-Core-01,Power,UPS Failure,High,82,66748,Peter Keller
INC-10231,2023-06-14 17:00:00,SIN-Core-01,Power,UPS Failure,Low,11,264,Richard Roberts
INC-10232,2023-11-12 22:00:00,LHR-Core-02,Network,Fiber Cut,Low,16,720,Jodi Calhoun
INC-10233,2023-04-11 23:00:00,DXB-Edge-02,Network,Router Failure,Medium,25,9900,Jared Lambert
INC-10234,2023-05-25 17:00:00,MUM-Zone-A,Power,UPS Failure,Low,14,686,Renee Castro
INC-10235,2023-10-03 01:00:00,FRA-Core-01,Network,Switch Failure,Low,14,98,Zachary Hicks
INC-10236,2023-08-28 21:00:00,DXB-Core-01,Cooling,Cooling Pump Failure,Low,14,294,Taylor Williams
INC-10237,2023-05-23 11:00:00,SIN-Core-01,Network,Fiber Cut,Low,17,408,Natasha Vargas
INC-10238,2023-11-25 04:00:00,DXB-Edge-02,Cooling,Cooling Pump Failure,Low,9,180,Sean Monroe
INC-10239,2023-08-20 21:00:00,DXB-Edge-02,Environmental,Water Leakage,Medium,28,3136,Christine Boyer
INC-10240,2023-12-16 20:00:00,LHR-Core-02,Cooling,Chiller Failure,Low,11,176,Sydney Bass
INC-10241,2023-06-16 00:00:00,LHR-Core-02,Cooling,CRAC Failure,Low,13,377,Andrew Anthony
INC-10242,2023-01-02 06:00:00,FRA-Core-01,Environmental,Water Leakage,Low,15,390,Mark Carter
INC-10243,2024-01-01 05:00:00,DXB-Edge-02,Environmental,Water Leakage,Low,11,77,Paul Rogers
INC-10244,2023-02-20 04:00:00,DXB-Core-01,Environmental,Water Leakage,Medium,28,13048,Susan Patterson
INC-10245,2023-01-08 09:00:00,FRA-Core-01,Power,PDU Overload,Low,5,150,Cassandra Walter
INC-10246,2023-05-14 01:00:00,DXB-Edge-02,Network,Router Failure,Low,8,336,Christina Jacobs
INC-10247,2023-05-04 02:00:00,FRA-Core-01,Power,Generator Failure,Low,6,78,Kristina Odom
INC-10248,2023-08-01 02:00:00,FRA-Core-01,Power,Generator Failure,Low,17,561,Deanna Walton
INC-10249,2023-03-19 12:00:00,SIN-Core-01,Network,Router Failure,Medium,56,23520,Mackenzie Gonzalez
INC-10250,2023-07-15 23:00:00,DXB-Core-01,Cooling,CRAC Failure,Critical,374,1494130,Bethany Ross
INC-10251,2023-04-27 00:00:00,LHR-Core-02,Power,PDU Overload,Low,16,656,Tammy Brown
INC-10252,2023-12-30 20:00:00,DXB-Core-01,Network,Fiber Cut,Medium,43,16684,Andrew Hall
INC-10253,2023-04-01 10:00:00,DXB-Edge-02,Network,Fiber Cut,Low,16,256,Rachael Mccall
INC-10254,2023-11-01 21:00:00,MUM-Zone-A,Cooling,Chiller Failure,Low,9,207,Kevin Taylor
INC-10255,2023-03-29 22:00:00,MUM-Zone-A,Network,Fiber Cut,High,144,90432,Ellen Campbell
INC-10256,2023-05-15 18:00:00,MUM-Zone-A,Environmental,Water Leakage,Low,8,0,Shannon Stewart
INC-10257,2023-10-17 13:00:00,DXB-Core-01,Power,Generator Failure,Low,9,72,Bailey Archer
INC-10258,2023-12-26 08:00:00,SIN-Core-01,Environmental,Water Leakage,Low,11,352,Kara Johnson
INC-10259,2023-05-22 23:00:00,MUM-Zone-A,Environmental,Water Leakage,Medium,59,16579,Kimberly Lee
INC-10260,2023-05-27 05:00:00,DXB-Core-01,Cooling,Chiller Failure,Low,12,156,Daniel Hutchinson
INC-10261,2023-06-29 15:00:00,DXB-Edge-02,Power,PDU Overload,High,163,104320,Joseph Evans
INC-10262,2023-01-24 07:00:00,MUM-Zone-A,Environmental,Water Leakage,High,116,115304,Karen Barrera
INC-10263,2023-07-27 14:00:00,DXB-Edge-02,Power,UPS Failure,Low,14,182,Kimberly Miller
INC-10264,2023-06-11 20:00:00,MUM-Zone-A,Cooling,CRAC Failure,Low,10,460,Alan Morrison
INC-10265,2023-08-29 01:00:00,SIN-Core-01,Network,Fiber Cut,Low,19,475,Amanda Andrews
INC-10266,2023-12-29 14:00:00,FRA-Core-01,Environmental,Temperature Spike,High,60,55080,Jasmine Sullivan
INC-10267,2023-11-08 21:00:00,FRA-Core-01,Power,Generator Failure,High,60,41220,Samantha Harris
INC-10268,2023-09-25 15:00:00,MUM-Zone-A,Environmental,Temperature Spike,Low,11,374,Justin Parker
INC-10269,2023-04-30 15:00:00,MUM-Zone-A,Environmental,Temperature Spike,Low,9,351,Gregory Harris
INC-10270,2023-11-26 05:00:00,LHR-Core-02,Network,Switch Failure,Medium,22,6688,Jason Massey
INC-10271,2023-07-17 17:00:00,SIN-Core-01,Environmental,Temperature Spike,Medium,24,5496,Antonio York
INC-10272,2023-04-27 13:00:00,SIN-Core-01,Cooling,Chiller Failure,Low,15,165,Carl Robinson
INC-10273,2023-08-31 06:00:00,FRA-Core-01,Network,Router Failure,Low,12,96,Danielle Lee
INC-10274,2023-12-22 15:00:00,DXB-Edge-02,Power,UPS Failure,High,124,76632,George Foster
INC-10275,2023-05-24 17:00:00,MUM-Zone-A,Power,Generator Failure,High,81,77193,Angelica Torres
INC-10276,2023-06-06 18:00:00,LHR-Core-02,Environmental,Temperature Spike,Low,6,54,Christina Wallace
INC-10277,2023-01-04 11:00:00,DXB-Edge-02,Cooling,Chiller Failure,Medium,51,13362,Megan Cruz
INC-10278,2023-08-26 22:00:00,MUM-Zone-A,Power,Generator Failure,Low,11,231,Larry Williams
INC-10279,2023-12-04 20:00:00,LHR-Core-02,Cooling,CRAC Failure,Low,13,91,Heather Gonzalez
INC-10280,2023-12-07 20:00:00,LHR-Core-02,Network,Fiber Cut,Medium,49,24010,Shaun Foster
INC-10281,2023-04-07 14:00:00,DXB-Core-01,Environmental,Temperature Spike,Medium,58,20416,Luis Brown
INC-10282,2023-05-12 16:00:00,DXB-Core-01,Cooling,CRAC Failure,Low,9,54,Joanne Joseph
INC-10283,2023-07-30 22:00:00,DXB-Edge-02,Power,Generator Failure,Medium,25,6375,Deborah Wells
INC-10284,2023-10-10 17:00:00,FRA-Core-01,Power,PDU Overload,Low,7,217,Elizabeth Rivera
INC-10285,2023-01-07 04:00:00,LHR-Core-02,Cooling,Cooling Pump Failure,Low,11,33,Nancy Fitzpatrick
INC-10286,2023-04-16 03:00:00,LHR-Core-02,Network,Fiber Cut,Low,8,72,Ashley Krause
INC-10287,2023-10-02 04:00:00,DXB-Core-01,Environmental,Water Leakage,Low,16,448,William Chan
INC-10288,2023-11-22 22:00:00,LHR-Core-02,Environmental,Temperature Spike,Low,10,210,Tracey Andrade
INC-10289,2023-06-05 18:00:00,LHR-Core-02,Power,PDU Overload,High,67,50652,Sarah Holloway
INC-10290,2023-04-07 11:00:00,FRA-Core-01,Network,Router Failure,Low,18,288,Daniel Ortega
INC-10291,2023-08-07 20:00:00,FRA-Core-01,Power,PDU Overload,Low,18,594,Anthony Cox
INC-10292,2023-12-09 13:00:00,MUM-Zone-A,Network,Fiber Cut,Medium,45,9180,James Bennett
INC-10293,2023-02-23 03:00:00,LHR-Core-02,Environmental,Temperature Spike,Low,15,585,Dr. Danny Thompson
INC-10294,2023-02-15 16:00:00,DXB-Core-01,Power,PDU Overload,Low,19,57,Seth Harrison
INC-10295,2023-04-05 07:00:00,DXB-Edge-02,Environmental,Temperature Spike,Low,18,810,Clayton Moses
INC-10296,2023-04-21 05:00:00,LHR-Core-02,Network,Fiber Cut,Low,17,136,Christian Green
INC-10297,2023-04-26 10:00:00,SIN-Core-01,Environmental,Water Leakage,Low,6,246,Chelsea Butler
INC-10298,2023-07-05 11:00:00,FRA-Core-01,Network,Switch Failure,Low,14,672,James Moore
INC-10299,2023-01-08 18:00:00,DXB-Edge-02,Environmental,Temperature Spike,Low,11,242,Anthony Black
INC-10300,2023-12-24 00:00:00,DXB-Edge-02,Network,Router Failure,Critical,358,495830,Brittany Gilbert
INC-10301,2023-12-01 06:00:00,SIN-Core-01,Cooling,Chiller Failure,Low,19,874,Jose Burns
INC-10302,2023-08-15 05:00:00,DXB-Edge-02,Network,Fiber Cut,Medium,36,11484,Lisa Mendoza
INC-10303,2023-04-30 05:00:00,SIN-Core-01,Cooling,Cooling Pump Failure,Low,6,102,Karen Smith
INC-10304,2023-02-01 03:00:00,DXB-Edge-02,Cooling,Chiller Failure,Medium,40,13640,Kristie Henson
INC-10305,2023-10-28 10:00:00,MUM-Zone-A,Network,Fiber Cut,Medium,36,17676,Lisa Mora
INC-10306,2023-04-15 20:00:00,LHR-Core-02,Network,Router Failure,Low,15,375,Bonnie Dennis
INC-10307,2023-03-17 02:00:00,DXB-Core-01,Network,Router Failure,Low,7,217,Amanda Barnett
INC-10308,2023-05-23 16:00:00,DXB-Core-01,Network,Fiber Cut,Critical,276,579048,Jonathan Schmidt
INC-10309,2023-10-07 03:00:00,FRA-Core-01,Network,Switch Failure,High,61,38003,James Macdonald
INC-10310,2023-12-15 22:00:00,FRA-Core-01,Power,PDU Overload,Low,15,195,Monica Johnson
INC-10311,2023-09-20 18:00:00,MUM-Zone-A,Environmental,Water Leakage,High,123,95694,Danny Fields
INC-10312,2023-03-17 12:00:00,LHR-Core-02,Cooling,Cooling Pump Failure,Low,12,48,Amber Sharp
INC-10313,2023-12-12 16:00:00,DXB-Edge-02,Network,Router Failure,Low,10,10,Denise Hall
INC-10314,2023-05-21 11:00:00,SIN-Core-01,Power,PDU Overload,High,89,62834,Hailey Willis
INC-10315,2023-09-01 01:00:00,MUM-Zone-A,Network,Switch Failure,Low,19,589,Bryan Fischer
INC-10316,2023-10-05 04:00:00,MUM-Zone-A,Environmental,Water Leakage,Low,11,88,Jason Kent
INC-10317,2023-08-14 04:00:00,MUM-Zone-A,Power,UPS Failure,Medium,37,9916,Jennifer Howard
INC-10318,2023-01-24 23:00:00,MUM-Zone-A,Environmental,Temperature Spike,Low,11,418,Jaclyn Hodges
INC-10319,2023-06-09 22:00:00,LHR-Core-02,Cooling,Cooling Pump Failure,Low,13,650,Antonio Evans
INC-10320,2023-03-16 23:00:00,FRA-Core-01,Power,PDU Overload,Low,18,828,Jackie Lane
INC-10321,2023-02-23 09:00:00,DXB-Core-01,Power,PDU Overload,Medium,35,3780,Jerry Mora
INC-10322,2023-03-13 17:00:00,DXB-Core-01,Power,PDU Overload,Low,9,396,Andrew Mosley
INC-10323,2023-11-12 14:00:00,FRA-Core-01,Cooling,Chiller Failure,Low,13,442,Donald Pearson
INC-10324,2023-12-14 02:00:00,DXB-Core-01,Environmental,Temperature Spike,Medium,37,5661,Patrick Martinez
INC-10325,2023-01-02 02:00:00,DXB-Edge-02,Network,Switch Failure,Low,12,0,Patricia Haley
INC-10326,2023-02-25 06:00:00,DXB-Core-01,Network,Fiber Cut,High,127,122936,Jay Chandler
INC-10327,2023-02-28 05:00:00,DXB-Core-01,Environmental,Temperature Spike,Low,18,630,Amy Campos
INC-10328,2023-12-07 16:00:00,FRA-Core-01,Network,Fiber Cut,Low,15,270,Andrew Hicks
INC-10329,2023-09-01 20:00:00,DXB-Core-01,Cooling,CRAC Failure,Low,16,416,Daniel Holt
INC-10330,2023-01-07 02:00:00,DXB-Edge-02,Network,Router Failure,Low,8,240,Erin Soto
INC-10331,2023-11-03 16:00:00,FRA-Core-01,Network,Router Failure,Low,6,288,Jamie Martinez
INC-10332,2023-10-25 12:00:00,FRA-Core-01,Cooling,CRAC Failure,Low,10,80,Joseph Gutierrez
INC-10333,2023-05-14 23:00:00,MUM-Zone-A,Environmental,Water Leakage,Low,10,350,Charles Garcia
INC-10334,2023-03-01 03:00:00,LHR-Core-02,Power,UPS Failure,Low,18,288,Jeremy Gonzales
INC-10335,2023-02-14 07:00:00,MUM-Zone-A,Network,Router Failure,Low,15,315,Dr. Amanda Young
INC-10336,2023-11-19 08:00:00,DXB-Core-01,Environmental,Temperature Spike,Low,16,528,Jerry Pierce
INC-10337,2023-01-30 03:00:00,DXB-Core-01,Environmental,Temperature Spike,Low,13,65,Danny Obrien
INC-10338,2023-04-08 03:00:00,FRA-Core-01,Power,Generator Failure,High,65,59540,Linda Martinez
INC-10339,2023-04-25 12:00:00,DXB-Edge-02,Network,Router Failure,Low,12,204,Brian Hart
INC-10340,2023-08-20 17:00:00,DXB-Edge-02,Cooling,Cooling Pump Failure,High,168,164472,Sarah Roth
INC-10341,2023-06-16 10:00:00,LHR-Core-02,Environmental,Water Leakage,Low,15,525,Stephanie Harvey
INC-10342,2023-08-07 07:00:00,SIN-Core-01,Environmental,Water Leakage,Low,9,387,Kathy Mercado
INC-10343,2023-09-21 23:00:00,DXB-Core-01,Power,UPS Failure,Low,5,145,Christopher Briggs
INC-10344,2023-12-28 03:00:00,LHR-Core-02,Power,UPS Failure,Low,14,476,Michael Parker
INC-10345,2023-07-19 20:00:00,MUM-Zone-A,Network,Fiber Cut,Low,18,54,James Malone
INC-10346,2023-04-06 12:00:00,MUM-Zone-A,Environmental,Temperature Spike,Medium,43,19092,Ann Jones
INC-10347,2023-02-09 22:00:00,MUM-Zone-A,Power,UPS Failure,Medium,32,7936,William Garcia
INC-10348,2023-10-06 16:00:00,SIN-Core-01,Network,Router Failure,Medium,41,17179,David Thomas
INC-10349,2023-01-06 05:00:00,FRA-Core-01,Network,Fiber Cut,Low,18,558,Timothy Houston
INC-10350,2023-01-21 19:00:00,DXB-Edge-02,Environmental,Temperature Spike,High,120,112080,Carl Robbins
INC-10351,2023-04-19 16:00:00,LHR-Core-02,Network,Switch Failure,Low,6,48,Adriana Taylor
INC-10352,2023-06-26 04:00:00,FRA-Core-01,Environmental,Temperature Spike,Medium,52,12116,Theresa Bishop
INC-10353,2023-12-03 08:00:00,DXB-Core-01,Environmental,Temperature Spike,Medium,58,6264,Vanessa Martinez
INC-10354,2023-01-24 23:00:00,FRA-Core-01,Environmental,Water Leakage,Medium,35,12985,Selena Lawrence
INC-10355,2023-09-03 04:00:00,DXB-Core-01,Cooling,CRAC Failure,Low,8,96,Bruce Lindsey
INC-10356,2023-03-04 13:00:00,SIN-Core-01,Power,PDU Overload,Low,6,222,Danielle Gillespie
INC-10357,2023-04-29 09:00:00,DXB-Core-01,Cooling,Cooling Pump Failure,Medium,50,20050,Jason Munoz
INC-10358,2023-07-02 04:00:00,FRA-Core-01,Environmental,Water Leakage,High,115,86250,Frank Perez PhD
INC-10359,2023-07-07 11:00:00,FRA-Core-01,Environmental,Temperature Spike,Low,6,42,Kristi Davis
INC-10360,2023-03-14 06:00:00,DXB-Edge-02,Environmental,Water Leakage,Low,19,19,Steven Nelson
INC-10361,2023-02-26 11:00:00,SIN-Core-01,Cooling,Cooling Pump Failure,Low,16,192,Mr. Jeffery Spencer
INC-10362,2023-06-29 07:00:00,DXB-Core-01,Power,PDU Overload,Low,14,252,James Weaver
INC-10363,2023-10-26 16:00:00,FRA-Core-01,Environmental,Temperature Spike,Low,7,245,Darren Wells
INC-10364,2023-02-16 00:00:00,SIN-Core-01,Environmental,Temperature Spike,Low,12,84,Mckenzie Cantu
INC-10365,2023-03-31 11:00:00,MUM-Zone-A,Environmental,Water Leakage,Low,13,260,Amber Donaldson
INC-10366,2023-12-29 13:00:00,DXB-Edge-02,Network,Fiber Cut,Low,7,84,Paul Jones
INC-10367,2023-09-13 15:00:00,FRA-Core-01,Network,Router Failure,Low,19,551,Kayla Taylor
INC-10368,2023-05-11 01:00:00,SIN-Core-01,Power,PDU Overload,Low,7,203,Michael Ford
INC-10369,2023-06-07 19:00:00,DXB-Edge-02,Power,Generator Failure,Critical,262,671244,Teresa Willis
INC-10370,2023-06-07 11:00:00,DXB-Core-01,Environmental,Water Leakage,Medium,21,5061,David Terry
INC-10371,2023-12-19 09:00:00,MUM-Zone-A,Cooling,Cooling Pump Failure,Medium,42,17850,Paul Daniels
INC-10372,2023-11-10 08:00:00,MUM-Zone-A,Network,Router Failure,Critical,505,2340675,Heather Burgess
INC-10373,2023-01-01 11:00:00,MUM-Zone-A,Environmental,Water Leakage,Low,5,5,Leonard Ramirez
INC-10374,2023-04-22 01:00:00,MUM-Zone-A,Cooling,CRAC Failure,Low,15,615,Brian Perez
INC-10375,2023-04-10 04:00:00,FRA-Core-01,Network,Switch Failure,Critical,502,1911616,Tiffany Gomez
INC-10376,2023-12-21 15:00:00,MUM-Zone-A,Power,PDU Overload,Low,6,138,Joshua Gates
INC-10377,2023-02-16 18:00:00,LHR-Core-02,Network,Switch Failure,High,131,80565,Melissa Mitchell
INC-10378,2023-12-17 05:00:00,DXB-Core-01,Environmental,Temperature Spike,High,97,66154,Robert White
INC-10379,2023-01-06 20:00:00,DXB-Core-01,Environmental,Temperature Spike,Low,12,516,Monica Logan
INC-10380,2023-11-09 11:00:00,FRA-Core-01,Environmental,Temperature Spike,Low,11,363,Mr. Joe Lyons
INC-10381,2023-12-03 09:00:00,SIN-Core-01,Power,PDU Overload,Low,18,666,Danielle Bates
INC-10382,2023-12-07 02:00:00,MUM-Zone-A,Power,Generator Failure,Low,7,14,Michael West
INC-10383,2023-03-06 05:00:00,DXB-Edge-02,Network,Fiber Cut,Medium,58,11716,Elizabeth King
INC-10384,2023-02-25 15:00:00,DXB-Edge-02,Environmental,Temperature Spike,Medium,40,16560,Keith Garcia
INC-10385,2023-06-26 11:00:00,DXB-Core-01,Network,Router Failure,Medium,37,3811,Jennifer Hayden
INC-10386,2023-03-08 01:00:00,SIN-Core-01,Environmental,Temperature Spike,Low,19,950,Amy Velasquez
INC-10387,2023-10-25 21:00:00,LHR-Core-02,Environmental,Temperature Spike,High,128,66304,Joseph Taylor
INC-10388,2023-01-24 07:00:00,SIN-Core-01,Cooling,Chiller Failure,Critical,363,1799028,Sean Mckinney
INC-10389,2023-06-05 11:00:00,DXB-Core-01,Network,Fiber Cut,Low,12,564,Aimee Rodriguez
INC-10390,2023-12-03 22:00:00,FRA-Core-01,Power,Generator Failure,Low,7,147,Kathy Gibson
INC-10391,2023-12-01 06:00:00,SIN-Core-01,Network,Fiber Cut,Medium,45,20295,Ms. Heather Malone
INC-10392,2023-12-06 20:00:00,FRA-Core-01,Power,PDU Overload,Low,16,464,Ryan Serrano
INC-10393,2023-02-22 05:00:00,SIN-Core-01,Network,Switch Failure,Low,11,495,Mario Schwartz
INC-10394,2023-11-18 11:00:00,LHR-Core-02,Power,Generator Failure,Low,16,656,Johnny Johnson
INC-10395,2023-07-31 18:00:00,DXB-Core-01,Cooling,CRAC Failure,Low,5,170,Alan Pennington
INC-10396,2023-04-23 06:00:00,MUM-Zone-A,Environmental,Water Leakage,Low,10,90,Sylvia Price
INC-10397,2023-07-04 09:00:00,LHR-Core-02,Cooling,CRAC Failure,Low,18,882,Richard Turner Jr.
INC-10398,2023-03-09 17:00:00,DXB-Core-01,Power,PDU Overload,Medium,21,7980,Andrew West
INC-10399,2023-05-13 01:00:00,FRA-Core-01,Network,Switch Failure,Low,15,90,Julia Garcia
INC-10400,2023-09-26 00:00:00,MUM-Zone-A,Network,Switch Failure,Critical,448,1765120,Robert Patel
INC-10401,2023-01-11 06:00:00,SIN-Core-01,Cooling,Cooling Pump Failure,High,81,41796,Andrea Mcneil
INC-10402,2023-11-30 16:00:00,SIN-Core-01,Power,Generator Failure,Low,19,703,Catherine Edwards
INC-10403,2023-07-20 13:00:00,DXB-Core-01,Cooling,Chiller Failure,Low,10,60,David Graham
INC-10404,2023-02-17 09:00:00,MUM-Zone-A,Power,Generator Failure,Critical,274,864470,Xavier Goodwin
INC-10405,2023-05-26 23:00:00,DXB-Edge-02,Network,Router Failure,Low,12,0,Jose Proctor
INC-10406,2023-03-01 22:00:00,LHR-Core-02,Network,Switch Failure,Low,16,192,Courtney Benton
INC-10407,2023-10-10 09:00:00,LHR-Core-02,Cooling,Cooling Pump Failure,Medium,52,20748,Jacqueline Underwood
INC-10408,2023-03-09 19:00:00,MUM-Zone-A,Network,Switch Failure,Medium,57,18468,Dr. Kenneth Young DDS
INC-10409,2023-05-18 12:00:00,FRA-Core-01,Network,Switch Failure,Low,15,105,Dylan Vazquez
INC-10410,2023-03-11 07:00:00,FRA-Core-01,Power,PDU Overload,Low,10,160,Megan Hayes
INC-10411,2023-12-06 12:00:00,MUM-Zone-A,Network,Switch Failure,Low,18,342,Matthew Phillips
INC-10412,2023-11-07 01:00:00,MUM-Zone-A,Environmental,Water Leakage,Low,19,38,Nicole Davidson
INC-10413,2023-09-09 17:00:00,DXB-Core-01,Cooling,Cooling Pump Failure,Low,17,289,Deborah Duncan
INC-10414,2023-08-13 09:00:00,SIN-Core-01,Power,UPS Failure,Medium,58,22794,Leonard Robertson
INC-10415,2023-09-07 03:00:00,FRA-Core-01,Environmental,Water Leakage,Low,5,250,Mary Nguyen
INC-10416,2023-02-08 11:00:00,SIN-Core-01,Cooling,Cooling Pump Failure,Medium,34,7888,David Reeves
INC-10417,2023-05-19 09:00:00,MUM-Zone-A,Network,Fiber Cut,Low,17,255,Christopher Duncan
INC-10418,2023-02-11 12:00:00,FRA-Core-01,Environmental,Temperature Spike,Low,10,60,Samuel Cruz
INC-10419,2023-08-17 20:00:00,LHR-Core-02,Environmental,Water Leakage,Low,12,540,Jimmy Long
INC-10420,2023-08-28 17:00:00,LHR-Core-02,Environmental,Water Leakage,Low,9,63,Barry Cooper
INC-10421,2023-06-18 19:00:00,FRA-Core-01,Network,Router Failure,Low,11,297,Melissa Morales
INC-10422,2023-12-14 09:00:00,SIN-Core-01,Power,Generator Failure,Medium,41,20418,Renee Swanson
INC-10423,2023-08-30 06:00:00,MUM-Zone-A,Cooling,Cooling Pump Failure,High,81,68769,Brandon Aguilar
INC-10424,2023-09-25 05:00:00,SIN-Core-01,Network,Fiber Cut,Low,12,492,Phyllis Dennis
INC-10425,2023-08-03 01:00:00,LHR-Core-02,Cooling,Chiller Failure,Low,16,128,William Lawrence
INC-10426,2023-10-07 06:00:00,DXB-Edge-02,Environmental,Water Leakage,Low,14,462,Troy Miller
INC-10427,2023-08-25 03:00:00,LHR-Core-02,Network,Fiber Cut,Low,10,400,Stephen Griffith
INC-10428,2023-06-03 13:00:00,SIN-Core-01,Environmental,Water Leakage,Low,11,264,Crystal Rogers
INC-10429,2023-01-08 15:00:00,FRA-Core-01,Cooling,CRAC Failure,Low,5,205,Christine Montgomery
INC-10430,2023-10-02 07:00:00,FRA-Core-01,Cooling,Cooling Pump Failure,Low,13,0,Jesse Ramos
INC-10431,2023-12-25 15:00:00,MUM-Zone-A,Network,Router Failure,Critical,331,569651,Jessica Stewart
INC-10432,2023-10-09 19:00:00,LHR-Core-02,Cooling,Chiller Failure,Low,19,532,Nicholas Horne
INC-10433,2023-07-20 20:00:00,DXB-Edge-02,Network,Fiber Cut,Low,7,63,Christopher Hamilton
INC-10434,2023-08-09 01:00:00,DXB-Core-01,Cooling,Chiller Failure,Medium,25,4750,Donald Morris
INC-10435,2023-04-01 06:00:00,SIN-Core-01,Power,UPS Failure,Low,13,234,Marcus Winters
INC-10436,2023-11-12 13:00:00,FRA-Core-01,Network,Switch Failure,Low,6,66,Darlene Martin
INC-10437,2023-07-19 02:00:00,DXB-Core-01,Network,Router Failure,Low,8,184,Deborah Phillips
INC-10438,2023-10-08 15:00:00,LHR-Core-02,Environmental,Temperature Spike,Low,16,64,Ethan Gross
INC-10439,2023-02-09 18:00:00,SIN-Core-01,Network,Fiber Cut,High,155,128960,Sydney Lee
INC-10440,2023-04-12 10:00:00,LHR-Core-02,Power,UPS Failure,Medium,28,7952,Brian Kim
INC-10441,2023-02-27 19:00:00,DXB-Core-01,Network,Switch Failure,Low,14,644,John Rangel
INC-10442,2023-08-16 15:00:00,LHR-Core-02,Cooling,Cooling Pump Failure,Low,7,189,Ryan Morrison
INC-10443,2023-09-05 23:00:00,LHR-Core-02,Cooling,CRAC Failure,Critical,216,840240,Deanna Harvey
INC-10444,2023-10-20 20:00:00,MUM-Zone-A,Cooling,Chiller Failure,Low,13,481,Courtney Jones
INC-10445,2023-04-04 21:00:00,MUM-Zone-A,Power,PDU Overload,Low,14,56,Roger Casey
INC-10446,2023-12-18 12:00:00,LHR-Core-02,Network,Router Failure,Low,16,544,Timothy Palmer
INC-10447,2023-04-10 07:00:00,SIN-Core-01,Network,Fiber Cut,Low,7,161,Grace Donaldson
INC-10448,2023-09-10 06:00:00,DXB-Edge-02,Power,PDU Overload,Low,6,252,Christopher Jenkins
INC-10449,2023-08-25 09:00:00,SIN-Core-01,Power,UPS Failure,Low,9,45,Shannon Pitts
INC-10450,2023-08-10 21:00:00,DXB-Core-01,Network,Fiber Cut,High,115,70725,Pamela Perez
INC-10451,2023-12-27 22:00:00,DXB-Edge-02,Network,Router Failure,Low,10,240,Brittney Bradley
INC-10452,2023-05-23 07:00:00,FRA-Core-01,Cooling,Chiller Failure,Medium,21,7119,Joanne Smith
INC-10453,2023-07-25 23:00:00,LHR-Core-02,Network,Switch Failure,Medium,28,13412,Valerie Mays
INC-10454,2023-06-04 11:00:00,SIN-Core-01,Environmental,Temperature Spike,Low,13,377,Roger Washington
INC-10455,2023-02-05 16:00:00,SIN-Core-01,Environmental,Water Leakage,Low,5,105,Phillip Hayes
INC-10456,2023-02-19 19:00:00,DXB-Core-01,Cooling,CRAC Failure,Low,18,198,Marcus Jordan
INC-10457,2023-12-26 21:00:00,LHR-Core-02,Power,Generator Failure,High,70,65870,Scott Cox
INC-10458,2023-05-08 03:00:00,SIN-Core-01,Cooling,Cooling Pump Failure,Medium,25,8875,Kathleen Santiago
INC-10459,2023-09-28 22:00:00,MUM-Zone-A,Network,Switch Failure,High,149,100724,Ashley Smith
INC-10460,2023-01-16 12:00:00,FRA-Core-01,Cooling,CRAC Failure,Low,5,185,Ethan Boyd
INC-10461,2023-07-11 16:00:00,MUM-Zone-A,Environmental,Temperature Spike,Low,16,336,Kimberly Mcneil
INC-10462,2023-07-11 21:00:00,DXB-Core-01,Environmental,Water Leakage,Critical,207,359145,Larry Carlson PhD
INC-10463,2023-09-29 16:00:00,DXB-Core-01,Power,Generator Failure,High,157,104091,Jerry Blankenship
INC-10464,2023-12-03 10:00:00,LHR-Core-02,Power,UPS Failure,Medium,56,27104,Jennifer Castillo
INC-10465,2023-12-11 04:00:00,LHR-Core-02,Power,UPS Failure,Critical,349,833761,Kimberly Clark
INC-10466,2023-12-14 15:00:00,SIN-Core-01,Environmental,Temperature Spike,Medium,32,6208,Eric Phillips
INC-10467,2023-06-13 01:00:00,LHR-Core-02,Network,Router Failure,Low,19,399,Elizabeth Stokes
INC-10468,2023-02-02 01:00:00,LHR-Core-02,Power,PDU Overload,Low,6,246,Steven Archer
INC-10469,2023-08-02 12:00:00,FRA-Core-01,Network,Router Failure,Low,14,280,Dr. Kimberly Mack
INC-10470,2023-11-08 15:00:00,DXB-Edge-02,Power,UPS Failure,Low,16,416,Katherine Guerrero
INC-10471,2023-08-17 07:00:00,SIN-Core-01,Network,Fiber Cut,Medium,57,26847,Kimberly Macdonald
INC-10472,2023-02-17 20:00:00,LHR-Core-02,Network,Switch Failure,Low,7,273,Monica Phillips
INC-10473,2023-12-11 12:00:00,FRA-Core-01,Cooling,Chiller Failure,Medium,21,6237,Anthony George
INC-10474,2023-01-13 12:00:00,DXB-Core-01,Cooling,CRAC Failure,Medium,24,3288,Mr. Joshua Carpenter
INC-10475,2023-02-22 19:00:00,DXB-Core-01,Network,Fiber Cut,High,164,153340,Michael Pham
INC-10476,2023-02-19 22:00:00,DXB-Core-01,Network,Router Failure,Medium,54,24030,Jason Johnson
INC-10477,2023-02-07 11:00:00,LHR-Core-02,Environmental,Temperature Spike,Medium,56,22624,Jennifer Sharp
INC-10478,2023-01-01 06:00:00,MUM-Zone-A,Power,PDU Overload,Low,14,224,Eric Collins
INC-10479,2023-11-05 01:00:00,MUM-Zone-A,Cooling,Cooling Pump Failure,Low,18,306,Jared Martin
INC-10480,2023-08-18 03:00:00,DXB-Edge-02,Power,UPS Failure,Low,18,468,Brandon Frank
INC-10481,2023-03-06 15:00:00,LHR-Core-02,Power,PDU Overload,Medium,20,7680,Lori Mitchell
INC-10482,2023-02-01 10:00:00,SIN-Core-01,Power,UPS Failure,Low,9,0,Peter Bradley
INC-10483,2023-11-11 18:00:00,DXB-Core-01,Power,Generator Failure,Low,9,108,Robert Lee
INC-10484,2023-04-18 17:00:00,DXB-Edge-02,Cooling,CRAC Failure,Low,10,380,Scott Roach
INC-10485,2023-05-16 16:00:00,SIN-Core-01,Cooling,Cooling Pump Failure,Low,7,28,Mr. Patrick Alexander
INC-10486,2023-09-20 01:00:00,FRA-Core-01,Cooling,CRAC Failure,Low,7,196,Ryan King
INC-10487,2023-05-14 06:00:00,LHR-Core-02,Cooling,CRAC Failure,Low,13,247,Dr. Austin Davidson
INC-10488,2023-01-23 07:00:00,FRA-Core-01,Cooling,Chiller Failure,Low,12,360,Justin Greene DDS
INC-10489,2023-03-04 02:00:00,FRA-Core-01,Network,Router Failure,Low,6,30,Heather Levine
INC-10490,2023-08-02 08:00:00,DXB-Core-01,Cooling,CRAC Failure,Low,6,60,John Yang
INC-10491,2023-04-19 15:00:00,SIN-Core-01,Environmental,Water Leakage,Low,17,408,Amy Montgomery
INC-10492,2023-03-28 08:00:00,SIN-Core-01,Cooling,Cooling Pump Failure,Low,6,60,Corey Cisneros
INC-10493,2023-05-09 10:00:00,DXB-Edge-02,Environmental,Water Leakage,High,73,37887,Elizabeth Chandler MD
INC-10494,2023-09-10 11:00:00,MUM-Zone-A,Cooling,Cooling Pump Failure,Low,12,216,Tammy Wheeler
INC-10495,2023-06-10 10:00:00,FRA-Core-01,Environmental,Water Leakage,Medium,39,5616,Alison Navarro
INC-10496,2023-09-10 14:00:00,MUM-Zone-A,Power,PDU Overload,High,88,45408,Raymond Oneal
INC-10497,2023-11-04 08:00:00,FRA-Core-01,Power,UPS Failure,Low,18,648,Amanda Davis
INC-10498,2024-01-01 06:00:00,DXB-Core-01,Power,UPS Failure,Low,5,230,Carl Gibson
INC-10499,2023-05-11 21:00:00,SIN-Core-01,Environmental,Water Leakage,Medium,29,14239,Jimmy Anderson
INC-10500,2023-04-16 02:00:00,FRA-Core-01,Power,PDU Overload,Low,11,132,Susan Hughes
INC-10501,2023-09-02 07:00:00,LHR-Core-02,Power,PDU Overload,Low,8,344,Carl Mcdaniel
INC-10502,2023-06-18 06:00:00,MUM-Zone-A,Power,PDU Overload,Low,15,0,Rachel White
INC-10503,2023-11-04 20:00:00,SIN-Core-01,Power,Generator Failure,Low,15,390,Mr. Edward Calderon
INC-10504,2023-02-16 15:00:00,SIN-Core-01,Environmental,Temperature Spike,Medium,27,11610,Kelly Campbell
INC-10505,2023-05-14 11:00:00,FRA-Core-01,Network,Switch Failure,Medium,46,16054,Joanne Phillips
INC-10506,2023-10-06 12:00:00,FRA-Core-01,Cooling,Chiller Failure,Low,6,210,Elizabeth Long
INC-10507,2023-07-23 20:00:00,SIN-Core-01,Environmental,Water Leakage,Low,16,752,Charles Nelson
INC-10508,2023-02-25 21:00:00,SIN-Core-01,Power,PDU Overload,Low,11,473,Alison Moses DDS
INC-10509,2023-06-14 18:00:00,DXB-Edge-02,Cooling,CRAC Failure,Low,7,308,Adam Lee
INC-10510,2023-04-07 19:00:00,DXB-Core-01,Cooling,CRAC Failure,High,156,96252,Russell Walker
INC-10511,2023-08-02 17:00:00,FRA-Core-01,Environmental,Temperature Spike,Low,5,55,Jessica Little
INC-10512,2023-02-24 12:00:00,MUM-Zone-A,Network,Fiber Cut,Low,16,208,Jose Smith
INC-10513,2023-06-14 08:00:00,SIN-Core-01,Cooling,Cooling Pump Failure,Low,9,27,Oscar Stevenson
INC-10514,2023-09-20 15:00:00,LHR-Core-02,Power,UPS Failure,Low,14,42,Jose Sweeney
INC-10515,2023-10-01 18:00:00,SIN-Core-01,Power,PDU Overload,Low,11,11,Ian Harrison
INC-10516,2023-03-12 13:00:00,DXB-Edge-02,Power,UPS Failure,Low,7,126,Mark Moore
INC-10517,2023-09-19 04:00:00,FRA-Core-01,Environmental,Temperature Spike,Low,18,594,Christine Mckinney
INC-10518,2023-08-10 09:00:00,MUM-Zone-A,Power,UPS Failure,Low,15,390,Ashley Smith
INC-10519,2023-03-27 15:00:00,MUM-Zone-A,Cooling,Cooling Pump Failure,Low,6,102,Stacey Navarro
INC-10520,2023-10-05 23:00:00,LHR-Core-02,Power,UPS Failure,Low,9,162,Karen Baker
INC-10521,2023-07-01 15:00:00,FRA-Core-01,Environmental,Water Leakage,Low,16,560,Ronald Nunez
INC-10522,2023-04-21 02:00:00,LHR-Core-02,Environmental,Water Leakage,Medium,52,25480,Stephanie Taylor
INC-10523,2023-01-20 02:00:00,SIN-Core-01,Cooling,CRAC Failure,Low,16,800,Cindy Gonzalez
INC-10524,2023-05-01 13:00:00,DXB-Edge-02,Power,UPS Failure,Low,12,408,Sharon Davis
INC-10525,2023-06-08 06:00:00,MUM-Zone-A,Network,Switch Failure,Low,7,14,Sara Jones
INC-10526,2023-02-07 19:00:00,SIN-Core-01,Network,Switch Failure,Low,9,180,Michael Huffman
INC-10527,2023-03-21 11:00:00,FRA-Core-01,Cooling,CRAC Failure,Medium,29,4872,David Roberts
INC-10528,2023-11-26 09:00:00,FRA-Core-01,Power,Generator Failure,High,62,43772,Sonia Garcia
INC-10529,2023-03-08 08:00:00,MUM-Zone-A,Power,PDU Overload,Medium,21,7161,Kristina Johnston
INC-10530,2023-05-18 10:00:00,FRA-Core-01,Power,Generator Failure,Low,12,192,Christopher Brown
INC-10531,2023-01-27 10:00:00,MUM-Zone-A,Power,PDU Overload,Low,14,210,Zachary Lane
INC-10532,2023-10-16 21:00:00,FRA-Core-01,Power,UPS Failure,Critical,514,667172,Kevin Collins
INC-10533,2023-02-24 03:00:00,FRA-Core-01,Environmental,Water Leakage,Low,14,672,Robert Jones
INC-10534,2023-02-08 13:00:00,SIN-Core-01,Cooling,Cooling Pump Failure,Low,15,735,Steve Arnold
INC-10535,2023-12-08 12:00:00,LHR-Core-02,Power,Generator Failure,High,166,118856,James Morales
INC-10536,2023-10-25 19:00:00,SIN-Core-01,Network,Fiber Cut,Low,8,64,Christopher Morris
INC-10537,2023-12-04 18:00:00,DXB-Edge-02,Power,PDU Overload,Low,5,45,Ashley Gallagher
INC-10538,2023-06-30 07:00:00,DXB-Core-01,Environmental,Temperature Spike,Low,19,247,Michael Barrett
INC-10539,2023-10-23 13:00:00,MUM-Zone-A,Environmental,Water Leakage,High,158,148204,William Shah
INC-10540,2023-05-19 04:00:00,SIN-Core-01,Network,Switch Failure,Critical,182,851032,Holly Rasmussen
INC-10541,2023-04-30 19:00:00,LHR-Core-02,Power,PDU Overload,Medium,54,24408,Charles Johnson
INC-10542,2023-04-16 05:00:00,DXB-Core-01,Environmental,Temperature Spike,Low,14,98,Michael Wells
INC-10543,2023-02-21 22:00:00,DXB-Edge-02,Environmental,Water Leakage,Low,11,550,Anthony Tucker
INC-10544,2023-11-26 19:00:00,LHR-Core-02,Network,Router Failure,Medium,37,17649,Brandi Singleton
INC-10545,2023-03-31 09:00:00,LHR-Core-02,Network,Switch Failure,Medium,44,6952,Larry Johnson
INC-10546,2023-08-17 00:00:00,LHR-Core-02,Network,Fiber Cut,Low,9,117,Jose Mata
INC-10547,2023-05-24 08:00:00,DXB-Core-01,Cooling,CRAC Failure,Medium,48,17664,Julie Wolfe
INC-10548,2023-01-10 12:00:00,FRA-Core-01,Network,Fiber Cut,Low,5,205,Daniel Ray
INC-10549,2023-10-20 02:00:00,FRA-Core-01,Network,Fiber Cut,Medium,25,4675,Tanner Palmer
INC-10550,2023-07-05 16:00:00,SIN-Core-01,Environmental,Temperature Spike,Low,8,232,Ronald Davis
INC-10551,2023-06-09 14:00:00,DXB-Core-01,Power,Generator Failure,Medium,28,9548,Lisa Miller
INC-10552,2023-01-29 08:00:00,DXB-Core-01,Power,Generator Failure,Low,9,135,Brian Doyle
INC-10553,2023-02-10 23:00:00,DXB-Edge-02,Environmental,Water Leakage,Low,14,532,Charles Clark
INC-10554,2023-11-22 09:00:00,DXB-Edge-02,Network,Fiber Cut,Low,13,299,Dawn Guzman
INC-10555,2023-10-23 00:00:00,DXB-Core-01,Environmental,Water Leakage,Low,11,22,Katie Lee
INC-10556,2023-06-24 21:00:00,LHR-Core-02,Cooling,Chiller Failure,Low,18,864,Nicholas Fowler
INC-10557,2023-01-03 19:00:00,MUM-Zone-A,Environmental,Temperature Spike,Medium,36,12780,Cheryl Navarro
INC-10558,2023-01-03 09:00:00,LHR-Core-02,Network,Switch Failure,Medium,56,13888,Aaron Berger
INC-10559,2023-05-27 20:00:00,SIN-Core-01,Power,UPS Failure,Low,19,608,Emily Simmons
INC-10560,2023-08-18 20:00:00,MUM-Zone-A,Environmental,Water Leakage,Low,13,507,Charles Jensen
INC-10561,2023-08-02 23:00:00,DXB-Edge-02,Environmental,Temperature Spike,Medium,41,14596,Erica Walters
INC-10562,2023-10-13 01:00:00,FRA-Core-01,Network,Switch Failure,Low,16,688,Michelle Duran
INC-10563,2023-02-28 04:00:00,LHR-Core-02,Cooling,CRAC Failure,Low,15,60,Jocelyn Hernandez
INC-10564,2023-12-18 23:00:00,MUM-Zone-A,Power,PDU Overload,Low,6,180,Christopher Holt
INC-10565,2023-08-24 09:00:00,MUM-Zone-A,Network,Switch Failure,Medium,51,5559,Sharon Ayala
INC-10566,2023-12-21 05:00:00,DXB-Core-01,Network,Switch Failure,Low,15,165,Michael Adams
INC-10567,2023-01-29 17:00:00,DXB-Edge-02,Power,Generator Failure,High,89,75294,Mary Duran
INC-10568,2023-11-09 05:00:00,LHR-Core-02,Cooling,Chiller Failure,Medium,42,9618,Kristy Pearson
INC-10569,2023-06-11 04:00:00,DXB-Edge-02,Network,Switch Failure,Low,16,528,Kelly Hansen
INC-10570,2023-06-29 18:00:00,DXB-Edge-02,Power,PDU Overload,Low,14,560,Christian Jenkins
INC-10571,2023-06-07 15:00:00,SIN-Core-01,Power,Generator Failure,Low,19,0,Joyce Lee
INC-10572,2023-03-13 14:00:00,MUM-Zone-A,Power,PDU Overload,Low,6,270,Thomas Wilson
INC-10573,2023-01-07 02:00:00,DXB-Edge-02,Network,Fiber Cut,Low,17,119,Jacob Hall
INC-10574,2023-12-26 01:00:00,MUM-Zone-A,Network,Switch Failure,Low,13,169,Jamie Fisher
INC-10575,2023-02-25 13:00:00,DXB-Edge-02,Power,PDU Overload,Low,8,224,Cameron Johnson
INC-10576,2023-12-13 18:00:00,LHR-Core-02,Power,PDU Overload,Low,18,612,Laura Frye
INC-10577,2023-05-06 13:00:00,FRA-Core-01,Power,PDU Overload,Medium,46,13800,Angela Johnson
INC-10578,2023-03-05 21:00:00,LHR-Core-02,Cooling,Cooling Pump Failure,Low,7,329,Sierra Brown
INC-10579,2023-10-10 12:00:00,DXB-Core-01,Network,Router Failure,Medium,27,3753,Linda Farmer
INC-10580,2023-07-12 10:00:00,SIN-Core-01,Power,Generator Failure,Low,12,240,Randall Smith
INC-10581,2023-03-17 12:00:00,MUM-Zone-A,Power,UPS Failure,Low,7,84,Gary Jackson
INC-10582,2023-01-25 13:00:00,SIN-Core-01,Network,Router Failure,Low,10,310,Ryan Barron
INC-10583,2023-01-24 20:00:00,SIN-Core-01,Cooling,Chiller Failure,Low,9,0,Mr. Todd Li
INC-10584,2023-01-01 21:00:00,DXB-Edge-02,Environmental,Water Leakage,Medium,49,11613,Brendan Gardner
INC-10585,2023-03-19 02:00:00,SIN-Core-01,Network,Fiber Cut,Low,7,126,Hannah Anderson
INC-10586,2023-01-13 09:00:00,MUM-Zone-A,Cooling,CRAC Failure,Medium,31,14787,Scott Burke
INC-10587,2023-12-28 19:00:00,DXB-Edge-02,Environmental,Temperature Spike,Low,14,0,Jacqueline Carlson
INC-10588,2023-09-20 15:00:00,LHR-Core-02,Network,Switch Failure,Medium,29,14384,Crystal Morgan
INC-10589,2023-06-13 22:00:00,SIN-Core-01,Network,Fiber Cut,Low,8,88,Brian Brown
INC-10590,2023-05-21 22:00:00,DXB-Edge-02,Environmental,Temperature Spike,Low,12,264,Danny Frazier
INC-10591,2023-08-09 12:00:00,DXB-Edge-02,Power,Generator Failure,Low,12,396,Dominique Gonzalez
INC-10592,2023-07-14 10:00:00,DXB-Core-01,Cooling,Chiller Failure,Low,16,272,Cynthia Lewis
INC-10593,2023-12-22 07:00:00,FRA-Core-01,Power,Generator Failure,Low,9,306,Allison Rodriguez
INC-10594,2023-09-02 14:00:00,FRA-Core-01,Environmental,Temperature Spike,Medium,38,15922,Gregory Martinez
INC-10595,2023-08-21 22:00:00,DXB-Core-01,Power,Generator Failure,Low,16,528,Sarah Mckee
INC-10596,2023-11-28 14:00:00,SIN-Core-01,Power,UPS Failure,Medium,43,21285,Lisa Mendoza
INC-10597,2023-12-15 15:00:00,DXB-Edge-02,Power,PDU Overload,Low,18,108,Michael Frank
INC-10598,2023-10-15 19:00:00,MUM-Zone-A,Environmental,Water Leakage,Low,7,189,Sarah Wall
INC-10599,2023-02-19 11:00:00,DXB-Core-01,Power,UPS Failure,Low,8,64,Charles Fowler
INC-10600,2023-08-24 03:00:00,LHR-Core-02,Network,Router Failure,Critical,297,1043361,Scott Wiggins
INC-10601,2023-09-01 21:00:00,LHR-Core-02,Cooling,Chiller Failure,Low,9,261,Matthew Park
INC-10602,2023-07-20 02:00:00,LHR-Core-02,Network,Router Failure,Medium,25,3575,Anna Blake
INC-10603,2023-07-12 10:00:00,DXB-Core-01,Power,Generator Failure,Low,11,429,Catherine Miranda
INC-10604,2023-12-22 09:00:00,DXB-Edge-02,Power,PDU Overload,Critical,547,2332955,Vincent Brown
INC-10605,2023-08-24 23:00:00,MUM-Zone-A,Network,Router Failure,Medium,58,17284,Cesar Lewis
INC-10606,2023-07-06 11:00:00,FRA-Core-01,Power,PDU Overload,Medium,48,13920,Nancy Hill
INC-10607,2023-02-20 03:00:00,SIN-Core-01,Network,Switch Failure,High,143,88660,David Gibbs
INC-10608,2023-11-09 06:00:00,SIN-Core-01,Power,PDU Overload,Low,7,245,Aaron Moore
INC-10609,2023-11-25 04:00:00,DXB-Core-01,Cooling,CRAC Failure,Medium,43,5762,Jordan Roberson
INC-10610,2023-09-03 11:00:00,DXB-Core-01,Environmental,Temperature Spike,Low,18,864,Mrs. Jodi Castaneda MD
INC-10611,2023-09-23 13:00:00,DXB-Edge-02,Cooling,Cooling Pump Failure,Critical,206,544870,Mark Cole DDS
INC-10612,2023-01-01 04:00:00,FRA-Core-01,Power,Generator Failure,Medium,48,20304,Barbara Wallace
INC-10613,2023-02-08 20:00:00,MUM-Zone-A,Power,UPS Failure,Medium,59,11859,Phillip Gibson
INC-10614,2023-12-27 10:00:00,SIN-Core-01,Environmental,Temperature Spike,Low,8,296,Ryan Arroyo
INC-10615,2023-04-02 01:00:00,LHR-Core-02,Network,Router Failure,Medium,51,16167,Haley Gonzalez
INC-10616,2023-07-29 18:00:00,LHR-Core-02,Cooling,Chiller Failure,Low,14,616,Jordan Patrick
INC-10617,2023-12-20 19:00:00,DXB-Edge-02,Power,PDU Overload,Low,6,36,Nancy Smith
INC-10618,2023-12-17 21:00:00,LHR-Core-02,Network,Router Failure,High,92,52532,Andrew Murphy
INC-10619,2023-06-25 03:00:00,FRA-Core-01,Network,Switch Failure,Low,13,234,Angela Rivera
INC-10620,2023-10-08 07:00:00,LHR-Core-02,Cooling,CRAC Failure,Critical,275,745525,Steven Miller
INC-10621,2023-12-22 21:00:00,LHR-Core-02,Environmental,Water Leakage,Medium,20,7100,David Chase
INC-10622,2023-10-22 23:00:00,LHR-Core-02,Environmental,Temperature Spike,High,116,74472,Derek Becker
INC-10623,2023-11-01 04:00:00,DXB-Edge-02,Environmental,Temperature Spike,Low,5,10,Natasha Morales
INC-10624,2023-10-25 22:00:00,FRA-Core-01,Power,UPS Failure,Low,14,434,Danielle Chavez
INC-10625,2023-08-26 06:00:00,FRA-Core-01,Cooling,Chiller Failure,Low,12,312,Tyler Garcia
INC-10626,2023-04-17 18:00:00,FRA-Core-01,Cooling,Chiller Failure,Low,9,387,Jesse Ruiz
INC-10627,2023-05-04 05:00:00,DXB-Edge-02,Network,Fiber Cut,Low,12,504,Michael Young
INC-10628,2023-10-18 14:00:00,DXB-Edge-02,Power,PDU Overload,High,97,87397,Kimberly Pennington
INC-10629,2023-01-21 06:00:00,LHR-Core-02,Power,UPS Failure,Low,17,0,Paul Navarro
INC-10630,2023-09-07 10:00:00,MUM-Zone-A,Network,Router Failure,Medium,37,15392,Brittany Mcintosh
INC-10631,2023-08-03 19:00:00,FRA-Core-01,Network,Switch Failure,High,74,38036,Paul Weber
INC-10632,2023-03-22 00:00:00,DXB-Core-01,Cooling,Cooling Pump Failure,Low,11,154,Lauren Knox
INC-10633,2023-09-23 10:00:00,FRA-Core-01,Environmental,Temperature Spike,High,144,119952,John Vargas
INC-10634,2023-08-16 19:00:00,DXB-Core-01,Cooling,Cooling Pump Failure,High,67,62645,Donald Castro
INC-10635,2023-08-08 08:00:00,DXB-Core-01,Cooling,CRAC Failure,High,173,110893,Laura Burns
INC-10636,2023-05-06 00:00:00,MUM-Zone-A,Environmental,Temperature Spike,Low,17,272,Mark Ward
INC-10637,2023-05-06 22:00:00,MUM-Zone-A,Power,Generator Failure,Medium,22,7546,Frank Payne
INC-10638,2023-07-10 23:00:00,FRA-Core-01,Power,PDU Overload,Low,19,760,Christopher Brown
INC-10639,2023-09-19 03:00:00,DXB-Core-01,Power,PDU Overload,Low,7,182,Carol Wilson
INC-10640,2023-12-14 08:00:00,DXB-Core-01,Network,Router Failure,Low,5,45,Fred Ingram
INC-10641,2023-01-31 12:00:00,DXB-Core-01,Power,UPS Failure,Low,13,169,Tyrone Esparza
INC-10642,2023-04-26 10:00:00,DXB-Edge-02,Cooling,Chiller Failure,Low,19,57,Preston Miller
INC-10643,2023-11-11 08:00:00,LHR-Core-02,Network,Fiber Cut,Medium,57,22629,Cynthia Diaz
INC-10644,2023-06-30 14:00:00,MUM-Zone-A,Power,Generator Failure,Low,19,361,David Santana
INC-10645,2023-09-21 17:00:00,LHR-Core-02,Cooling,Chiller Failure,Low,7,203,Amy Young
INC-10646,2023-07-27 09:00:00,MUM-Zone-A,Environmental,Temperature Spike,Low,11,242,Anthony Jackson
INC-10647,2023-12-25 14:00:00,DXB-Core-01,Power,UPS Failure,Low,5,30,Kenneth Green
INC-10648,2023-06-17 20:00:00,SIN-Core-01,Environmental,Temperature Spike,Low,11,220,Danielle Harrington
INC-10649,2023-05-12 07:00:00,LHR-Core-02,Network,Fiber Cut,Medium,59,23482,Susan Patrick
INC-10650,2023-12-13 05:00:00,FRA-Core-01,Cooling,Chiller Failure,Medium,47,23359,Eric Barron
INC-10651,2023-06-25 20:00:00,SIN-Core-01,Power,PDU Overload,Low,17,340,Curtis Taylor
INC-10652,2023-09-05 02:00:00,DXB-Edge-02,Environmental,Water Leakage,Low,8,88,Brett Simpson
INC-10653,2023-01-03 20:00:00,LHR-Core-02,Environmental,Temperature Spike,Medium,42,12264,Corey Butler
INC-10654,2023-06-25 13:00:00,MUM-Zone-A,Environmental,Temperature Spike,High,158,119448,Stephanie Johnson
INC-10655,2023-05-31 12:00:00,DXB-Edge-02,Power,UPS Failure,Medium,41,4592,Casey Alexander
INC-10656,2023-09-17 00:00:00,SIN-Core-01,Network,Router Failure,High,145,103965,Jonathan Erickson
INC-10657,2023-05-04 01:00:00,SIN-Core-01,Environmental,Water Leakage,Low,16,784,Elizabeth Valdez
INC-10658,2023-07-30 07:00:00,DXB-Core-01,Cooling,CRAC Failure,Low,18,468,Howard Gilbert
INC-10659,2023-03-18 08:00:00,DXB-Edge-02,Cooling,Chiller Failure,Low,13,286,Dustin Ward
INC-10660,2023-05-14 21:00:00,LHR-Core-02,Power,UPS Failure,Medium,58,28014,Shannon Cook
INC-10661,2023-01-05 18:00:00,DXB-Edge-02,Cooling,Chiller Failure,Medium,57,19095,Christopher Ali
INC-10662,2023-03-07 00:00:00,FRA-Core-01,Power,Generator Failure,Low,8,256,Heather Harrington
INC-10663,2023-11-06 14:00:00,DXB-Core-01,Network,Fiber Cut,Medium,31,14384,Christopher Vang
INC-10664,2023-12-22 02:00:00,MUM-Zone-A,Cooling,Cooling Pump Failure,High,124,85808,Harold Pierce
INC-10665,2023-07-07 06:00:00,MUM-Zone-A,Network,Switch Failure,Low,16,624,Shawn Bolton
INC-10666,2023-08-14 13:00:00,FRA-Core-01,Power,PDU Overload,Medium,33,10824,John Patterson
INC-10667,2023-03-29 20:00:00,SIN-Core-01,Network,Fiber Cut,Low,9,126,Joshua Smith
INC-10668,2023-11-28 23:00:00,SIN-Core-01,Power,PDU Overload,Medium,44,16984,Patrick Wilson
INC-10669,2023-09-25 01:00:00,MUM-Zone-A,Environmental,Temperature Spike,Low,8,312,Todd Anderson
INC-10670,2023-08-23 06:00:00,DXB-Core-01,Cooling,Cooling Pump Failure,Medium,27,10692,Jon Brown
INC-10671,2023-06-20 04:00:00,DXB-Edge-02,Network,Fiber Cut,Low,17,782,Kenneth Pearson
INC-10672,2023-08-29 21:00:00,MUM-Zone-A,Cooling,CRAC Failure,Medium,55,19250,Jonathan Espinoza
INC-10673,2023-01-21 15:00:00,DXB-Core-01,Power,UPS Failure,Low,9,126,Richard Walton
INC-10674,2023-01-10 21:00:00,SIN-Core-01,Network,Fiber Cut,Low,5,230,Jacob Nelson
INC-10675,2023-07-24 19:00:00,FRA-Core-01,Environmental,Temperature Spike,Low,10,110,Lance Wong
INC-10676,2023-08-22 06:00:00,LHR-Core-02,Environmental,Temperature Spike,Medium,34,9622,Elizabeth Gibson
INC-10677,2023-03-01 10:00:00,DXB-Core-01,Power,PDU Overload,Low,18,486,Alicia Mason
INC-10678,2023-04-24 00:00:00,DXB-Edge-02,Environmental,Water Leakage,Low,12,504,Shannon Gardner
INC-10679,2023-05-05 02:00:00,DXB-Edge-02,Cooling,CRAC Failure,Low,15,180,Bailey Marquez
INC-10680,2023-10-18 20:00:00,DXB-Core-01,Power,UPS Failure,Medium,41,13612,Kimberly Adams
INC-10681,2023-12-01 07:00:00,LHR-Core-02,Cooling,Cooling Pump Failure,Low,6,78,Danielle Henderson
INC-10682,2023-04-28 19:00:00,SIN-Core-01,Network,Router Failure,Critical,541,1060901,Frances Fields
INC-10683,2023-05-22 08:00:00,DXB-Core-01,Environmental,Temperature Spike,Critical,182,418418,Kevin Christensen
INC-10684,2023-08-05 00:00:00,MUM-Zone-A,Environmental,Temperature Spike,Low,10,110,Tammy Oneill
INC-10685,2023-07-25 22:00:00,SIN-Core-01,Network,Router Failure,Low,7,238,Stephanie Hall
INC-10686,2023-03-02 01:00:00,SIN-Core-01,Network,Router Failure,Medium,56,25256,Sharon Wright
INC-10687,2023-05-20 02:00:00,LHR-Core-02,Network,Router Failure,Critical,217,496496,Daniel Blackburn
INC-10688,2023-06-28 12:00:00,SIN-Core-01,Power,PDU Overload,Medium,37,11914,Michael Morgan
INC-10689,2023-02-27 05:00:00,DXB-Edge-02,Environmental,Water Leakage,Low,7,329,Henry Torres
INC-10690,2023-01-13 16:00:00,FRA-Core-01,Cooling,Cooling Pump Failure,Low,6,282,Mary Bond
INC-10691,2023-09-26 11:00:00,DXB-Core-01,Environmental,Temperature Spike,Low,16,688,Kelli Gallegos
INC-10692,2023-02-01 07:00:00,LHR-Core-02,Cooling,Cooling Pump Failure,Low,16,128,Jay Brooks
INC-10693,2023-03-25 03:00:00,DXB-Edge-02,Network,Switch Failure,Low,16,32,Gina Rich
INC-10694,2023-04-18 05:00:00,SIN-Core-01,Network,Router Failure,Low,19,342,Tonya Simpson
INC-10695,2023-12-03 07:00:00,SIN-Core-01,Power,UPS Failure,Low,17,646,Joshua Hughes
INC-10696,2023-07-11 05:00:00,FRA-Core-01,Cooling,Chiller Failure,Medium,28,13272,Marco Garcia
INC-10697,2023-04-03 23:00:00,MUM-Zone-A,Network,Router Failure,Medium,56,21728,Amy Thompson
INC-10698,2023-05-25 06:00:00,DXB-Core-01,Environmental,Water Leakage,Low,13,429,Nathaniel Ward
INC-10699,2023-11-19 06:00:00,DXB-Core-01,Power,PDU Overload,Critical,535,2419270,Thomas Perry
INC-10700,2023-09-30 05:00:00,DXB-Edge-02,Network,Router Failure,Low,8,232,Jenna King DDS
INC-10701,2023-11-12 13:00:00,DXB-Core-01,Cooling,Cooling Pump Failure,Low,18,36,Daniel Hill
INC-10702,2023-12-07 09:00:00,MUM-Zone-A,Network,Router Failure,Low,12,96,Robert Ortiz
INC-10703,2023-12-16 08:00:00,MUM-Zone-A,Environmental,Water Leakage,Medium,59,16579,Michael Campbell
INC-10704,2023-12-25 17:00:00,LHR-Core-02,Cooling,Chiller Failure,Medium,44,14388,Joseph Casey
INC-10705,2023-10-16 01:00:00,DXB-Edge-02,Environmental,Temperature Spike,Low,14,476,Michael Kelley
INC-10706,2023-08-02 02:00:00,MUM-Zone-A,Power,Generator Failure,Low,9,135,John Harrison
INC-10707,2023-07-29 20:00:00,DXB-Core-01,Environmental,Water Leakage,Medium,29,3944,Tiffany Rodriguez
INC-10708,2023-10-11 09:00:00,LHR-Core-02,Power,Generator Failure,High,67,58558,Rachel Roberts
INC-10709,2023-06-23 08:00:00,LHR-Core-02,Cooling,CRAC Failure,Low,12,132,Shawn Pierce
INC-10710,2023-11-08 02:00:00,DXB-Edge-02,Power,Generator Failure,Medium,54,17820,Amy Floyd
INC-10711,2023-07-15 20:00:00,MUM-Zone-A,Network,Fiber Cut,Low,5,80,Larry Nelson
INC-10712,2023-05-03 08:00:00,SIN-Core-01,Network,Switch Failure,Low,9,288,Jason Durham
INC-10713,2023-08-09 04:00:00,FRA-Core-01,Environmental,Temperature Spike,Low,10,420,Evan Simmons
INC-10714,2023-07-19 10:00:00,SIN-Core-01,Network,Fiber Cut,Low,6,240,Mark Bowers
INC-10715,2023-05-01 13:00:00,LHR-Core-02,Environmental,Temperature Spike,Low,16,288,Stacy Henry
INC-10716,2023-04-22 10:00:00,MUM-Zone-A,Cooling,CRAC Failure,Low,16,336,Loretta Bell
INC-10717,2023-05-19 20:00:00,FRA-Core-01,Power,PDU Overload,Low,5,15,Paul Mcdowell
INC-10718,2023-12-12 10:00:00,SIN-Core-01,Network,Router Failure,Low,12,24,Zachary Blake
INC-10719,2023-05-17 02:00:00,DXB-Core-01,Network,Fiber Cut,Low,10,300,Cameron Sanders
INC-10720,2023-05-16 23:00:00,FRA-Core-01,Network,Router Failure,Medium,20,6120,Richard Anderson
INC-10721,2023-03-15 16:00:00,MUM-Zone-A,Power,PDU Overload,Medium,48,23280,Kelly Haney
INC-10722,2023-03-02 18:00:00,DXB-Edge-02,Environmental,Water Leakage,Low,9,279,Brenda Wilson DVM
INC-10723,2023-08-29 14:00:00,LHR-Core-02,Cooling,Chiller Failure,High,62,34968,Andre Knight
INC-10724,2023-03-03 09:00:00,LHR-Core-02,Cooling,Chiller Failure,High,62,40982,Louis Lawrence
INC-10725,2023-04-23 06:00:00,MUM-Zone-A,Cooling,Cooling Pump Failure,High,77,70994,Manuel Richardson
INC-10726,2023-01-20 13:00:00,SIN-Core-01,Environmental,Water Leakage,Medium,58,28130,Karen Brown
INC-10727,2023-07-01 01:00:00,FRA-Core-01,Network,Switch Failure,Low,6,174,Jordan Hernandez
INC-10728,2023-11-24 19:00:00,FRA-Core-01,Network,Router Failure,Low,5,225,Kelly Ross
INC-10729,2023-09-12 04:00:00,FRA-Core-01,Cooling,Cooling Pump Failure,Low,7,273,Carolyn Mcdowell
INC-10730,2023-10-23 15:00:00,DXB-Core-01,Power,Generator Failure,Low,18,648,Andrew Alexander
INC-10731,2023-07-15 11:00:00,DXB-Edge-02,Cooling,Chiller Failure,Low,17,289,Melinda Anderson
INC-10732,2023-03-18 10:00:00,DXB-Core-01,Environmental,Water Leakage,Low,16,368,Kyle Roach
INC-10733,2023-09-10 04:00:00,LHR-Core-02,Network,Router Failure,Low,6,222,Jared Cline
INC-10734,2023-06-26 12:00:00,DXB-Edge-02,Network,Fiber Cut,Low,9,342,Mary Soto
INC-10735,2023-10-07 15:00:00,SIN-Core-01,Power,Generator Failure,Low,5,70,Erik Murphy
INC-10736,2023-12-11 13:00:00,DXB-Edge-02,Environmental,Temperature Spike,Low,7,182,Michael Johnson
INC-10737,2023-06-10 20:00:00,DXB-Core-01,Power,UPS Failure,Low,12,72,Joel Miller
INC-10738,2023-11-01 02:00:00,LHR-Core-02,Power,Generator Failure,Low,8,288,Jessica Mathews
INC-10739,2023-12-27 14:00:00,LHR-Core-02,Network,Switch Failure,Low,13,182,Catherine Craig
INC-10740,2023-08-17 09:00:00,DXB-Edge-02,Power,UPS Failure,Low,8,360,Brittany Johnson
INC-10741,2023-08-05 05:00:00,DXB-Edge-02,Network,Fiber Cut,Low,18,342,Traci Reynolds
INC-10742,2023-07-11 00:00:00,SIN-Core-01,Power,Generator Failure,Low,6,72,Jason Perry
INC-10743,2023-02-19 08:00:00,DXB-Core-01,Environmental,Water Leakage,Medium,56,7000,Jennifer Martinez
INC-10744,2023-12-27 17:00:00,FRA-Core-01,Power,UPS Failure,Low,14,406,Michael Ochoa
INC-10745,2023-09-16 06:00:00,LHR-Core-02,Cooling,Cooling Pump Failure,Medium,42,7434,Ralph Smith
INC-10746,2023-04-04 06:00:00,DXB-Edge-02,Network,Switch Failure,Medium,40,18520,Lindsay Nelson
INC-10747,2023-05-16 20:00:00,DXB-Edge-02,Network,Fiber Cut,Low,6,174,Rachel Adams
INC-10748,2023-04-19 16:00:00,FRA-Core-01,Network,Switch Failure,Low,19,38,John Watson
INC-10749,2023-01-20 11:00:00,DXB-Core-01,Environmental,Water Leakage,Low,16,400,Wayne Hardy
INC-10750,2023-06-13 17:00:00,FRA-Core-01,Environmental,Water Leakage,Medium,41,15621,Haley Moreno
INC-10751,2023-03-14 04:00:00,DXB-Edge-02,Environmental,Water Leakage,Low,5,110,Danielle Freeman PhD
INC-10752,2023-05-02 06:00:00,LHR-Core-02,Environmental,Water Leakage,Medium,45,16695,Elizabeth Murphy
INC-10753,2023-11-14 06:00:00,DXB-Core-01,Power,UPS Failure,Low,5,180,Chad Clark
INC-10754,2023-08-20 23:00:00,DXB-Core-01,Power,PDU Overload,Low,9,36,Jessica Ortiz
INC-10755,2023-01-25 08:00:00,FRA-Core-01,Power,UPS Failure,Low,11,341,Amber Harris
INC-10756,2023-06-07 18:00:00,LHR-Core-02,Cooling,Chiller Failure,Critical,434,733460,John Wang
INC-10757,2023-11-14 08:00:00,MUM-Zone-A,Environmental,Water Leakage,Low,5,170,Patty Burton
INC-10758,2023-04-20 05:00:00,DXB-Edge-02,Power,UPS Failure,Low,5,85,Kristen Williamson
INC-10759,2023-07-19 23:00:00,LHR-Core-02,Network,Router Failure,Low,19,399,Jeff Lee
INC-10760,2023-11-23 22:00:00,MUM-Zone-A,Environmental,Water Leakage,Medium,44,9372,Nancy Schmidt
INC-10761,2023-10-26 06:00:00,SIN-Core-01,Cooling,Chiller Failure,Critical,190,572850,Kathy Vega
INC-10762,2023-07-07 14:00:00,LHR-Core-02,Power,Generator Failure,Low,9,9,Christian Serrano
INC-10763,2023-01-21 18:00:00,FRA-Core-01,Network,Fiber Cut,High,77,58905,Dr. Stephanie Barton DDS
INC-10764,2023-06-08 22:00:00,DXB-Core-01,Network,Router Failure,High,167,122077,Wendy Liu
INC-10765,2023-04-12 12:00:00,DXB-Edge-02,Power,UPS Failure,Medium,45,22095,Angela Burnett
INC-10766,2023-05-01 02:00:00,SIN-Core-01,Environmental,Temperature Spike,Low,5,35,Jennifer Nelson
INC-10767,2023-01-26 16:00:00,DXB-Edge-02,Network,Fiber Cut,Low,6,258,Lisa Edwards
INC-10768,2023-12-06 04:00:00,LHR-Core-02,Environmental,Temperature Spike,Low,19,570,Timothy Fisher
INC-10769,2023-10-03 21:00:00,FRA-Core-01,Environmental,Water Leakage,Low,11,286,Kathleen Miller
INC-10770,2023-05-22 20:00:00,LHR-Core-02,Environmental,Temperature Spike,Low,9,135,Shane Martin
INC-10771,2023-08-04 10:00:00,LHR-Core-02,Power,Generator Failure,Critical,209,689909,Alyssa Wheeler
INC-10772,2023-03-24 16:00:00,DXB-Core-01,Network,Router Failure,High,73,55407,Paul Beasley
INC-10773,2023-01-16 18:00:00,DXB-Core-01,Environmental,Temperature Spike,Low,12,204,Marc Cook
INC-10774,2023-09-01 18:00:00,MUM-Zone-A,Network,Fiber Cut,Low,15,150,Mary Bell
INC-10775,2023-12-10 08:00:00,MUM-Zone-A,Cooling,Cooling Pump Failure,Low,8,200,Steven Williams
INC-10776,2023-04-28 06:00:00,FRA-Core-01,Cooling,Cooling Pump Failure,Medium,28,12852,Traci Anderson
INC-10777,2023-10-18 18:00:00,FRA-Core-01,Cooling,Cooling Pump Failure,Low,5,215,Angela Wilson
INC-10778,2023-02-26 19:00:00,DXB-Edge-02,Power,PDU Overload,Low,11,176,Carrie Wyatt
INC-10779,2023-12-11 20:00:00,DXB-Core-01,Network,Switch Failure,High,121,100430,Thomas Lee
INC-10780,2023-08-02 07:00:00,FRA-Core-01,Cooling,Cooling Pump Failure,Low,12,600,Karen Jennings
INC-10781,2023-09-24 11:00:00,SIN-Core-01,Environmental,Temperature Spike,Low,13,78,William Pace
INC-10782,2023-07-23 20:00:00,FRA-Core-01,Power,PDU Overload,Low,9,441,Joshua Gomez
INC-10783,2023-04-10 13:00:00,DXB-Edge-02,Environmental,Water Leakage,Critical,461,544441,Daniel Williams
INC-10784,2023-08-28 11:00:00,DXB-Core-01,Cooling,CRAC Failure,High,138,85008,Fred Guerra
INC-10785,2023-02-20 00:00:00,DXB-Core-01,Cooling,CRAC Failure,Low,10,500,Lindsey Flynn
INC-10786,2023-01-28 00:00:00,DXB-Edge-02,Environmental,Temperature Spike,Medium,54,20142,Courtney Stewart
INC-10787,2023-12-22 15:00:00,LHR-Core-02,Environmental,Temperature Spike,Low,13,455,Jacqueline Hatfield
INC-10788,2023-03-28 09:00:00,FRA-Core-01,Environmental,Temperature Spike,Medium,28,6916,Caitlin Clark
INC-10789,2023-03-16 10:00:00,LHR-Core-02,Environmental,Water Leakage,Low,5,195,Kelly Jensen
INC-10790,2023-02-07 13:00:00,LHR-Core-02,Power,UPS Failure,Low,17,561,Erica Pham
INC-10791,2023-06-13 12:00:00,MUM-Zone-A,Cooling,Chiller Failure,Medium,21,6321,Zachary Le
INC-10792,2023-02-22 20:00:00,LHR-Core-02,Network,Router Failure,Low,11,528,Barry Bush
INC-10793,2023-08-23 04:00:00,LHR-Core-02,Environmental,Water Leakage,Low,14,700,Brad Green
INC-10794,2023-02-11 19:00:00,MUM-Zone-A,Cooling,CRAC Failure,Low,15,195,Sarah Donaldson
INC-10795,2023-01-21 02:00:00,SIN-Core-01,Network,Fiber Cut,Low,9,360,Ann Glenn
INC-10796,2023-10-01 00:00:00,FRA-Core-01,Power,PDU Overload,Low,6,114,Tyler Mckinney
INC-10797,2023-09-03 08:00:00,MUM-Zone-A,Cooling,CRAC Failure,Low,6,150,Bryan Collins
INC-10798,2023-05-10 18:00:00,SIN-Core-01,Power,Generator Failure,High,68,49232,Stacey Espinoza
INC-10799,2023-05-21 11:00:00,MUM-Zone-A,Cooling,CRAC Failure,Low,15,255,Mrs. Sandy Cummings
INC-10800,2023-09-18 00:00:00,MUM-Zone-A,Power,PDU Overload,High,179,173451,Stephen Burke
INC-10801,2023-09-22 09:00:00,DXB-Core-01,Environmental,Temperature Spike,Medium,55,25410,Christine Anderson
INC-10802,2023-07-12 15:00:00,DXB-Edge-02,Power,Generator Failure,High,84,83832,Dale Reyes
INC-10803,2023-08-07 21:00:00,MUM-Zone-A,Environmental,Water Leakage,Low,18,252,Andres Hunt
INC-10804,2023-01-31 11:00:00,MUM-Zone-A,Network,Switch Failure,Low,10,270,Tony Anderson
INC-10805,2023-03-11 20:00:00,SIN-Core-01,Cooling,CRAC Failure,High,63,52038,Lisa Golden
INC-10806,2023-10-15 13:00:00,FRA-Core-01,Network,Fiber Cut,Medium,46,12236,John Taylor
INC-10807,2023-06-01 21:00:00,FRA-Core-01,Power,UPS Failure,Medium,52,11856,Carol Caldwell
INC-10808,2023-01-08 11:00:00,DXB-Edge-02,Power,UPS Failure,Low,9,198,Anthony Murphy
INC-10809,2023-02-04 16:00:00,MUM-Zone-A,Environmental,Temperature Spike,Medium,58,22678,Amanda Taylor
INC-10810,2023-03-17 04:00:00,DXB-Core-01,Cooling,CRAC Failure,Low,17,0,Glenn Sanchez
INC-10811,2023-04-19 13:00:00,DXB-Edge-02,Environmental,Temperature Spike,Low,19,0,Kevin Schultz
INC-10812,2023-06-09 15:00:00,MUM-Zone-A,Network,Router Failure,Low,11,352,Patrick Mata
INC-10813,2023-05-16 14:00:00,MUM-Zone-A,Network,Router Failure,Low,18,882,Lisa Watson
INC-10814,2023-10-26 06:00:00,LHR-Core-02,Environmental,Temperature Spike,Low,9,450,Rachael Wood
INC-10815,2023-09-21 16:00:00,DXB-Edge-02,Cooling,Cooling Pump Failure,Low,5,5,Keith Knight
INC-10816,2023-06-10 18:00:00,DXB-Edge-02,Power,Generator Failure,Low,5,170,Penny Johns
INC-10817,2023-06-10 21:00:00,SIN-Core-01,Cooling,Chiller Failure,Low,9,153,Levi Graves DDS
INC-10818,2023-01-21 15:00:00,MUM-Zone-A,Cooling,Cooling Pump Failure,Low,14,630,Michael Lee
INC-10819,2023-04-08 18:00:00,LHR-Core-02,Network,Fiber Cut,High,68,34408,William Padilla
INC-10820,2023-04-26 01:00:00,FRA-Core-01,Cooling,Cooling Pump Failure,Low,19,798,Veronica Jenkins
INC-10821,2023-11-20 11:00:00,DXB-Edge-02,Power,Generator Failure,Medium,53,17490,James Morrow
INC-10822,2023-01-02 05:00:00,DXB-Core-01,Cooling,CRAC Failure,Low,11,231,Jeremy Smith
INC-10823,2023-07-16 21:00:00,DXB-Edge-02,Environmental,Temperature Spike,Low,18,432,Kenneth Jones
INC-10824,2023-09-08 19:00:00,FRA-Core-01,Cooling,CRAC Failure,Medium,45,8460,Brandy Miller
INC-10825,2023-03-21 00:00:00,MUM-Zone-A,Network,Router Failure,Low,11,308,Brendan Wise
INC-10826,2023-04-06 13:00:00,DXB-Core-01,Environmental,Water Leakage,Low,7,84,Ashley Martinez
INC-10827,2023-04-13 01:00:00,MUM-Zone-A,Environmental,Temperature Spike,Low,5,115,Roger Moss
INC-10828,2023-04-26 14:00:00,DXB-Core-01,Environmental,Water Leakage,Low,17,374,Amy Simon
INC-10829,2023-05-11 22:00:00,MUM-Zone-A,Cooling,Chiller Failure,Low,7,280,Amanda Peterson
INC-10830,2023-05-08 12:00:00,LHR-Core-02,Cooling,CRAC Failure,Low,5,245,Robert Christensen
INC-10831,2023-12-06 17:00:00,FRA-Core-01,Environmental,Water Leakage,Medium,21,7308,Scott Reyes
INC-10832,2023-11-06 22:00:00,DXB-Edge-02,Network,Router Failure,Low,17,850,Jessica Martin
INC-10833,2023-06-15 10:00:00,MUM-Zone-A,Environmental,Temperature Spike,High,107,100045,Angela Young
INC-10834,2023-10-15 21:00:00,FRA-Core-01,Network,Fiber Cut,Low,17,510,Matthew Smith
INC-10835,2023-09-14 11:00:00,DXB-Core-01,Cooling,Cooling Pump Failure,Critical,448,1744064,Ashley James
INC-10836,2023-06-15 02:00:00,DXB-Core-01,Network,Fiber Cut,Medium,38,4256,Christopher Smith
INC-10837,2023-04-23 05:00:00,DXB-Edge-02,Environmental,Water Leakage,Low,14,434,Rebecca Martinez
INC-10838,2023-11-09 18:00:00,SIN-Core-01,Power,PDU Overload,Medium,36,11340,Ashlee Murray
INC-10839,2023-12-15 18:00:00,LHR-Core-02,Network,Router Failure,Low,15,405,Lisa Shepard
INC-10840,2023-10-23 21:00:00,SIN-Core-01,Cooling,CRAC Failure,Low,16,16,Sierra Gibson
INC-10841,2023-04-13 22:00:00,FRA-Core-01,Network,Router Failure,Low,12,36,Michael Chase
INC-10842,2023-09-21 23:00:00,MUM-Zone-A,Network,Switch Failure,Low,9,18,Daniel Adkins
INC-10843,2023-04-22 04:00:00,DXB-Edge-02,Network,Router Failure,Low,19,950,Julie White
INC-10844,2023-03-11 16:00:00,FRA-Core-01,Network,Fiber Cut,Low,18,378,Jennifer Berry
INC-10845,2023-08-17 12:00:00,MUM-Zone-A,Network,Fiber Cut,Medium,53,15635,Andre Brown
INC-10846,2023-09-03 10:00:00,SIN-Core-01,Environmental,Temperature Spike,Low,13,585,Cheryl Mcdowell
INC-10847,2023-02-25 03:00:00,DXB-Edge-02,Cooling,Chiller Failure,Medium,59,16166,Barbara Martinez MD
INC-10848,2023-02-15 06:00:00,LHR-Core-02,Network,Router Failure,Low,7,308,Alex Bray
INC-10849,2023-12-11 10:00:00,LHR-Core-02,Environmental,Water Leakage,Medium,49,15582,Dr. Melissa Rice
INC-10850,2023-01-13 08:00:00,FRA-Core-01,Power,UPS Failure,Low,13,390,Charles Harris
INC-10851,2023-09-14 11:00:00,FRA-Core-01,Network,Switch Failure,Low,8,16,Jacqueline Gardner
INC-10852,2023-06-12 13:00:00,DXB-Edge-02,Cooling,Cooling Pump Failure,Medium,30,12660,Michelle Duncan
INC-10853,2023-11-02 21:00:00,DXB-Core-01,Cooling,Chiller Failure,High,75,37950,Ashley Stephens
INC-10854,2023-08-05 19:00:00,LHR-Core-02,Power,UPS Failure,Low,19,323,Victoria Martinez
INC-10855,2023-09-10 15:00:00,SIN-Core-01,Power,PDU Overload,Medium,44,5060,Kevin White
INC-10856,2023-02-09 01:00:00,MUM-Zone-A,Cooling,CRAC Failure,Low,5,125,Crystal Webb
INC-10857,2023-10-15 02:00:00,FRA-Core-01,Network,Switch Failure,Low,16,608,Veronica Wilkerson
INC-10858,2023-08-26 11:00:00,DXB-Edge-02,Environmental,Temperature Spike,Medium,53,15688,Angela Davis
INC-10859,2023-09-25 07:00:00,MUM-Zone-A,Power,UPS Failure,Low,15,135,Victoria Williams
INC-10860,2023-12-02 04:00:00,MUM-Zone-A,Cooling,CRAC Failure,Medium,24,11064,Rodney Cervantes
INC-10861,2023-06-22 01:00:00,DXB-Edge-02,Power,UPS Failure,Low,9,450,Shannon Coleman
INC-10862,2023-09-26 23:00:00,FRA-Core-01,Network,Fiber Cut,Medium,22,5148,Melissa Chapman
INC-10863,2023-03-02 15:00:00,MUM-Zone-A,Environmental,Temperature Spike,Critical,484,1817420,Amber Johnson
INC-10864,2023-06-17 11:00:00,LHR-Core-02,Environmental,Water Leakage,Low,7,266,Michael Munoz
INC-10865,2023-07-31 22:00:00,LHR-Core-02,Environmental,Water Leakage,Low,8,72,Tiffany Castro
INC-10866,2023-10-10 13:00:00,FRA-Core-01,Network,Switch Failure,Critical,404,1967076,Karen Lopez
INC-10867,2024-01-01 18:00:00,LHR-Core-02,Network,Switch Failure,Low,18,144,Eric Bradley
INC-10868,2023-06-30 16:00:00,DXB-Core-01,Power,Generator Failure,Medium,40,19640,Tiffany Burns
INC-10869,2023-04-25 11:00:00,DXB-Core-01,Power,PDU Overload,Medium,22,4180,Joseph Combs
INC-10870,2023-01-23 02:00:00,FRA-Core-01,Power,UPS Failure,Low,9,315,Lisa Guzman
INC-10871,2023-12-01 23:00:00,MUM-Zone-A,Network,Fiber Cut,Low,7,329,Sara Rodgers
INC-10872,2023-05-10 17:00:00,LHR-Core-02,Environmental,Water Leakage,Low,9,279,Debra Lester
INC-10873,2023-12-24 19:00:00,DXB-Edge-02,Network,Router Failure,Low,16,464,Brandi Brown
INC-10874,2023-04-08 08:00:00,SIN-Core-01,Cooling,Cooling Pump Failure,Medium,35,10640,Mitchell Santana
INC-10875,2023-08-01 01:00:00,SIN-Core-01,Network,Switch Failure,Low,12,348,Jenna Dean
INC-10876,2023-01-27 10:00:00,DXB-Core-01,Power,Generator Failure,Low,11,396,James Clark
INC-10877,2023-11-21 07:00:00,DXB-Edge-02,Environmental,Temperature Spike,Low,10,220,Peggy Stewart
INC-10878,2023-07-12 03:00:00,MUM-Zone-A,Network,Switch Failure,High,151,97546,Drew Collins
INC-10879,2023-12-30 06:00:00,DXB-Core-01,Environmental,Water Leakage,Low,13,429,Kirsten Martinez
INC-10880,2023-02-10 14:00:00,DXB-Core-01,Power,PDU Overload,Low,5,220,Briana Martin
INC-10881,2023-05-27 11:00:00,DXB-Core-01,Power,Generator Failure,Low,15,660,Nicholas Rodriguez
INC-10882,2023-04-21 21:00:00,DXB-Core-01,Network,Router Failure,Medium,25,5875,Walter Davis
INC-10883,2023-09-30 19:00:00,MUM-Zone-A,Cooling,CRAC Failure,Medium,35,11795,Alexis Simmons
INC-10884,2023-10-02 16:00:00,DXB-Edge-02,Cooling,CRAC Failure,Low,18,324,Robert Chavez
INC-10885,2023-08-24 14:00:00,MUM-Zone-A,Network,Fiber Cut,High,67,47034,Kimberly Owens
INC-10886,2023-10-30 22:00:00,DXB-Core-01,Environmental,Water Leakage,Low,10,410,Dr. Joyce Howell
INC-10887,2023-04-30 14:00:00,FRA-Core-01,Power,Generator Failure,Low,5,160,Maureen Gross
INC-10888,2023-07-25 18:00:00,MUM-Zone-A,Cooling,CRAC Failure,Low,18,0,Alicia Silva
INC-10889,2023-05-05 06:00:00,FRA-Core-01,Environmental,Temperature Spike,Low,14,462,Matthew Edwards
INC-10890,2023-02-21 04:00:00,LHR-Core-02,Environmental,Temperature Spike,Low,12,0,Fernando Steele
INC-10891,2023-03-01 03:00:00,DXB-Core-01,Power,UPS Failure,Low,12,24,Sean Mcdaniel
INC-10892,2023-05-05 13:00:00,SIN-Core-01,Cooling,CRAC Failure,Medium,39,15093,Jeffrey Thomas
INC-10893,2023-12-03 22:00:00,DXB-Core-01,Network,Router Failure,Low,14,700,Amanda Smith
INC-10894,2023-02-12 01:00:00,DXB-Edge-02,Network,Router Failure,Medium,23,7337,Paul Brewer
INC-10895,2023-06-05 13:00:00,SIN-Core-01,Power,UPS Failure,Low,6,120,Terri Fleming
INC-10896,2023-01-30 20:00:00,LHR-Core-02,Power,UPS Failure,Low,16,640,Michael Ramirez
INC-10897,2023-09-17 22:00:00,MUM-Zone-A,Power,PDU Overload,Low,13,377,Anna Smith
INC-10898,2023-01-06 21:00:00,FRA-Core-01,Network,Fiber Cut,Medium,27,3456,Sue Scott
INC-10899,2023-11-15 11:00:00,LHR-Core-02,Power,PDU Overload,Low,18,90,Donald Espinoza
INC-10900,2023-07-23 02:00:00,LHR-Core-02,Cooling,Chiller Failure,Low,16,416,Christopher West
INC-10901,2023-03-05 06:00:00,LHR-Core-02,Environmental,Temperature Spike,Low,14,238,Joshua Terrell
INC-10902,2023-03-25 09:00:00,MUM-Zone-A,Cooling,Cooling Pump Failure,Low,5,40,James Oneill
INC-10903,2023-08-08 19:00:00,SIN-Core-01,Power,Generator Failure,Low,5,85,Paula Maxwell
INC-10904,2023-10-10 02:00:00,SIN-Core-01,Network,Switch Failure,Medium,56,26544,Crystal Chambers
INC-10905,2023-07-22 03:00:00,MUM-Zone-A,Power,PDU Overload,Critical,503,1092516,Jennifer Smith
INC-10906,2023-03-30 11:00:00,DXB-Core-01,Cooling,Chiller Failure,High,174,167214,Stephanie Aguilar
INC-10907,2023-06-22 03:00:00,MUM-Zone-A,Cooling,CRAC Failure,Medium,28,10276,Destiny Allen
INC-10908,2023-08-15 06:00:00,MUM-Zone-A,Environmental,Temperature Spike,Low,10,360,Shawn Wilson
INC-10909,2023-03-01 06:00:00,DXB-Edge-02,Environmental,Temperature Spike,Low,16,32,Gregory Vazquez
INC-10910,2023-05-31 06:00:00,SIN-Core-01,Power,Generator Failure,High,91,48594,Courtney Rivas
INC-10911,2023-08-19 05:00:00,DXB-Edge-02,Environmental,Temperature Spike,Low,13,585,Valerie Dillon
INC-10912,2023-02-06 19:00:00,FRA-Core-01,Power,UPS Failure,Low,13,520,Adam Mejia
INC-10913,2023-06-08 22:00:00,DXB-Edge-02,Power,UPS Failure,Medium,52,21788,Sara Harris
INC-10914,2023-01-24 00:00:00,MUM-Zone-A,Power,UPS Failure,Medium,29,3915,Brandon Brown
INC-10915,2023-06-24 21:00:00,SIN-Core-01,Environmental,Temperature Spike,Low,13,156,David Lee
INC-10916,2023-08-15 17:00:00,FRA-Core-01,Network,Switch Failure,Critical,262,488630,Maria Grant MD
INC-10917,2023-01-18 15:00:00,DXB-Core-01,Network,Router Failure,Low,17,408,Larry Reyes
INC-10918,2023-06-05 00:00:00,SIN-Core-01,Power,PDU Overload,Critical,207,979731,Dwayne Porter
INC-10919,2023-02-04 15:00:00,DXB-Edge-02,Network,Fiber Cut,Low,10,90,Bobby Sanchez
INC-10920,2023-11-23 20:00:00,DXB-Core-01,Network,Fiber Cut,Medium,48,22560,Isaac Hunt
INC-10921,2023-11-08 19:00:00,LHR-Core-02,Cooling,Chiller Failure,Low,6,138,Ryan Fernandez
INC-10922,2023-02-09 10:00:00,DXB-Core-01,Network,Switch Failure,Low,13,260,Lisa Mccoy
INC-10923,2023-07-28 05:00:00,DXB-Core-01,Cooling,Cooling Pump Failure,Medium,46,7452,Mary Gray
INC-10924,2023-03-29 06:00:00,DXB-Core-01,Network,Router Failure,Medium,21,5250,John Robbins
INC-10925,2023-05-04 22:00:00,LHR-Core-02,Network,Fiber Cut,Medium,39,15210,Sharon Mitchell
INC-10926,2023-04-06 10:00:00,SIN-Core-01,Network,Router Failure,Low,6,36,Daniel Rodriguez
INC-10927,2023-09-27 02:00:00,FRA-Core-01,Power,UPS Failure,Low,16,16,Martin Johnson
INC-10928,2023-02-21 19:00:00,SIN-Core-01,Network,Router Failure,Low,18,396,Sabrina Williams
INC-10929,2023-03-17 20:00:00,MUM-Zone-A,Cooling,CRAC Failure,High,71,57510,Matthew Sloan
INC-10930,2023-03-16 19:00:00,MUM-Zone-A,Cooling,CRAC Failure,Low,16,496,Christopher Tucker
INC-10931,2023-06-01 06:00:00,FRA-Core-01,Cooling,Chiller Failure,Low,9,45,Bailey Banks
INC-10932,2023-10-15 05:00:00,DXB-Edge-02,Network,Fiber Cut,Low,18,612,Jerry Williams
INC-10933,2023-12-15 14:00:00,FRA-Core-01,Power,PDU Overload,Low,9,405,Blake Dixon
INC-10934,2023-10-03 11:00:00,MUM-Zone-A,Network,Switch Failure,Low,12,132,Mrs. Molly Martinez
INC-10935,2023-09-12 01:00:00,DXB-Core-01,Cooling,CRAC Failure,Low,15,450,Eric Lucero MD
INC-10936,2023-03-05 10:00:00,FRA-Core-01,Power,UPS Failure,High,124,109616,Omar Henry
INC-10937,2023-04-20 02:00:00,SIN-Core-01,Environmental,Water Leakage,Low,15,180,Ashley Rios
INC-10938,2023-11-22 06:00:00,SIN-Core-01,Cooling,CRAC Failure,Low,5,95,John Zimmerman
INC-10939,2023-08-19 00:00:00,MUM-Zone-A,Network,Switch Failure,Low,8,104,Amber Willis
INC-10940,2023-11-29 21:00:00,MUM-Zone-A,Network,Fiber Cut,Low,17,221,William Russell
INC-10941,2023-12-11 10:00:00,FRA-Core-01,Environmental,Temperature Spike,Low,10,480,Katherine Bradshaw
INC-10942,2023-02-05 16:00:00,FRA-Core-01,Environmental,Water Leakage,Low,15,195,Jill Young
INC-10943,2023-09-25 04:00:00,DXB-Core-01,Cooling,CRAC Failure,High,144,137952,James Rhodes
INC-10944,2023-11-07 12:00:00,DXB-Core-01,Power,Generator Failure,Low,13,520,Caroline Garcia MD
INC-10945,2023-03-21 13:00:00,FRA-Core-01,Power,PDU Overload,Low,18,846,Philip Perry
INC-10946,2023-09-10 15:00:00,FRA-Core-01,Cooling,Chiller Failure,High,66,50754,Michael Richardson
INC-10947,2023-12-08 06:00:00,MUM-Zone-A,Network,Fiber Cut,High,126,107100,Caleb Clark
INC-10948,2023-10-05 00:00:00,DXB-Core-01,Network,Fiber Cut,Medium,39,16419,Jennifer Mitchell
INC-10949,2023-04-12 10:00:00,DXB-Core-01,Network,Switch Failure,Low,8,376,Laura Wagner
INC-10950,2023-09-07 16:00:00,DXB-Edge-02,Environmental,Water Leakage,Medium,21,3339,John Cooper
INC-10951,2023-11-17 18:00:00,LHR-Core-02,Cooling,Cooling Pump Failure,Low,18,18,Brooke Hernandez
INC-10952,2023-12-12 09:00:00,DXB-Edge-02,Cooling,CRAC Failure,High,169,118300,Alyssa Brown
INC-10953,2023-11-13 16:00:00,FRA-Core-01,Power,Generator Failure,Low,9,423,Nicholas Gillespie
INC-10954,2023-06-03 07:00:00,SIN-Core-01,Power,UPS Failure,Low,14,182,Oscar Harris
INC-10955,2023-10-18 13:00:00,MUM-Zone-A,Power,UPS Failure,Critical,181,902647,Kyle Osborne
INC-10956,2023-03-07 20:00:00,DXB-Edge-02,Power,UPS Failure,Low,17,731,Denise Robertson
INC-10957,2023-10-01 07:00:00,LHR-Core-02,Power,UPS Failure,Low,10,140,Tiffany Hanson
INC-10958,2023-07-01 14:00:00,LHR-Core-02,Cooling,Cooling Pump Failure,Low,19,190,Jennifer Vega
INC-10959,2023-01-08 12:00:00,DXB-Edge-02,Cooling,Chiller Failure,Low,18,486,Melissa Gonzalez
INC-10960,2023-08-02 14:00:00,LHR-Core-02,Cooling,CRAC Failure,Low,14,560,Theresa Kirby
INC-10961,2023-11-24 19:00:00,FRA-Core-01,Network,Router Failure,Low,9,387,Richard Clements
INC-10962,2023-03-31 00:00:00,FRA-Core-01,Network,Router Failure,Low,19,817,Gerald Perez
INC-10963,2023-11-06 07:00:00,SIN-Core-01,Cooling,Cooling Pump Failure,Critical,566,1409340,Crystal Roberts
INC-10964,2023-01-18 01:00:00,MUM-Zone-A,Network,Switch Failure,Critical,560,753200,Heidi Martin
INC-10965,2023-01-06 17:00:00,DXB-Core-01,Power,Generator Failure,Low,19,722,Eric Brown
INC-10966,2023-05-31 19:00:00,MUM-Zone-A,Environmental,Water Leakage,Low,10,310,Howard Price MD
INC-10967,2023-08-05 23:00:00,MUM-Zone-A,Network,Fiber Cut,Critical,239,848450,David Suarez
INC-10968,2023-05-04 21:00:00,DXB-Core-01,Network,Switch Failure,Medium,26,5174,Chris Burke
INC-10969,2023-11-06 07:00:00,DXB-Edge-02,Network,Switch Failure,Low,15,195,Ashley Lee
INC-10970,2023-04-15 22:00:00,SIN-Core-01,Network,Router Failure,Low,7,210,Courtney Taylor
INC-10971,2023-06-07 14:00:00,FRA-Core-01,Cooling,Chiller Failure,Medium,36,5400,Stephanie George
INC-10972,2023-04-18 18:00:00,SIN-Core-01,Network,Router Failure,Low,19,551,Amy Rogers
INC-10973,2023-09-04 08:00:00,LHR-Core-02,Cooling,Chiller Failure,Low,12,564,Stephanie Brown
INC-10974,2023-10-02 02:00:00,FRA-Core-01,Cooling,Chiller Failure,Low,14,210,Tiffany Vasquez
INC-10975,2023-02-24 08:00:00,SIN-Core-01,Cooling,CRAC Failure,Medium,47,11891,Melissa Washington
INC-10976,2023-10-03 17:00:00,FRA-Core-01,Network,Fiber Cut,Low,6,114,Amber Chapman
INC-10977,2023-02-17 21:00:00,MUM-Zone-A,Power,Generator Failure,Low,17,68,Gavin Powell
INC-10978,2023-01-31 19:00:00,LHR-Core-02,Environmental,Temperature Spike,Medium,31,5363,Tyler Peterson
INC-10979,2023-03-08 16:00:00,DXB-Core-01,Cooling,Chiller Failure,Low,9,81,Tracy Greer
INC-10980,2023-08-08 00:00:00,MUM-Zone-A,Cooling,CRAC Failure,Low,12,252,Brandon Ellis
INC-10981,2023-03-25 09:00:00,DXB-Core-01,Cooling,Chiller Failure,Critical,445,640355,Virginia Hall
INC-10982,2023-04-24 20:00:00,FRA-Core-01,Cooling,Chiller Failure,Low,10,450,Leslie Rivera
INC-10983,2023-01-31 16:00:00,DXB-Edge-02,Cooling,CRAC Failure,Medium,20,9060,Leah Moore
INC-10984,2023-05-02 07:00:00,MUM-Zone-A,Environmental,Temperature Spike,Low,16,768,Holly Thompson
INC-10985,2023-08-09 03:00:00,DXB-Edge-02,Environmental,Water Leakage,Medium,59,18526,Anna Arnold
INC-10986,2023-02-04 17:00:00,DXB-Edge-02,Cooling,Cooling Pump Failure,Low,13,442,Eric Bell
INC-10987,2023-11-28 03:00:00,SIN-Core-01,Cooling,CRAC Failure,Low,8,88,Kristin King
INC-10988,2023-07-11 02:00:00,SIN-Core-01,Power,UPS Failure,Low,13,572,David Perry
INC-10989,2023-08-02 05:00:00,LHR-Core-02,Environmental,Temperature Spike,Low,17,850,Matthew Rivera
INC-10990,2023-12-30 01:00:00,DXB-Edge-02,Cooling,Cooling Pump Failure,Medium,29,2987,Leslie Suarez
INC-10991,2023-07-02 19:00:00,DXB-Edge-02,Cooling,Chiller Failure,Low,10,230,Julie Hernandez
INC-10992,2023-12-25 23:00:00,DXB-Edge-02,Network,Router Failure,Low,17,799,Erik Pham
INC-10993,2023-10-07 21:00:00,MUM-Zone-A,Environmental,Temperature Spike,Low,12,444,Joshua Hull
INC-10994,2023-09-10 15:00:00,LHR-Core-02,Network,Router Failure,Low,16,800,Sherry Anderson
INC-10995,2023-03-01 22:00:00,DXB-Core-01,Power,Generator Failure,Low,16,192,Elizabeth Peterson
INC-10996,2023-02-21 07:00:00,DXB-Edge-02,Environmental,Temperature Spike,Low,8,344,Eric Ford
INC-10997,2023-07-08 08:00:00,LHR-Core-02,Network,Router Failure,Low,7,70,Joseph Lang
INC-10998,2023-08-20 10:00:00,DXB-Core-01,Network,Fiber Cut,Low,19,494,Victoria Austin
INC-10999,2023-02-16 05:00:00,SIN-Core-01,Power,Generator Failure,Low,11,209,Elizabeth Morris
INC-11000,2023-09-11 21:00:00,DXB-Edge-02,Cooling,Chiller Failure,Low,6,24,Carolyn Ramirez
INC-11001,2023-03-07 12:00:00,DXB-Edge-02,Environmental,Temperature Spike,Low,7,112,James Garcia
INC-11002,2023-05-31 00:00:00,DXB-Core-01,Cooling,Cooling Pump Failure,High,139,121208,Brian Smith
INC-11003,2023-01-11 10:00:00,DXB-Core-01,Power,UPS Failure,Low,7,140,Connie Scott
INC-11004,2023-06-30 00:00:00,DXB-Edge-02,Power,UPS Failure,Low,18,18,Michael Allen
INC-11005,2023-03-27 04:00:00,SIN-Core-01,Network,Switch Failure,Low,11,198,Joshua Jones
INC-11006,2023-03-12 20:00:00,DXB-Core-01,Environmental,Water Leakage,Low,6,210,Robin Perez
INC-11007,2023-07-16 08:00:00,MUM-Zone-A,Network,Fiber Cut,Low,8,376,Brittney Rodriguez
INC-11008,2023-08-28 14:00:00,DXB-Edge-02,Cooling,CRAC Failure,Critical,468,1008072,Ricky Washington
INC-11009,2023-11-06 09:00:00,SIN-Core-01,Environmental,Water Leakage,Low,14,266,Christopher Andrade
INC-11010,2023-07-06 09:00:00,DXB-Core-01,Power,UPS Failure,Low,12,540,Jennifer Perez
INC-11011,2023-06-13 09:00:00,LHR-Core-02,Network,Router Failure,Medium,22,4158,Lynn Nguyen
INC-11012,2023-04-21 18:00:00,LHR-Core-02,Network,Switch Failure,Critical,480,1161120,Michael Smith
INC-11013,2023-04-30 07:00:00,DXB-Edge-02,Environmental,Temperature Spike,Medium,51,21624,Steven Wilson
INC-11014,2023-03-06 20:00:00,DXB-Edge-02,Network,Switch Failure,Medium,47,8084,Andrea Wise
INC-11015,2024-01-01 14:00:00,DXB-Core-01,Power,PDU Overload,Low,8,48,Gregory Martinez
INC-11016,2023-05-07 10:00:00,FRA-Core-01,Environmental,Water Leakage,Medium,39,14820,Gregory Rivas
INC-11017,2023-10-23 03:00:00,FRA-Core-01,Power,Generator Failure,High,161,99176,Sheri Dennis
INC-11018,2023-05-30 19:00:00,DXB-Edge-02,Network,Router Failure,Low,8,304,Kathryn Kirby
INC-11019,2023-06-23 02:00:00,FRA-Core-01,Cooling,CRAC Failure,Low,10,340,Adam Lee
INC-11020,2023-06-12 11:00:00,LHR-Core-02,Cooling,CRAC Failure,High,112,109424,Faith Foster
INC-11021,2023-08-14 10:00:00,DXB-Core-01,Network,Switch Failure,Medium,35,17360,Jessica Diaz
INC-11022,2023-12-26 00:00:00,MUM-Zone-A,Environmental,Temperature Spike,Low,7,189,Brian Pace
INC-11023,2023-11-05 08:00:00,MUM-Zone-A,Cooling,CRAC Failure,Medium,23,10810,Christopher Baker
INC-11024,2023-05-27 04:00:00,SIN-Core-01,Network,Router Failure,Low,14,168,Timothy Faulkner
INC-11025,2023-06-01 04:00:00,SIN-Core-01,Network,Fiber Cut,Low,12,96,Brandon Green
INC-11026,2023-06-15 00:00:00,MUM-Zone-A,Network,Fiber Cut,Medium,32,14784,Karen Mcdonald
INC-11027,2023-08-12 10:00:00,FRA-Core-01,Environmental,Temperature Spike,Low,5,90,Gina Lam
INC-11028,2023-12-23 22:00:00,FRA-Core-01,Power,Generator Failure,Low,11,132,Amber Thornton
INC-11029,2023-11-23 10:00:00,LHR-Core-02,Cooling,Cooling Pump Failure,Low,16,208,John Tran
INC-11030,2023-01-23 21:00:00,LHR-Core-02,Cooling,Cooling Pump Failure,Low,13,403,Laura Mccarthy
INC-11031,2023-03-07 09:00:00,FRA-Core-01,Environmental,Temperature Spike,Medium,24,11904,Billy Lewis
INC-11032,2023-10-23 14:00:00,SIN-Core-01,Environmental,Water Leakage,Low,8,64,Crystal Clark
INC-11033,2023-02-20 16:00:00,SIN-Core-01,Network,Fiber Cut,High,154,153230,Tyler Johnson
INC-11034,2023-02-05 14:00:00,DXB-Core-01,Power,PDU Overload,Low,5,85,Terry Lowe
INC-11035,2023-01-13 13:00:00,LHR-Core-02,Cooling,CRAC Failure,Low,16,480,Timothy King
INC-11036,2023-10-16 14:00:00,SIN-Core-01,Environmental,Water Leakage,Low,9,171,Ashley Schaefer
INC-11037,2023-06-18 11:00:00,MUM-Zone-A,Power,UPS Failure,Low,5,190,Kathleen Bryant
INC-11038,2023-10-17 23:00:00,SIN-Core-01,Network,Fiber Cut,Medium,33,5214,Patricia Owens
INC-11039,2023-07-15 02:00:00,FRA-Core-01,Cooling,Chiller Failure,Medium,20,8320,Darren Washington
INC-11040,2023-11-08 12:00:00,DXB-Edge-02,Network,Fiber Cut,Low,11,374,Laura Mitchell
INC-11041,2023-02-20 19:00:00,LHR-Core-02,Power,Generator Failure,Medium,23,8349,Mr. Adam Nunez
INC-11042,2023-05-18 11:00:00,LHR-Core-02,Network,Switch Failure,Medium,44,17996,Elizabeth Wolfe
INC-11043,2023-04-02 06:00:00,LHR-Core-02,Network,Fiber Cut,Low,9,108,Maria Myers
INC-11044,2023-02-02 01:00:00,FRA-Core-01,Network,Router Failure,Low,11,242,Devin Potts
INC-11045,2023-07-22 01:00:00,MUM-Zone-A,Environmental,Temperature Spike,Low,12,432,Jerry Martin
INC-11046,2023-09-29 21:00:00,DXB-Edge-02,Network,Switch Failure,Low,7,0,Maria Osborne
INC-11047,2023-03-27 02:00:00,LHR-Core-02,Network,Switch Failure,Low,15,60,Jennifer Phelps
INC-11048,2023-07-01 08:00:00,DXB-Edge-02,Environmental,Temperature Spike,Low,10,260,Adam Bender
INC-11049,2023-12-27 04:00:00,DXB-Core-01,Cooling,CRAC Failure,Low,12,276,Gary Howell
INC-11050,2023-04-02 02:00:00,DXB-Edge-02,Power,PDU Overload,Medium,50,20750,Victoria Moss
INC-11051,2023-02-25 12:00:00,SIN-Core-01,Power,UPS Failure,Medium,57,18924,Melissa Smith
INC-11052,2023-02-27 13:00:00,SIN-Core-01,Network,Fiber Cut,Low,19,418,Courtney Newman
INC-11053,2023-05-26 06:00:00,DXB-Core-01,Cooling,Chiller Failure,Medium,32,12384,Jill Martinez
INC-11054,2023-04-26 17:00:00,SIN-Core-01,Power,UPS Failure,Medium,58,14152,Pamela Hill
INC-11055,2023-12-08 12:00:00,LHR-Core-02,Network,Switch Failure,High,148,81548,Brian Miller
INC-11056,2023-06-18 22:00:00,DXB-Edge-02,Cooling,CRAC Failure,Medium,47,21855,Jeffery Wagner
INC-11057,2023-05-08 23:00:00,LHR-Core-02,Cooling,Chiller Failure,High,161,84364,Ryan Vaughn
INC-11058,2023-08-11 08:00:00,MUM-Zone-A,Network,Router Failure,Low,19,627,Billy Olson
INC-11059,2023-01-15 10:00:00,FRA-Core-01,Power,PDU Overload,Low,5,60,Kaitlin Gallegos
INC-11060,2023-11-04 13:00:00,LHR-Core-02,Environmental,Water Leakage,Low,19,836,John Walker
INC-11061,2023-04-24 01:00:00,DXB-Core-01,Power,PDU Overload,Medium,49,21462,Nicholas Lawson
INC-11062,2023-03-15 05:00:00,SIN-Core-01,Environmental,Water Leakage,Low,12,492,Kimberly Gilbert
INC-11063,2023-09-25 13:00:00,LHR-Core-02,Network,Fiber Cut,Low,10,40,Tina Beck
INC-11064,2023-10-26 19:00:00,DXB-Edge-02,Cooling,Cooling Pump Failure,Medium,35,3815,Laura Alvarado
INC-11065,2023-04-02 11:00:00,SIN-Core-01,Power,PDU Overload,Low,11,451,Veronica Wilson
INC-11066,2023-10-08 02:00:00,DXB-Core-01,Cooling,CRAC Failure,Critical,304,492784,Susan Bender
INC-11067,2023-09-16 15:00:00,DXB-Edge-02,Environmental,Water Leakage,Low,5,0,Zachary Barrett
INC-11068,2023-01-02 13:00:00,LHR-Core-02,Environmental,Water Leakage,Low,9,144,Kenneth Blackwell
INC-11069,2023-02-26 19:00:00,LHR-Core-02,Power,Generator Failure,Medium,30,12780,Jessica Reeves
INC-11070,2023-03-13 16:00:00,DXB-Edge-02,Network,Router Failure,Medium,28,4060,Brett Ramirez
INC-11071,2023-11-21 12:00:00,FRA-Core-01,Power,Generator Failure,Low,17,119,Gregory Barnes
INC-11072,2023-04-23 10:00:00,MUM-Zone-A,Network,Fiber Cut,Low,10,490,Chad Goodman
INC-11073,2023-06-08 03:00:00,SIN-Core-01,Power,UPS Failure,Low,5,45,Mallory Miller
INC-11074,2023-01-12 12:00:00,SIN-Core-01,Power,PDU Overload,High,145,97005,Rebecca Gonzales
INC-11075,2023-12-03 23:00:00,FRA-Core-01,Power,UPS Failure,Low,10,300,Debbie Ashley
INC-11076,2023-10-15 21:00:00,FRA-Core-01,Network,Router Failure,Medium,43,18189,William Perry
INC-11077,2023-02-06 15:00:00,DXB-Core-01,Cooling,CRAC Failure,Low,16,112,Christopher Ortiz MD
INC-11078,2023-05-30 06:00:00,LHR-Core-02,Environmental,Temperature Spike,Low,19,152,Samantha Gregory
INC-11079,2023-03-23 08:00:00,LHR-Core-02,Network,Switch Failure,Low,5,120,Henry Walls
INC-11080,2023-04-06 21:00:00,FRA-Core-01,Environmental,Water Leakage,Low,15,330,Johnny Wilkerson
INC-11081,2023-06-25 22:00:00,DXB-Core-01,Cooling,CRAC Failure,High,134,86698,Christine Taylor
INC-11082,2023-02-11 06:00:00,DXB-Core-01,Power,PDU Overload,Low,9,324,Katelyn Young
INC-11083,2023-10-28 09:00:00,FRA-Core-01,Environmental,Water Leakage,Low,7,91,Daniel Obrien
INC-11084,2023-06-28 11:00:00,MUM-Zone-A,Network,Router Failure,Low,7,154,Kristen Orr
INC-11085,2023-02-08 04:00:00,DXB-Edge-02,Power,Generator Failure,Low,12,288,Pamela Perkins
INC-11086,2023-01-04 09:00:00,DXB-Edge-02,Cooling,Chiller Failure,Medium,47,11139,Michelle Morrow
INC-11087,2023-08-30 13:00:00,FRA-Core-01,Cooling,Chiller Failure,Low,14,70,David Miller
INC-11088,2023-01-08 22:00:00,FRA-Core-01,Network,Fiber Cut,Critical,352,1469248,Christopher Hill
INC-11089,2023-04-29 01:00:00,DXB-Core-01,Network,Fiber Cut,Low,6,216,Yvonne Beasley
INC-11090,2023-02-11 12:00:00,DXB-Core-01,Power,UPS Failure,Medium,36,15948,Alicia Gonzalez
INC-11091,2023-05-15 18:00:00,DXB-Edge-02,Power,Generator Failure,Low,11,374,Juan Wang
INC-11092,2023-08-17 13:00:00,DXB-Core-01,Environmental,Water Leakage,Medium,49,16905,Stephanie Lane
INC-11093,2023-11-06 07:00:00,MUM-Zone-A,Cooling,Cooling Pump Failure,Low,10,100,Jessica Gutierrez
INC-11094,2023-08-07 12:00:00,SIN-Core-01,Environmental,Water Leakage,Low,13,624,Joanna Leonard
INC-11095,2023-11-20 01:00:00,DXB-Core-01,Environmental,Temperature Spike,Low,10,60,Stephanie Sanders
INC-11096,2023-08-15 03:00:00,DXB-Edge-02,Environmental,Temperature Spike,Low,7,252,Melvin Carson
INC-11097,2023-03-02 03:00:00,DXB-Core-01,Cooling,CRAC Failure,Low,10,430,Tina Meyers
INC-11098,2023-10-12 21:00:00,LHR-Core-02,Power,Generator Failure,Medium,34,7820,Jennifer Chan
INC-11099,2023-07-06 13:00:00,LHR-Core-02,Power,Generator Failure,Low,15,570,Stacey Barrett
INC-11100,2023-12-23 04:00:00,MUM-Zone-A,Cooling,CRAC Failure,Low,7,56,Michelle Humphrey
INC-11101,2023-09-29 11:00:00,DXB-Core-01,Network,Fiber Cut,Low,11,462,Stephanie Dean
INC-11102,2023-04-12 01:00:00,DXB-Edge-02,Power,PDU Overload,Low,6,216,Eric Ford
INC-11103,2023-07-11 12:00:00,MUM-Zone-A,Network,Router Failure,Low,18,396,John Jones
INC-11104,2023-04-06 05:00:00,MUM-Zone-A,Power,UPS Failure,Low,14,448,Kristen Donovan
INC-11105,2023-02-27 06:00:00,MUM-Zone-A,Power,UPS Failure,Low,6,300,Terri Romero
INC-11106,2023-02-01 11:00:00,LHR-Core-02,Power,Generator Failure,Medium,49,15827,Douglas Perry
INC-11107,2023-06-18 13:00:00,FRA-Core-01,Cooling,Chiller Failure,Medium,50,21250,Jacob Rivers
INC-11108,2023-02-21 19:00:00,DXB-Edge-02,Cooling,Chiller Failure,Low,15,390,Lauren Cowan
INC-11109,2023-09-06 10:00:00,LHR-Core-02,Network,Router Failure,Low,8,296,Anthony Cruz
INC-11110,2023-11-15 16:00:00,DXB-Core-01,Power,UPS Failure,Medium,23,9315,Ruth Mcbride
INC-11111,2023-12-16 02:00:00,SIN-Core-01,Environmental,Water Leakage,Low,8,368,Julie Roberts
INC-11112,2023-12-23 04:00:00,DXB-Edge-02,Cooling,CRAC Failure,Low,5,215,Nancy Reed
INC-11113,2023-10-04 20:00:00,DXB-Core-01,Environmental,Temperature Spike,Medium,24,6264,David Smith
INC-11114,2023-07-03 00:00:00,MUM-Zone-A,Network,Switch Failure,Low,18,900,Rebecca King
INC-11115,2023-02-15 11:00:00,LHR-Core-02,Cooling,Cooling Pump Failure,High,160,84960,Katie Pratt
INC-11116,2023-12-06 08:00:00,DXB-Edge-02,Power,PDU Overload,High,117,100035,Monica Elliott
INC-11117,2023-04-30 13:00:00,SIN-Core-01,Cooling,Cooling Pump Failure,High,80,40640,Ryan Curtis
INC-11118,2023-01-08 21:00:00,DXB-Core-01,Network,Fiber Cut,High,96,68064,Jeffrey Cook
INC-11119,2023-04-10 05:00:00,LHR-Core-02,Power,PDU Overload,Low,12,84,Thomas Krueger
INC-11120,2023-11-13 08:00:00,SIN-Core-01,Power,PDU Overload,High,113,95937,John Blankenship
INC-11121,2023-11-27 18:00:00,LHR-Core-02,Power,PDU Overload,Low,17,0,Susan Mendez
INC-11122,2023-04-08 10:00:00,DXB-Core-01,Power,UPS Failure,Medium,41,12997,Gary Matthews
INC-11123,2023-07-08 22:00:00,SIN-Core-01,Network,Switch Failure,Medium,35,14140,Dr. Stephanie Armstrong MD
INC-11124,2023-01-02 11:00:00,SIN-Core-01,Environmental,Temperature Spike,Medium,21,3381,Jasmine Kim
INC-11125,2023-10-05 00:00:00,MUM-Zone-A,Environmental,Temperature Spike,Low,8,296,Jessica Baxter
INC-11126,2023-10-30 10:00:00,SIN-Core-01,Power,Generator Failure,Critical,222,365190,Amanda Nichols
INC-11127,2023-08-31 23:00:00,MUM-Zone-A,Power,UPS Failure,Low,17,391,Shannon Lee
INC-11128,2023-03-13 08:00:00,MUM-Zone-A,Environmental,Water Leakage,Low,11,385,Jeremy Hughes
INC-11129,2023-12-18 09:00:00,SIN-Core-01,Network,Fiber Cut,Low,13,624,Robert Scott
INC-11130,2023-10-26 05:00:00,MUM-Zone-A,Environmental,Temperature Spike,Medium,48,5520,Scott Wallace
INC-11131,2023-02-14 10:00:00,DXB-Edge-02,Cooling,Chiller Failure,Medium,21,6573,Michael Johnson
INC-11132,2023-11-18 16:00:00,SIN-Core-01,Network,Fiber Cut,Low,17,765,Catherine Jackson
INC-11133,2023-09-23 07:00:00,DXB-Edge-02,Environmental,Temperature Spike,Low,5,250,Robert Bryant
INC-11134,2023-12-23 13:00:00,SIN-Core-01,Network,Switch Failure,Medium,44,5764,Shaun Woodward
INC-11135,2023-05-17 16:00:00,SIN-Core-01,Environmental,Temperature Spike,Medium,43,5031,Christopher Brown
INC-11136,2023-08-02 13:00:00,MUM-Zone-A,Power,Generator Failure,Low,11,11,Cathy Munoz
INC-11137,2023-04-06 08:00:00,FRA-Core-01,Environmental,Temperature Spike,Low,16,592,Ronald Holmes
INC-11138,2023-01-14 02:00:00,LHR-Core-02,Cooling,Chiller Failure,Medium,50,8550,Brandon Smith
INC-11139,2023-10-30 22:00:00,LHR-Core-02,Environmental,Water Leakage,Medium,55,22000,Fernando Gonzalez
INC-11140,2023-09-10 13:00:00,DXB-Edge-02,Cooling,Chiller Failure,Low,6,186,Emily Smith
INC-11141,2023-03-26 16:00:00,DXB-Edge-02,Environmental,Temperature Spike,Low,14,168,Adam Patterson
INC-11142,2023-04-15 10:00:00,DXB-Core-01,Cooling,CRAC Failure,High,114,98838,Daniel White
INC-11143,2023-08-29 15:00:00,LHR-Core-02,Power,UPS Failure,Low,5,10,Christine Robinson
INC-11144,2023-07-16 18:00:00,FRA-Core-01,Cooling,Cooling Pump Failure,Low,8,256,Robin Clarke
INC-11145,2023-04-01 21:00:00,MUM-Zone-A,Cooling,Cooling Pump Failure,Critical,492,996300,Brenda Lewis
INC-11146,2023-06-29 14:00:00,FRA-Core-01,Network,Fiber Cut,Medium,47,10998,Amanda Johnson
INC-11147,2023-04-28 15:00:00,LHR-Core-02,Power,Generator Failure,High,80,41200,Dr. William Watson III
INC-11148,2023-03-25 06:00:00,MUM-Zone-A,Environmental,Temperature Spike,Low,7,105,Brady Dunn
INC-11149,2023-05-26 15:00:00,LHR-Core-02,Network,Fiber Cut,Low,14,112,Mallory Shelton
INC-11150,2023-08-11 18:00:00,DXB-Core-01,Power,PDU Overload,Low,19,456,Brian Miller
INC-11151,2023-02-23 15:00:00,MUM-Zone-A,Environmental,Water Leakage,Low,6,258,Nicholas Gray
INC-11152,2023-01-06 17:00:00,FRA-Core-01,Network,Router Failure,High,136,114376,David Barnett
INC-11153,2023-09-14 18:00:00,LHR-Core-02,Power,PDU Overload,Medium,31,11191,Jeffrey Jackson
INC-11154,2023-06-22 01:00:00,DXB-Core-01,Power,PDU Overload,Low,12,480,Matthew Blackburn
INC-11155,2023-05-07 14:00:00,SIN-Core-01,Cooling,Cooling Pump Failure,Low,15,210,Donna Miller
INC-11156,2023-10-23 07:00:00,DXB-Core-01,Cooling,CRAC Failure,High,64,42048,Erin Richards
INC-11157,2023-09-17 20:00:00,DXB-Edge-02,Network,Fiber Cut,Medium,40,4160,Sarah Carroll
INC-11158,2023-06-12 21:00:00,DXB-Core-01,Environmental,Water Leakage,High,125,64500,Laura Sanchez
INC-11159,2023-07-06 12:00:00,SIN-Core-01,Power,UPS Failure,Low,6,258,Mathew Little
INC-11160,2023-02-15 07:00:00,DXB-Edge-02,Environmental,Temperature Spike,Medium,20,9580,Kristen Rodgers
INC-11161,2023-03-17 03:00:00,MUM-Zone-A,Network,Switch Failure,Medium,28,8540,Jason Martin
INC-11162,2023-12-21 03:00:00,FRA-Core-01,Power,PDU Overload,Medium,41,14924,Edward Jackson
INC-11163,2023-07-15 10:00:00,MUM-Zone-A,Power,Generator Failure,Medium,56,11872,Courtney Peters
INC-11164,2023-12-24 09:00:00,DXB-Edge-02,Network,Fiber Cut,Low,5,195,Shirley Scott
INC-11165,2023-02-12 02:00:00,DXB-Edge-02,Power,UPS Failure,Low,11,473,Bryan Salas
INC-11166,2023-01-10 19:00:00,MUM-Zone-A,Cooling,CRAC Failure,Low,13,247,Jeffrey Davis
INC-11167,2023-07-15 00:00:00,DXB-Edge-02,Cooling,Cooling Pump Failure,Low,5,250,Raymond Cole
INC-11168,2023-07-09 03:00:00,SIN-Core-01,Power,Generator Failure,Low,19,627,Alexander Gomez
INC-11169,2023-11-05 13:00:00,LHR-Core-02,Cooling,Chiller Failure,Medium,41,13612,Sarah Marsh
INC-11170,2023-04-03 22:00:00,LHR-Core-02,Power,PDU Overload,Low,13,52,Vincent Jacobs
INC-11171,2023-06-24 18:00:00,DXB-Edge-02,Cooling,Cooling Pump Failure,Low,8,112,David Garcia
INC-11172,2023-09-11 10:00:00,DXB-Core-01,Network,Switch Failure,Low,19,456,Anna Pham
INC-11173,2023-12-15 07:00:00,DXB-Edge-02,Environmental,Temperature Spike,Medium,57,28101,Ashley Singleton
INC-11174,2023-09-24 02:00:00,SIN-Core-01,Cooling,Cooling Pump Failure,High,109,99735,Emma Perez
INC-11175,2023-12-07 07:00:00,FRA-Core-01,Network,Router Failure,Medium,54,8424,Rachel Jones
INC-11176,2023-06-28 09:00:00,SIN-Core-01,Network,Switch Failure,Low,11,88,Scott Cuevas
INC-11177,2023-03-09 07:00:00,FRA-Core-01,Power,PDU Overload,Low,10,180,Melanie Reed
INC-11178,2023-06-15 03:00:00,MUM-Zone-A,Environmental,Temperature Spike,High,91,45955,John Coleman
INC-11179,2023-08-22 08:00:00,DXB-Core-01,Cooling,CRAC Failure,Medium,23,9384,Kimberly Brown
INC-11180,2023-08-14 22:00:00,LHR-Core-02,Network,Fiber Cut,High,63,35280,Jerome Bender
INC-11181,2023-11-17 01:00:00,DXB-Core-01,Environmental,Water Leakage,Low,11,396,Tracy Nash
INC-11182,2023-05-01 10:00:00,SIN-Core-01,Cooling,Chiller Failure,Low,9,306,Kristina Beck
INC-11183,2023-06-20 06:00:00,FRA-Core-01,Cooling,Chiller Failure,Low,6,258,Daniel Smith
INC-11184,2023-09-10 23:00:00,SIN-Core-01,Network,Router Failure,Low,19,418,Jennifer Jackson
INC-11185,2023-03-14 19:00:00,MUM-Zone-A,Network,Fiber Cut,Low,6,192,John Aguirre
INC-11186,2023-02-08 15:00:00,MUM-Zone-A,Environmental,Temperature Spike,Low,18,180,Rodney Nielsen
INC-11187,2023-02-10 15:00:00,FRA-Core-01,Network,Router Failure,Low,12,228,Carrie Bowman
INC-11188,2023-12-04 15:00:00,MUM-Zone-A,Power,Generator Failure,Low,17,561,Fernando Murillo
INC-11189,2023-09-28 05:00:00,SIN-Core-01,Network,Router Failure,Critical,395,1072030,Robert Mills
INC-11190,2023-06-05 01:00:00,DXB-Core-01,Network,Router Failure,Medium,53,10653,Brittany Quinn
INC-11191,2023-01-20 22:00:00,LHR-Core-02,Power,Generator Failure,Low,16,752,Mark Hopkins
INC-11192,2023-09-21 06:00:00,SIN-Core-01,Power,Generator Failure,Low,16,80,Jay Thomas
INC-11193,2023-12-11 11:00:00,FRA-Core-01,Network,Fiber Cut,Low,16,512,Scott King
INC-11194,2023-07-15 17:00:00,MUM-Zone-A,Cooling,Cooling Pump Failure,Medium,58,26448,Vicki Bender
INC-11195,2023-07-15 08:00:00,DXB-Core-01,Power,UPS Failure,Medium,22,9306,Patricia Bridges
INC-11196,2023-02-22 19:00:00,DXB-Core-01,Power,PDU Overload,High,92,79764,Destiny Jordan
INC-11197,2023-05-05 21:00:00,DXB-Core-01,Power,Generator Failure,Low,6,282,Brian Kelley
INC-11198,2023-06-15 10:00:00,FRA-Core-01,Network,Switch Failure,Critical,248,444416,Karen Spencer
INC-11199,2023-08-17 03:00:00,FRA-Core-01,Environmental,Water Leakage,Critical,399,568974,Tara Benson
INC-11200,2023-04-12 13:00:00,FRA-Core-01,Cooling,CRAC Failure,Low,10,190,Alison Gill
INC-11201,2023-02-09 07:00:00,LHR-Core-02,Cooling,CRAC Failure,Low,16,720,Stephanie Moss
INC-11202,2023-05-02 10:00:00,FRA-Core-01,Network,Router Failure,Medium,53,13992,Michael Cross
INC-11203,2023-05-29 10:00:00,MUM-Zone-A,Environmental,Temperature Spike,Low,9,351,Tammy Shelton
INC-11204,2023-01-04 16:00:00,DXB-Core-01,Environmental,Water Leakage,Low,8,360,Ryan Perez
INC-11205,2023-08-23 09:00:00,LHR-Core-02,Cooling,Cooling Pump Failure,Medium,41,18245,Amber Adams
INC-11206,2023-05-18 22:00:00,LHR-Core-02,Power,UPS Failure,Medium,46,10856,Jason Hunter
INC-11207,2023-07-16 10:00:00,SIN-Core-01,Cooling,Chiller Failure,Low,13,468,Alex Nash
INC-11208,2023-11-03 01:00:00,DXB-Edge-02,Power,UPS Failure,Low,16,464,Cory Long
INC-11209,2023-10-07 09:00:00,FRA-Core-01,Cooling,CRAC Failure,Medium,35,11585,William Harmon
INC-11210,2023-12-20 01:00:00,SIN-Core-01,Environmental,Temperature Spike,Low,11,297,Michael Hunter
INC-11211,2023-03-27 00:00:00,SIN-Core-01,Network,Switch Failure,Low,14,336,Christina Cole
INC-11212,2023-10-10 04:00:00,SIN-Core-01,Environmental,Water Leakage,Low,18,396,Benjamin Thomas
INC-11213,2023-03-21 15:00:00,SIN-Core-01,Cooling,Cooling Pump Failure,Medium,51,7140,Austin Daniels
INC-11214,2023-06-16 05:00:00,LHR-Core-02,Environmental,Water Leakage,Low,5,20,Richard Scott
INC-11215,2023-01-29 11:00:00,SIN-Core-01,Power,PDU Overload,Low,5,0,Alyssa Chen
INC-11216,2023-01-07 11:00:00,DXB-Edge-02,Cooling,Chiller Failure,Medium,49,12691,Robin Roth
INC-11217,2023-04-07 23:00:00,DXB-Edge-02,Cooling,CRAC Failure,Low,8,280,Kimberly Peterson
INC-11218,2023-12-18 10:00:00,MUM-Zone-A,Environmental,Water Leakage,High,126,108234,Jonathan Griffith
INC-11219,2023-03-24 14:00:00,FRA-Core-01,Environmental,Temperature Spike,High,96,89472,Robert Hahn
INC-11220,2023-11-25 08:00:00,SIN-Core-01,Network,Router Failure,Low,5,150,Emily Brennan
INC-11221,2023-03-11 17:00:00,DXB-Edge-02,Power,UPS Failure,Low,10,40,Lisa Williams
INC-11222,2023-08-19 16:00:00,SIN-Core-01,Network,Switch Failure,Medium,57,9063,Robert Lambert
INC-11223,2023-04-03 22:00:00,SIN-Core-01,Environmental,Water Leakage,Low,7,119,Matthew Johnson
INC-11224,2023-11-05 02:00:00,DXB-Core-01,Cooling,Cooling Pump Failure,Low,19,855,Dustin Woods
INC-11225,2023-01-18 00:00:00,SIN-Core-01,Power,PDU Overload,Low,8,224,Roger Hernandez
INC-11226,2023-08-09 20:00:00,DXB-Edge-02,Power,UPS Failure,Medium,28,9352,Cheryl Dixon
INC-11227,2023-12-15 15:00:00,SIN-Core-01,Cooling,Chiller Failure,Medium,29,5075,Andrew Fisher
INC-11228,2023-04-22 11:00:00,LHR-Core-02,Power,Generator Failure,Medium,46,22954,Susan May
INC-11229,2023-02-25 14:00:00,DXB-Edge-02,Network,Fiber Cut,Medium,43,15566,Justin Santiago
INC-11230,2023-10-18 19:00:00,SIN-Core-01,Power,PDU Overload,Low,8,96,James Rowe
INC-11231,2023-10-28 06:00:00,FRA-Core-01,Power,PDU Overload,Low,11,473,Charles Walker
INC-11232,2023-03-01 18:00:00,SIN-Core-01,Power,Generator Failure,Low,8,208,Bradley Brown
INC-11233,2023-10-03 11:00:00,DXB-Core-01,Network,Fiber Cut,Low,8,208,Trevor Boyd MD
INC-11234,2023-05-06 23:00:00,DXB-Core-01,Power,UPS Failure,Low,6,114,Anthony Cook
INC-11235,2023-04-04 10:00:00,LHR-Core-02,Network,Fiber Cut,High,60,52500,Allison Clark
INC-11236,2023-09-17 19:00:00,FRA-Core-01,Environmental,Water Leakage,Low,6,84,Nicole Coleman
INC-11237,2023-04-11 12:00:00,LHR-Core-02,Cooling,Chiller Failure,Low,5,165,Scott Sampson
INC-11238,2023-10-11 13:00:00,LHR-Core-02,Power,UPS Failure,Medium,49,10584,Spencer Sherman
INC-11239,2023-01-20 02:00:00,DXB-Core-01,Power,PDU Overload,High,166,124666,Justin Beltran
INC-11240,2023-06-23 10:00:00,SIN-Core-01,Cooling,Cooling Pump Failure,Critical,475,2077650,Sara Salas
INC-11241,2023-01-12 10:00:00,FRA-Core-01,Power,UPS Failure,Low,16,400,Margaret Phillips
INC-11242,2023-08-13 23:00:00,DXB-Edge-02,Environmental,Temperature Spike,Low,7,42,Stacey Allen
INC-11243,2023-07-31 13:00:00,FRA-Core-01,Power,PDU Overload,Medium,31,5890,Corey Larson
INC-11244,2023-01-03 10:00:00,DXB-Core-01,Environmental,Water Leakage,Low,8,360,James Garcia
INC-11245,2023-10-05 00:00:00,FRA-Core-01,Network,Router Failure,High,101,89183,Dawn Mccarthy
INC-11246,2023-08-06 15:00:00,SIN-Core-01,Environmental,Temperature Spike,Low,8,80,William Jenkins
INC-11247,2023-04-28 03:00:00,SIN-Core-01,Cooling,Chiller Failure,Medium,47,19176,Thomas Coleman
INC-11248,2023-03-16 12:00:00,DXB-Core-01,Cooling,Cooling Pump Failure,Medium,27,12150,Nancy Norris
INC-11249,2023-06-27 11:00:00,DXB-Core-01,Network,Switch Failure,Low,18,792,Ryan Hooper
INC-11250,2023-09-10 06:00:00,FRA-Core-01,Network,Router Failure,Medium,47,5311,Jason Mayer
INC-11251,2023-08-05 21:00:00,LHR-Core-02,Cooling,CRAC Failure,Low,11,165,Zachary Mueller
INC-11252,2023-03-14 20:00:00,DXB-Core-01,Power,UPS Failure,Low,18,702,Kristina Taylor
INC-11253,2023-03-30 19:00:00,DXB-Core-01,Network,Fiber Cut,High,172,167184,Michael Flores
INC-11254,2023-03-13 07:00:00,MUM-Zone-A,Cooling,CRAC Failure,High,88,75504,Marcus Stephens
INC-11255,2023-02-10 10:00:00,LHR-Core-02,Network,Router Failure,Low,15,315,Vernon Rodriguez
INC-11256,2023-04-06 22:00:00,MUM-Zone-A,Power,PDU Overload,Medium,43,15738,Jorge Chen
INC-11257,2023-10-26 08:00:00,LHR-Core-02,Environmental,Water Leakage,Low,5,150,Cynthia Sims
INC-11258,2023-05-15 03:00:00,DXB-Core-01,Network,Switch Failure,Low,13,520,Kelly Logan
INC-11259,2023-11-12 10:00:00,LHR-Core-02,Environmental,Temperature Spike,Low,11,341,Emily Torres
INC-11260,2023-11-20 05:00:00,MUM-Zone-A,Power,UPS Failure,High,153,122706,Jonathan Perkins
INC-11261,2023-12-24 15:00:00,SIN-Core-01,Environmental,Temperature Spike,High,111,109890,Timothy Johnson
INC-11262,2023-08-31 05:00:00,SIN-Core-01,Cooling,Chiller Failure,Low,7,238,Philip Fisher
INC-11263,2023-06-14 11:00:00,DXB-Edge-02,Environmental,Temperature Spike,Low,8,216,Ashley Bender
INC-11264,2023-08-30 18:00:00,FRA-Core-01,Network,Switch Failure,Low,13,182,Nicole Herman
INC-11265,2023-10-17 04:00:00,MUM-Zone-A,Environmental,Water Leakage,Low,17,323,Jesse Wise
INC-11266,2023-05-02 00:00:00,LHR-Core-02,Network,Router Failure,Low,17,85,Lisa Harrington
INC-11267,2023-12-28 08:00:00,SIN-Core-01,Cooling,Chiller Failure,Low,7,133,Michael Harrison
INC-11268,2023-01-04 22:00:00,MUM-Zone-A,Network,Fiber Cut,Low,8,376,Nicholas Martinez
INC-11269,2023-11-26 20:00:00,FRA-Core-01,Network,Switch Failure,Medium,43,9331,Linda Harris
INC-11270,2023-08-05 18:00:00,MUM-Zone-A,Environmental,Water Leakage,Medium,28,9072,Mark Reilly
INC-11271,2023-03-07 03:00:00,DXB-Edge-02,Environmental,Water Leakage,Low,14,686,Lawrence Smith
INC-11272,2023-06-29 13:00:00,DXB-Core-01,Power,PDU Overload,Medium,22,10362,Sarah Brewer
INC-11273,2023-09-05 16:00:00,MUM-Zone-A,Cooling,Chiller Failure,Low,7,203,Theodore Kirk
INC-11274,2023-03-04 21:00:00,DXB-Edge-02,Cooling,Cooling Pump Failure,High,154,120736,Alexandria Hale MD
INC-11275,2023-09-13 01:00:00,MUM-Zone-A,Cooling,Cooling Pump Failure,Low,12,96,Brendan Brown
INC-11276,2023-12-21 14:00:00,SIN-Core-01,Environmental,Temperature Spike,Low,19,874,Terry Fisher
INC-11277,2023-04-07 00:00:00,DXB-Edge-02,Power,PDU Overload,High,145,77720,Pamela Thompson
INC-11278,2023-09-10 16:00:00,LHR-Core-02,Power,UPS Failure,Low,14,686,Scott Chapman
INC-11279,2023-04-17 14:00:00,DXB-Edge-02,Environmental,Temperature Spike,Low,16,304,George Johnston
INC-11280,2023-04-20 15:00:00,DXB-Edge-02,Environmental,Water Leakage,Low,15,660,Christian Johnson
INC-11281,2023-01-10 10:00:00,FRA-Core-01,Network,Fiber Cut,Low,16,464,Glenn Cole
INC-11282,2023-06-02 01:00:00,SIN-Core-01,Network,Fiber Cut,Medium,50,13300,Vincent Lewis
INC-11283,2023-04-21 01:00:00,FRA-Core-01,Cooling,Cooling Pump Failure,Medium,31,13609,Amber Gordon
INC-11284,2023-05-10 17:00:00,MUM-Zone-A,Power,PDU Overload,Medium,22,9218,Theresa Perez
INC-11285,2023-08-27 16:00:00,LHR-Core-02,Power,Generator Failure,Low,16,752,Greg Reeves
INC-11286,2023-08-07 06:00:00,LHR-Core-02,Network,Fiber Cut,Low,17,306,Natasha Bender
INC-11287,2023-07-01 01:00:00,DXB-Core-01,Network,Switch Failure,Critical,318,1358814,Casey Cooper
INC-11288,2023-08-18 05:00:00,DXB-Edge-02,Network,Router Failure,Low,14,490,Kristen Hernandez
INC-11289,2023-10-02 15:00:00,DXB-Edge-02,Power,PDU Overload,Low,11,418,Matthew Roberts
INC-11290,2023-12-18 05:00:00,FRA-Core-01,Network,Router Failure,Low,19,817,Eric Wise
INC-11291,2023-05-08 10:00:00,DXB-Edge-02,Power,Generator Failure,Critical,568,884376,Joseph Bonilla
INC-11292,2023-03-30 22:00:00,MUM-Zone-A,Power,Generator Failure,Low,15,180,Andrea Rice
INC-11293,2023-07-27 00:00:00,LHR-Core-02,Network,Switch Failure,Low,13,234,Seth Doyle
INC-11294,2023-04-02 13:00:00,LHR-Core-02,Cooling,CRAC Failure,Low,11,319,Christina Sanchez
INC-11295,2023-11-08 09:00:00,LHR-Core-02,Environmental,Water Leakage,High,135,79515,Jason Estrada
INC-11296,2023-07-07 05:00:00,MUM-Zone-A,Cooling,CRAC Failure,Low,5,135,Brandy Stone
INC-11297,2023-06-14 03:00:00,SIN-Core-01,Network,Fiber Cut,Low,19,817,Terri Jackson
INC-11298,2023-06-20 11:00:00,MUM-Zone-A,Environmental,Water Leakage,Low,15,45,Heather Stewart
INC-11299,2023-04-11 19:00:00,DXB-Edge-02,Environmental,Temperature Spike,Low,13,130,Gabriella Mcconnell
INC-11300,2023-10-01 15:00:00,LHR-Core-02,Network,Fiber Cut,Medium,23,3956,Francisco Bray
INC-11301,2023-12-25 06:00:00,DXB-Core-01,Power,UPS Failure,Medium,49,22638,Elizabeth Mcgee
INC-11302,2023-10-30 17:00:00,DXB-Core-01,Cooling,Cooling Pump Failure,Low,7,140,Ricky Fisher
INC-11303,2023-01-08 02:00:00,DXB-Edge-02,Power,UPS Failure,Medium,54,19926,Aaron Green
INC-11304,2023-11-11 23:00:00,FRA-Core-01,Cooling,CRAC Failure,Low,10,170,Brian Campbell
INC-11305,2023-03-10 11:00:00,DXB-Core-01,Cooling,CRAC Failure,Low,12,156,Alicia Lawrence
INC-11306,2023-12-04 13:00:00,LHR-Core-02,Cooling,CRAC Failure,Low,11,231,Carla Fields
INC-11307,2023-03-11 12:00:00,LHR-Core-02,Environmental,Water Leakage,Low,19,323,Justin Evans
INC-11308,2023-11-26 08:00:00,LHR-Core-02,Power,UPS Failure,Critical,472,1315464,Ann Edwards
INC-11309,2023-08-24 07:00:00,SIN-Core-01,Power,UPS Failure,Low,8,328,Amber Rodriguez
INC-11310,2023-12-15 21:00:00,DXB-Edge-02,Environmental,Water Leakage,Low,17,476,George Sanders
INC-11311,2023-11-24 12:00:00,DXB-Edge-02,Power,Generator Failure,Low,5,70,Jeremy Nguyen
INC-11312,2023-05-20 02:00:00,MUM-Zone-A,Network,Router Failure,Medium,21,10500,Michelle Ramos DVM
INC-11313,2023-05-28 23:00:00,FRA-Core-01,Environmental,Temperature Spike,Medium,42,5586,Frank Reynolds
INC-11314,2023-06-27 17:00:00,DXB-Core-01,Cooling,Cooling Pump Failure,Low,9,360,Kimberly Woodward
INC-11315,2023-11-30 17:00:00,LHR-Core-02,Cooling,CRAC Failure,Medium,37,4773,Brenda Vega
INC-11316,2024-01-01 23:00:00,MUM-Zone-A,Environmental,Water Leakage,Low,14,224,Mary Hicks
INC-11317,2024-01-01 01:00:00,FRA-Core-01,Environmental,Temperature Spike,Low,8,104,Michael Patel
INC-11318,2023-06-28 01:00:00,DXB-Core-01,Environmental,Temperature Spike,Medium,25,4850,Aaron Rivers
INC-11319,2023-08-12 16:00:00,SIN-Core-01,Cooling,Chiller Failure,Low,12,420,Kayla Reyes
INC-11320,2023-01-28 03:00:00,MUM-Zone-A,Network,Router Failure,Low,11,22,Ashley Howard
INC-11321,2023-04-06 17:00:00,DXB-Edge-02,Cooling,Cooling Pump Failure,Medium,40,11680,Kevin Moore
INC-11322,2023-01-14 06:00:00,DXB-Edge-02,Cooling,Chiller Failure,Low,8,88,Christopher Larson
INC-11323,2023-11-07 04:00:00,LHR-Core-02,Environmental,Water Leakage,Low,5,165,Erica Morrison DDS
INC-11324,2023-04-29 10:00:00,DXB-Core-01,Network,Switch Failure,Low,15,480,Tammie Hodge
INC-11325,2023-01-01 03:00:00,FRA-Core-01,Environmental,Temperature Spike,Low,8,288,Sarah Vance
INC-11326,2023-04-29 07:00:00,LHR-Core-02,Cooling,CRAC Failure,Low,8,344,Jamie Fox
INC-11327,2023-01-20 16:00:00,FRA-Core-01,Cooling,CRAC Failure,Low,9,369,Jerry Rubio
INC-11328,2023-11-14 19:00:00,LHR-Core-02,Cooling,CRAC Failure,Low,12,36,Thomas Miller
INC-11329,2023-10-04 05:00:00,SIN-Core-01,Network,Switch Failure,Low,16,544,Rebecca Baker
INC-11330,2023-01-26 12:00:00,MUM-Zone-A,Network,Router Failure,Low,18,306,Suzanne Bridges
INC-11331,2023-06-12 16:00:00,FRA-Core-01,Network,Fiber Cut,Low,8,344,Richard Howard
INC-11332,2023-09-19 00:00:00,DXB-Edge-02,Power,PDU Overload,Low,19,247,Joseph Hardy
INC-11333,2023-09-10 17:00:00,MUM-Zone-A,Cooling,CRAC Failure,High,158,93220,Laura Griffin
INC-11334,2023-04-21 00:00:00,MUM-Zone-A,Cooling,Chiller Failure,Low,16,784,Lawrence Lloyd
INC-11335,2023-05-25 15:00:00,LHR-Core-02,Environmental,Water Leakage,Low,18,756,William Klein
INC-11336,2023-05-02 23:00:00,FRA-Core-01,Power,UPS Failure,Medium,23,5267,Bianca Miller
INC-11337,2023-02-18 10:00:00,LHR-Core-02,Environmental,Temperature Spike,High,179,142305,Juan Jones
INC-11338,2023-01-05 11:00:00,DXB-Core-01,Power,Generator Failure,High,172,108532,Lisa Stark
INC-11339,2023-03-02 21:00:00,DXB-Core-01,Network,Router Failure,Low,18,648,Tracy Moore
INC-11340,2023-04-25 15:00:00,DXB-Core-01,Network,Fiber Cut,Low,10,460,Robert Jones
INC-11341,2023-06-16 13:00:00,FRA-Core-01,Power,PDU Overload,High,99,63063,Jesse Horn
INC-11342,2023-09-11 18:00:00,DXB-Edge-02,Network,Router Failure,Low,16,160,Andres Koch
INC-11343,2023-01-17 16:00:00,MUM-Zone-A,Network,Switch Failure,Low,16,784,Patrick Rasmussen
INC-11344,2023-02-25 05:00:00,MUM-Zone-A,Power,UPS Failure,Medium,35,14105,Kerry Jones
INC-11345,2023-07-30 18:00:00,SIN-Core-01,Network,Switch Failure,Low,5,45,Patrick Walker
INC-11346,2023-07-18 00:00:00,LHR-Core-02,Environmental,Temperature Spike,Low,13,338,Riley Dudley
INC-11347,2023-12-27 16:00:00,MUM-Zone-A,Environmental,Temperature Spike,Low,18,162,Alexis Howard
INC-11348,2023-10-31 05:00:00,SIN-Core-01,Power,Generator Failure,Medium,32,4800,Elizabeth Andersen
INC-11349,2023-10-02 16:00:00,SIN-Core-01,Network,Router Failure,Low,17,850,Brittney Allen
INC-11350,2023-10-02 06:00:00,DXB-Edge-02,Power,Generator Failure,Low,7,147,Heather Burgess
INC-11351,2023-09-20 06:00:00,DXB-Edge-02,Environmental,Water Leakage,Low,18,288,Tara Hart
INC-11352,2023-02-03 17:00:00,SIN-Core-01,Cooling,CRAC Failure,Medium,40,14480,Allison Mercer
INC-11353,2023-11-17 21:00:00,DXB-Edge-02,Environmental,Water Leakage,Medium,27,7101,Bryan Moore DDS
INC-11354,2023-03-11 19:00:00,LHR-Core-02,Environmental,Water Leakage,Medium,22,2596,Michael Jensen
INC-11355,2023-12-26 22:00:00,MUM-Zone-A,Cooling,CRAC Failure,Low,15,570,Cathy Garcia
INC-11356,2023-05-02 17:00:00,DXB-Edge-02,Cooling,CRAC Failure,Low,12,576,Douglas Roberts
INC-11357,2023-11-25 08:00:00,SIN-Core-01,Cooling,Cooling Pump Failure,Medium,26,6916,Anna Hoffman
INC-11358,2023-04-30 02:00:00,DXB-Edge-02,Power,PDU Overload,High,163,136268,Mark Johnson
INC-11359,2023-02-26 01:00:00,FRA-Core-01,Power,UPS Failure,Critical,324,1580472,Mr. William Jenkins MD
INC-11360,2023-01-29 14:00:00,DXB-Edge-02,Network,Router Failure,Low,14,616,Julie Rodriguez
INC-11361,2023-05-22 18:00:00,SIN-Core-01,Cooling,CRAC Failure,Low,19,608,Jodi Dennis
INC-11362,2023-06-10 20:00:00,MUM-Zone-A,Cooling,CRAC Failure,Low,10,360,Jennifer Carlson
INC-11363,2023-12-07 09:00:00,FRA-Core-01,Power,UPS Failure,Low,18,216,Rachel Wilson
INC-11364,2023-12-10 08:00:00,FRA-Core-01,Power,Generator Failure,High,140,74480,Jacqueline Leblanc
INC-11365,2023-06-21 05:00:00,MUM-Zone-A,Network,Switch Failure,Low,18,234,Timothy Powell
INC-11366,2023-01-15 21:00:00,DXB-Core-01,Cooling,Chiller Failure,High,170,88740,Ariana Thompson
INC-11367,2023-01-21 15:00:00,LHR-Core-02,Cooling,Chiller Failure,Low,16,400,Andrew Howell
INC-11368,2023-02-05 13:00:00,LHR-Core-02,Environmental,Temperature Spike,Low,7,343,Michael Nelson
INC-11369,2023-03-01 04:00:00,DXB-Core-01,Cooling,Cooling Pump Failure,Medium,33,14289,Vincent Franco
INC-11370,2023-02-27 04:00:00,SIN-Core-01,Cooling,CRAC Failure,Low,14,322,Beverly Hernandez
INC-11371,2023-04-13 23:00:00,SIN-Core-01,Environmental,Temperature Spike,Low,6,240,Mike Hanson
INC-11372,2023-02-18 17:00:00,LHR-Core-02,Network,Switch Failure,Low,8,232,Tiffany Cannon
INC-11373,2023-08-18 21:00:00,SIN-Core-01,Network,Fiber Cut,Medium,39,7995,Kenneth Baker
INC-11374,2023-04-02 05:00:00,DXB-Core-01,Cooling,Chiller Failure,Low,9,207,Amanda Arnold
INC-11375,2023-01-13 22:00:00,FRA-Core-01,Cooling,Cooling Pump Failure,Low,17,357,Lauren Zamora
INC-11376,2023-08-20 03:00:00,DXB-Edge-02,Network,Fiber Cut,Low,12,24,Patrick Smith
INC-11377,2023-04-24 04:00:00,LHR-Core-02,Network,Fiber Cut,Low,19,361,Jennifer Romero
INC-11378,2023-08-22 22:00:00,FRA-Core-01,Environmental,Temperature Spike,Low,12,456,Jason Perez
INC-11379,2023-04-07 17:00:00,SIN-Core-01,Network,Router Failure,Low,17,816,Richard Giles
INC-11380,2023-01-25 03:00:00,SIN-Core-01,Power,Generator Failure,Medium,29,8265,Cody Ford
INC-11381,2023-04-21 12:00:00,FRA-Core-01,Network,Router Failure,Medium,54,18360,Holly Scott
INC-11382,2023-05-03 14:00:00,LHR-Core-02,Cooling,Chiller Failure,High,73,59787,Connie Santiago
INC-11383,2023-11-15 02:00:00,MUM-Zone-A,Network,Fiber Cut,Low,11,33,Ashley Garcia
INC-11384,2023-11-20 00:00:00,DXB-Edge-02,Network,Router Failure,Low,8,176,Brian Hudson
INC-11385,2023-02-01 17:00:00,DXB-Core-01,Power,PDU Overload,Low,14,266,Amanda Smith
INC-11386,2023-08-19 17:00:00,SIN-Core-01,Network,Fiber Cut,High,110,66550,Justin Jenkins
INC-11387,2023-03-31 19:00:00,MUM-Zone-A,Network,Switch Failure,Low,19,247,Kristi Alexander
INC-11388,2023-01-09 13:00:00,SIN-Core-01,Environmental,Water Leakage,Low,14,672,Kelly Kim
INC-11389,2023-11-19 23:00:00,FRA-Core-01,Cooling,Cooling Pump Failure,Medium,50,15750,Jessica Gates
INC-11390,2023-06-21 09:00:00,SIN-Core-01,Power,Generator Failure,Low,11,209,Jordan Nelson
INC-11391,2023-08-22 11:00:00,SIN-Core-01,Cooling,CRAC Failure,Low,13,533,Melissa Griffith
INC-11392,2023-02-14 04:00:00,DXB-Core-01,Environmental,Temperature Spike,Low,10,20,Ryan Aguilar
INC-11393,2023-08-25 06:00:00,MUM-Zone-A,Power,PDU Overload,Low,12,480,Shannon Patel
INC-11394,2023-08-23 13:00:00,FRA-Core-01,Power,UPS Failure,Critical,328,511680,Christine Trevino
INC-11395,2023-02-10 18:00:00,LHR-Core-02,Environmental,Temperature Spike,Low,18,738,Lisa Fuller
INC-11396,2023-03-23 05:00:00,SIN-Core-01,Environmental,Temperature Spike,Low,15,225,Mark Anderson
INC-11397,2023-01-24 02:00:00,SIN-Core-01,Environmental,Temperature Spike,Low,13,637,Jacob Schneider
INC-11398,2023-03-14 07:00:00,FRA-Core-01,Cooling,Cooling Pump Failure,High,168,84168,Laurie Rivas
INC-11399,2023-11-10 13:00:00,DXB-Edge-02,Environmental,Water Leakage,Low,17,748,Janet Ramirez
INC-11400,2023-09-22 10:00:00,MUM-Zone-A,Cooling,Chiller Failure,Medium,59,23954,Jennifer Harvey
INC-11401,2023-07-24 18:00:00,LHR-Core-02,Network,Fiber Cut,Low,10,200,Adriana Ellis
INC-11402,2023-08-24 06:00:00,MUM-Zone-A,Power,PDU Overload,Medium,58,15370,Andrew Lopez
INC-11403,2023-04-03 11:00:00,FRA-Core-01,Power,Generator Failure,Critical,359,1191521,Brianna Cross
INC-11404,2023-11-16 15:00:00,DXB-Edge-02,Power,UPS Failure,Low,14,56,Larry Barrett
INC-11405,2023-05-25 11:00:00,SIN-Core-01,Cooling,Cooling Pump Failure,Medium,58,12180,Katherine Reid
INC-11406,2023-12-05 19:00:00,MUM-Zone-A,Power,PDU Overload,Medium,24,5304,Elizabeth Guerra
INC-11407,2023-01-26 00:00:00,FRA-Core-01,Environmental,Water Leakage,Low,17,442,Hunter Mason
INC-11408,2023-06-22 12:00:00,DXB-Edge-02,Environmental,Water Leakage,Critical,478,1181138,Jessica Anderson
INC-11409,2023-09-11 10:00:00,SIN-Core-01,Cooling,Chiller Failure,Medium,30,13260,Danielle Miller
INC-11410,2023-04-22 11:00:00,MUM-Zone-A,Power,UPS Failure,Low,9,396,Danny Carlson
INC-11411,2023-01-20 02:00:00,SIN-Core-01,Power,PDU Overload,Low,10,410,John Salazar
INC-11412,2023-07-08 09:00:00,DXB-Edge-02,Environmental,Temperature Spike,High,143,110110,Patrick Miranda
INC-11413,2023-07-01 20:00:00,DXB-Edge-02,Cooling,Chiller Failure,High,148,109520,Sara Davis
INC-11414,2023-01-11 03:00:00,LHR-Core-02,Cooling,Cooling Pump Failure,Low,15,0,Joshua Evans
INC-11415,2023-08-06 10:00:00,DXB-Core-01,Power,UPS Failure,Medium,43,6966,Larry Mclean
INC-11416,2023-03-25 00:00:00,LHR-Core-02,Environmental,Temperature Spike,Low,9,369,Ashley Johnson
INC-11417,2023-03-19 15:00:00,DXB-Core-01,Environmental,Water Leakage,Medium,35,9555,Cindy Payne
INC-11418,2023-03-08 14:00:00,MUM-Zone-A,Cooling,CRAC Failure,Critical,309,529935,Rhonda Hunt
INC-11419,2023-12-31 08:00:00,MUM-Zone-A,Environmental,Water Leakage,Low,9,414,Gary Ball
INC-11420,2023-05-27 02:00:00,FRA-Core-01,Environmental,Temperature Spike,Low,8,224,Mary Hogan
INC-11421,2023-02-01 14:00:00,DXB-Core-01,Network,Router Failure,Medium,45,17010,Connor Anderson
INC-11422,2023-09-26 18:00:00,LHR-Core-02,Network,Switch Failure,Critical,284,535624,Brian Young
INC-11423,2023-09-03 18:00:00,LHR-Core-02,Environmental,Temperature Spike,High,108,94932,Antonio Mcmillan
INC-11424,2023-10-28 02:00:00,FRA-Core-01,Cooling,Cooling Pump Failure,Low,8,24,Bradley Hill
INC-11425,2023-08-16 00:00:00,LHR-Core-02,Cooling,Chiller Failure,Medium,30,3390,Gregory Johnson
INC-11426,2023-10-22 05:00:00,DXB-Edge-02,Environmental,Water Leakage,High,148,125652,Victoria Jacobs
INC-11427,2023-09-18 21:00:00,DXB-Core-01,Environmental,Temperature Spike,Low,14,392,Daniel Paul
INC-11428,2023-01-05 04:00:00,MUM-Zone-A,Cooling,Chiller Failure,Medium,34,15096,Robert Austin
INC-11429,2023-12-04 18:00:00,SIN-Core-01,Network,Router Failure,Critical,193,367858,Matthew Barron
INC-11430,2023-02-01 16:00:00,LHR-Core-02,Power,PDU Overload,High,124,114080,Tracy Davis
INC-11431,2023-12-07 00:00:00,DXB-Edge-02,Environmental,Water Leakage,Low,9,387,Tara Nelson
INC-11432,2023-04-21 10:00:00,MUM-Zone-A,Environmental,Temperature Spike,Low,5,35,Mary Perez
INC-11433,2023-09-17 15:00:00,SIN-Core-01,Environmental,Temperature Spike,Low,12,180,Antonio Elliott
INC-11434,2023-07-16 22:00:00,SIN-Core-01,Network,Router Failure,High,162,102870,Jasmine Castaneda
INC-11435,2023-12-28 15:00:00,LHR-Core-02,Network,Router Failure,Medium,31,13826,Michael Snyder
INC-11436,2023-12-29 23:00:00,SIN-Core-01,Power,PDU Overload,Low,11,352,Mary Flynn
INC-11437,2023-02-28 00:00:00,DXB-Core-01,Power,Generator Failure,Low,15,615,Kelly Wood
INC-11438,2023-08-13 04:00:00,SIN-Core-01,Cooling,Cooling Pump Failure,Low,13,572,Robin Nash
INC-11439,2023-01-13 16:00:00,MUM-Zone-A,Environmental,Temperature Spike,Medium,31,4278,Isaac Kidd
INC-11440,2023-04-09 21:00:00,SIN-Core-01,Cooling,Cooling Pump Failure,Low,15,105,Victoria Fernandez
INC-11441,2023-12-03 13:00:00,DXB-Core-01,Cooling,Chiller Failure,Low,15,255,Ashley Jimenez
INC-11442,2023-08-15 14:00:00,LHR-Core-02,Environmental,Water Leakage,Medium,28,11704,Robert Jenkins
INC-11443,2023-05-19 09:00:00,DXB-Edge-02,Environmental,Temperature Spike,Low,5,100,Deanna Green
INC-11444,2023-03-11 06:00:00,DXB-Core-01,Environmental,Temperature Spike,Medium,27,9666,Brian Escobar
INC-11445,2023-11-22 16:00:00,FRA-Core-01,Network,Switch Failure,Medium,57,21147,Nicole Molina
INC-11446,2023-02-19 17:00:00,MUM-Zone-A,Cooling,Cooling Pump Failure,Low,19,285,Nancy Wheeler
INC-11447,2023-09-10 06:00:00,MUM-Zone-A,Environmental,Temperature Spike,Low,19,646,Christine Garrison
INC-11448,2023-08-21 06:00:00,DXB-Edge-02,Power,Generator Failure,Low,11,484,Brittney Patterson
INC-11449,2023-08-11 22:00:00,MUM-Zone-A,Environmental,Temperature Spike,Low,9,126,Richard Murphy
INC-11450,2023-05-15 23:00:00,DXB-Core-01,Environmental,Temperature Spike,Medium,41,4879,Tamara Turner
INC-11451,2023-06-09 10:00:00,DXB-Core-01,Power,PDU Overload,Low,19,0,Kimberly Davis
INC-11452,2023-03-17 12:00:00,SIN-Core-01,Power,PDU Overload,Critical,305,380945,Sarah Parker
INC-11453,2023-09-01 20:00:00,DXB-Core-01,Network,Switch Failure,Low,5,90,Leah Robertson
INC-11454,2023-08-07 21:00:00,LHR-Core-02,Power,UPS Failure,Medium,38,7068,Jennifer Barber
INC-11455,2023-05-05 19:00:00,MUM-Zone-A,Environmental,Temperature Spike,Medium,53,6095,Brittany Wells
INC-11456,2023-11-27 15:00:00,SIN-Core-01,Environmental,Temperature Spike,Low,9,342,Mrs. Makayla Barrett
INC-11457,2023-08-08 09:00:00,MUM-Zone-A,Cooling,Chiller Failure,Low,15,480,Daniel Brown
INC-11458,2023-10-26 02:00:00,SIN-Core-01,Cooling,Cooling Pump Failure,Low,10,340,Rachel Benson
INC-11459,2023-03-13 20:00:00,SIN-Core-01,Environmental,Temperature Spike,Medium,54,21006,Michael Beck
INC-11460,2023-10-14 14:00:00,LHR-Core-02,Environmental,Water Leakage,High,66,59268,Michelle Johnson
INC-11461,2023-05-24 08:00:00,DXB-Edge-02,Network,Switch Failure,Low,18,414,Alicia Fowler
INC-11462,2023-08-08 15:00:00,FRA-Core-01,Power,UPS Failure,Low,7,112,Robert Perry
INC-11463,2023-08-20 18:00:00,SIN-Core-01,Cooling,CRAC Failure,High,76,56924,April Contreras
INC-11464,2023-12-31 16:00:00,MUM-Zone-A,Environmental,Water Leakage,Low,12,552,Micheal Martin
INC-11465,2023-04-05 19:00:00,SIN-Core-01,Network,Switch Failure,Medium,47,6016,Samuel Olson
INC-11466,2023-05-11 07:00:00,FRA-Core-01,Network,Fiber Cut,Low,11,407,Angela Johnson
INC-11467,2023-06-09 06:00:00,DXB-Edge-02,Cooling,Cooling Pump Failure,Medium,37,17242,Kelsey Campbell DDS
INC-11468,2023-07-24 09:00:00,SIN-Core-01,Environmental,Water Leakage,Low,8,208,Shelly Villa
INC-11469,2023-08-22 14:00:00,SIN-Core-01,Power,PDU Overload,Medium,36,17244,Wendy Clark
INC-11470,2023-01-26 10:00:00,FRA-Core-01,Cooling,Chiller Failure,Low,11,220,Jerry Webb
INC-11471,2023-08-28 17:00:00,DXB-Core-01,Cooling,Cooling Pump Failure,Medium,37,8621,Tyler Baker
INC-11472,2023-08-29 08:00:00,FRA-Core-01,Cooling,Cooling Pump Failure,Medium,22,7172,Brandy Jackson
INC-11473,2023-03-16 09:00:00,MUM-Zone-A,Environmental,Temperature Spike,Low,15,180,Nicholas Thomas
INC-11474,2023-02-25 11:00:00,FRA-Core-01,Power,Generator Failure,Critical,353,1164194,Ernest Johnson
INC-11475,2023-06-13 17:00:00,SIN-Core-01,Power,Generator Failure,Low,14,658,Nathan Cervantes
INC-11476,2023-08-28 14:00:00,SIN-Core-01,Power,Generator Failure,Low,5,155,Laurie Steele
INC-11477,2023-11-29 18:00:00,DXB-Edge-02,Cooling,CRAC Failure,Low,14,658,Alicia Gonzalez
INC-11478,2023-04-29 04:00:00,DXB-Edge-02,Power,Generator Failure,Low,18,486,Brad Wallace
INC-11479,2023-12-05 18:00:00,DXB-Edge-02,Environmental,Temperature Spike,Low,19,57,Beverly Martinez
INC-11480,2023-06-15 14:00:00,LHR-Core-02,Network,Switch Failure,Medium,26,11336,Lindsay Wood
INC-11481,2023-03-01 23:00:00,SIN-Core-01,Environmental,Temperature Spike,Low,10,140,James Robinson
INC-11482,2023-06-08 06:00:00,DXB-Edge-02,Environmental,Temperature Spike,Low,15,285,Nancy Lowe
INC-11483,2023-02-20 06:00:00,LHR-Core-02,Power,UPS Failure,Low,18,540,Karen Evans
INC-11484,2023-11-29 03:00:00,LHR-Core-02,Environmental,Water Leakage,Low,16,464,Victoria Gallegos
INC-11485,2023-10-28 01:00:00,MUM-Zone-A,Environmental,Water Leakage,Low,19,684,Mary Ponce
INC-11486,2023-01-08 21:00:00,LHR-Core-02,Network,Router Failure,Low,5,205,Jake Thomas
INC-11487,2023-09-25 15:00:00,LHR-Core-02,Network,Fiber Cut,Low,8,0,Ms. Sara Robinson DDS
INC-11488,2023-07-15 08:00:00,DXB-Core-01,Power,PDU Overload,Low,16,208,Marcia Zamora
INC-11489,2023-09-08 00:00:00,FRA-Core-01,Environmental,Temperature Spike,Low,13,312,Thomas Brown
INC-11490,2023-02-25 09:00:00,DXB-Core-01,Network,Router Failure,Low,5,190,Michael Burnett
INC-11491,2023-11-02 04:00:00,DXB-Core-01,Network,Fiber Cut,Low,14,616,Carly Scott
INC-11492,2023-08-28 01:00:00,DXB-Core-01,Network,Fiber Cut,Medium,57,17556,Michael Larsen
INC-11493,2023-12-13 05:00:00,FRA-Core-01,Environmental,Water Leakage,High,175,102550,Ronald Barrett
INC-11494,2023-05-15 04:00:00,MUM-Zone-A,Environmental,Temperature Spike,Medium,42,10878,David Friedman
INC-11495,2023-10-23 15:00:00,FRA-Core-01,Environmental,Water Leakage,Low,13,26,Douglas Pearson
INC-11496,2023-01-20 06:00:00,DXB-Core-01,Power,Generator Failure,Medium,46,10580,Stephanie Forbes
INC-11497,2023-04-21 04:00:00,MUM-Zone-A,Cooling,Cooling Pump Failure,Medium,43,17372,Carl Lane
INC-11498,2023-11-14 20:00:00,SIN-Core-01,Cooling,Chiller Failure,Low,14,196,Tammy Mercado
INC-11499,2023-05-28 04:00:00,DXB-Core-01,Network,Switch Failure,Medium,38,8398,Robert Cannon
INC-11500,2023-01-27 01:00:00,LHR-Core-02,Power,PDU Overload,Low,7,126,Nathan Stout
INC-11501,2023-11-06 08:00:00,SIN-Core-01,Power,Generator Failure,High,85,60860,Renee Brown
INC-11502,2023-07-15 18:00:00,SIN-Core-01,Cooling,CRAC Failure,Medium,47,14335,Jeffery Peterson
INC-11503,2023-06-22 18:00:00,SIN-Core-01,Cooling,Chiller Failure,Medium,45,4545,Rachel Pugh
INC-11504,2023-10-27 08:00:00,SIN-Core-01,Environmental,Water Leakage,Medium,53,5618,Nancy Wilson
INC-11505,2023-02-26 20:00:00,LHR-Core-02,Environmental,Temperature Spike,Medium,47,15698,Rachel Henry
INC-11506,2023-04-08 12:00:00,LHR-Core-02,Network,Fiber Cut,Low,9,108,Christian Hunt
INC-11507,2023-05-25 06:00:00,SIN-Core-01,Network,Switch Failure,Critical,562,947532,Mark Powell
INC-11508,2023-02-07 08:00:00,MUM-Zone-A,Cooling,Cooling Pump Failure,Low,7,161,Rebecca Stanton
INC-11509,2023-07-23 03:00:00,LHR-Core-02,Network,Switch Failure,Low,9,378,Samuel Bowers
INC-11510,2023-10-04 23:00:00,LHR-Core-02,Cooling,Chiller Failure,Medium,27,12690,Rachel West
INC-11511,2023-10-13 13:00:00,SIN-Core-01,Cooling,Cooling Pump Failure,Low,14,392,Bradley Mccarthy
INC-11512,2023-01-28 16:00:00,MUM-Zone-A,Power,UPS Failure,Low,6,246,Lisa Estrada
INC-11513,2023-10-27 02:00:00,MUM-Zone-A,Environmental,Water Leakage,Low,13,403,Curtis Cortez
INC-11514,2023-10-19 02:00:00,DXB-Edge-02,Environmental,Water Leakage,Low,16,592,Lynn Molina
INC-11515,2023-06-09 04:00:00,MUM-Zone-A,Environmental,Temperature Spike,Low,16,752,James Smith
INC-11516,2023-08-19 13:00:00,LHR-Core-02,Network,Fiber Cut,High,170,100470,Kimberly Lee
INC-11517,2023-10-08 10:00:00,FRA-Core-01,Cooling,CRAC Failure,Medium,58,22098,Todd Rodriguez
INC-11518,2023-03-16 04:00:00,LHR-Core-02,Power,UPS Failure,Medium,36,15084,Justin Mitchell
INC-11519,2023-02-15 20:00:00,MUM-Zone-A,Cooling,Cooling Pump Failure,Medium,26,6526,Colleen Chavez
INC-11520,2023-12-08 23:00:00,FRA-Core-01,Cooling,CRAC Failure,Critical,564,2397564,Laura Wheeler
INC-11521,2023-11-30 18:00:00,SIN-Core-01,Network,Router Failure,Low,10,400,Sara Adams
INC-11522,2023-12-27 23:00:00,MUM-Zone-A,Environmental,Temperature Spike,Low,12,24,Heather Goodwin
INC-11523,2023-10-23 03:00:00,MUM-Zone-A,Power,PDU Overload,Low,13,104,Mary Thomas
INC-11524,2023-04-08 00:00:00,DXB-Edge-02,Environmental,Temperature Spike,Low,13,637,Mary Lopez
INC-11525,2023-08-03 11:00:00,MUM-Zone-A,Environmental,Temperature Spike,Medium,45,4725,Jennifer Munoz MD
INC-11526,2023-10-03 22:00:00,MUM-Zone-A,Network,Router Failure,Low,5,150,Jessica Bartlett
INC-11527,2023-10-17 15:00:00,SIN-Core-01,Network,Router Failure,Low,10,120,Anthony Martinez
INC-11528,2023-08-25 22:00:00,DXB-Edge-02,Power,Generator Failure,Low,14,616,Alexander Rodriguez
INC-11529,2023-01-30 17:00:00,MUM-Zone-A,Network,Switch Failure,Low,19,760,Dennis Spears
INC-11530,2023-04-25 04:00:00,DXB-Edge-02,Cooling,CRAC Failure,Low,17,646,Robert Peterson
INC-11531,2023-09-08 01:00:00,FRA-Core-01,Cooling,Cooling Pump Failure,Low,13,637,Mark Green
INC-11532,2023-09-27 11:00:00,DXB-Core-01,Environmental,Temperature Spike,Low,8,336,Laura Grant
INC-11533,2023-05-01 19:00:00,FRA-Core-01,Environmental,Temperature Spike,Low,8,232,Paul Davis
INC-11534,2023-04-08 03:00:00,DXB-Core-01,Environmental,Temperature Spike,Low,7,301,Kathryn Bailey
INC-11535,2023-06-14 20:00:00,DXB-Core-01,Power,Generator Failure,Low,17,408,Rebecca Villanueva
INC-11536,2023-10-27 02:00:00,SIN-Core-01,Power,Generator Failure,Low,7,273,Melissa Marshall
INC-11537,2023-11-17 05:00:00,SIN-Core-01,Network,Fiber Cut,Medium,58,17748,Michelle Weeks
INC-11538,2023-11-18 20:00:00,LHR-Core-02,Environmental,Temperature Spike,Low,19,437,Tonya Reed
INC-11539,2023-02-03 18:00:00,DXB-Edge-02,Network,Fiber Cut,Low,10,480,Jennifer Perez
INC-11540,2023-11-06 09:00:00,DXB-Edge-02,Network,Fiber Cut,Critical,518,669256,Nicole Burns
INC-11541,2023-09-19 13:00:00,LHR-Core-02,Cooling,CRAC Failure,Low,13,143,Jonathan Davis
INC-11542,2023-11-14 07:00:00,FRA-Core-01,Environmental,Water Leakage,Low,16,432,Susan Preston
INC-11543,2023-09-28 16:00:00,DXB-Edge-02,Network,Fiber Cut,High,65,41340,Casey Anderson
INC-11544,2023-07-09 06:00:00,DXB-Core-01,Environmental,Water Leakage,High,66,54780,Jonathan Smith
INC-11545,2023-07-20 13:00:00,SIN-Core-01,Environmental,Water Leakage,Low,15,345,Darin Bright
INC-11546,2023-09-06 07:00:00,SIN-Core-01,Network,Router Failure,High,96,74784,Jeffrey Wilson
INC-11547,2023-08-16 18:00:00,FRA-Core-01,Network,Fiber Cut,Medium,32,4672,Mason Little
INC-11548,2023-11-19 05:00:00,DXB-Core-01,Environmental,Temperature Spike,Low,13,39,Angela Barrett DVM
INC-11549,2023-12-01 04:00:00,SIN-Core-01,Environmental,Water Leakage,Low,7,7,Megan Meyers
INC-11550,2023-12-01 05:00:00,LHR-Core-02,Network,Switch Failure,Low,7,21,Larry Melton
INC-11551,2023-12-03 18:00:00,MUM-Zone-A,Power,Generator Failure,Medium,24,9864,James Miller
INC-11552,2023-06-04 14:00:00,FRA-Core-01,Environmental,Water Leakage,Low,14,616,Daniel Robinson
INC-11553,2023-09-04 00:00:00,FRA-Core-01,Environmental,Temperature Spike,High,89,56782,Jaclyn Jackson
INC-11554,2023-11-02 03:00:00,LHR-Core-02,Network,Fiber Cut,Low,13,377,Glenda Cooper
INC-11555,2023-01-24 08:00:00,FRA-Core-01,Power,UPS Failure,Low,8,256,Michael Williams
INC-11556,2023-09-06 03:00:00,DXB-Edge-02,Power,UPS Failure,Low,18,684,Wanda Cortez
INC-11557,2023-03-10 13:00:00,LHR-Core-02,Power,PDU Overload,Low,5,55,Heather Davis
INC-11558,2023-11-04 16:00:00,DXB-Edge-02,Environmental,Water Leakage,Low,11,385,Jamie Burnett
INC-11559,2023-03-28 00:00:00,FRA-Core-01,Cooling,Cooling Pump Failure,Low,18,342,Brian Rogers
INC-11560,2023-07-23 23:00:00,FRA-Core-01,Cooling,Cooling Pump Failure,Medium,45,12600,Briana Gray
INC-11561,2023-10-25 10:00:00,MUM-Zone-A,Network,Router Failure,Low,8,16,Lisa Lloyd
INC-11562,2023-07-13 07:00:00,MUM-Zone-A,Network,Switch Failure,Low,17,391,Cameron Powell
INC-11563,2023-08-15 09:00:00,MUM-Zone-A,Power,Generator Failure,Low,7,343,James Reyes
INC-11564,2023-07-04 07:00:00,FRA-Core-01,Network,Fiber Cut,Low,6,276,Tony Wilson
INC-11565,2023-06-11 22:00:00,FRA-Core-01,Power,UPS Failure,Low,13,624,Scott Walker
INC-11566,2023-07-20 23:00:00,MUM-Zone-A,Environmental,Water Leakage,Low,13,130,Sean Smith
INC-11567,2023-03-16 15:00:00,FRA-Core-01,Environmental,Water Leakage,Medium,38,5662,Jared Hill
INC-11568,2023-01-05 03:00:00,DXB-Core-01,Power,PDU Overload,Low,14,266,Kaitlin Barron
INC-11569,2023-01-07 13:00:00,SIN-Core-01,Cooling,CRAC Failure,Medium,24,3528,Nicolas Burch
INC-11570,2023-08-16 21:00:00,LHR-Core-02,Power,Generator Failure,Low,5,60,Jane Smith
INC-11571,2023-07-17 00:00:00,FRA-Core-01,Environmental,Water Leakage,Medium,56,18704,Theodore Young
INC-11572,2023-03-16 03:00:00,DXB-Core-01,Environmental,Water Leakage,High,91,78260,Laurie Payne
INC-11573,2023-05-27 12:00:00,SIN-Core-01,Power,Generator Failure,Medium,37,9102,Nicholas Shields
INC-11574,2023-06-12 07:00:00,SIN-Core-01,Network,Switch Failure,Low,10,60,Judy Yoder
INC-11575,2023-07-06 01:00:00,MUM-Zone-A,Power,Generator Failure,Low,9,450,Michael Herman
INC-11576,2023-12-05 02:00:00,LHR-Core-02,Network,Switch Failure,Low,15,735,Craig Joseph
INC-11577,2023-07-06 12:00:00,LHR-Core-02,Power,PDU Overload,Low,17,578,John Shelton
INC-11578,2023-10-12 23:00:00,FRA-Core-01,Environmental,Water Leakage,Low,19,817,Mia Miller
INC-11579,2023-02-19 04:00:00,DXB-Core-01,Network,Router Failure,Low,19,817,Charles Walsh
INC-11580,2023-05-30 10:00:00,SIN-Core-01,Network,Router Failure,Low,10,10,James Perez
INC-11581,2023-04-19 14:00:00,SIN-Core-01,Cooling,Chiller Failure,Medium,48,8256,Brianna Johnson
INC-11582,2023-02-22 07:00:00,MUM-Zone-A,Power,UPS Failure,Low,16,96,Madison Montgomery
INC-11583,2023-09-11 22:00:00,DXB-Core-01,Power,PDU Overload,Low,9,432,Maria Anderson
INC-11584,2023-06-18 12:00:00,LHR-Core-02,Power,PDU Overload,Low,13,247,Brandi Hernandez
INC-11585,2023-07-17 14:00:00,MUM-Zone-A,Cooling,Cooling Pump Failure,Medium,34,15810,Amy Harrison
INC-11586,2023-10-01 02:00:00,DXB-Core-01,Power,UPS Failure,Low,13,377,Dylan Rivas
INC-11587,2023-05-09 12:00:00,MUM-Zone-A,Cooling,Cooling Pump Failure,Low,19,133,Anthony Love
INC-11588,2023-11-27 19:00:00,SIN-Core-01,Network,Fiber Cut,Low,15,630,Steven Church
INC-11589,2023-11-01 15:00:00,DXB-Edge-02,Cooling,Cooling Pump Failure,Low,7,196,Carolyn Wright
INC-11590,2023-10-16 09:00:00,SIN-Core-01,Cooling,Chiller Failure,Low,19,494,Regina Castro
INC-11591,2023-04-07 19:00:00,MUM-Zone-A,Environmental,Temperature Spike,Low,6,18,Emily Cox
INC-11592,2023-04-15 17:00:00,DXB-Core-01,Cooling,Chiller Failure,Medium,21,7560,Tamara Baker
INC-11593,2023-08-04 03:00:00,FRA-Core-01,Cooling,Cooling Pump Failure,Medium,21,3528,Beth Morgan
INC-11594,2023-08-07 22:00:00,DXB-Edge-02,Network,Switch Failure,Low,15,465,Rose Atkinson
INC-11595,2023-03-11 13:00:00,LHR-Core-02,Cooling,Cooling Pump Failure,Low,16,352,Matthew Humphrey
INC-11596,2023-10-27 02:00:00,MUM-Zone-A,Cooling,CRAC Failure,Low,7,280,Jody Garcia
INC-11597,2023-07-06 13:00:00,DXB-Edge-02,Network,Router Failure,Medium,27,8964,Jerry Harris
INC-11598,2023-10-29 12:00:00,DXB-Edge-02,Power,PDU Overload,Low,6,30,Holly Bauer
INC-11599,2023-12-04 04:00:00,DXB-Edge-02,Environmental,Temperature Spike,Medium,48,16800,Kathryn Leon
INC-11600,2023-11-05 23:00:00,SIN-Core-01,Power,PDU Overload,Low,17,510,Darius Harris
INC-11601,2023-08-06 03:00:00,DXB-Core-01,Network,Switch Failure,Medium,36,13320,Kevin Wright
INC-11602,2023-12-20 06:00:00,MUM-Zone-A,Power,Generator Failure,Critical,205,561905,Charles Murphy
INC-11603,2023-04-23 12:00:00,DXB-Core-01,Network,Router Failure,Low,19,247,William Mcdowell
INC-11604,2023-04-28 11:00:00,FRA-Core-01,Environmental,Temperature Spike,Medium,55,17765,Zachary Oliver
INC-11605,2023-05-23 07:00:00,DXB-Edge-02,Network,Switch Failure,Medium,52,23244,Timothy Freeman
INC-11606,2023-09-08 02:00:00,MUM-Zone-A,Network,Switch Failure,Medium,43,16727,Katelyn Blankenship
INC-11607,2023-02-27 01:00:00,MUM-Zone-A,Cooling,Cooling Pump Failure,Medium,22,4488,Jose Matthews
INC-11608,2023-02-03 18:00:00,MUM-Zone-A,Power,Generator Failure,Low,14,644,Mary Waller
INC-11609,2023-05-16 11:00:00,DXB-Edge-02,Network,Fiber Cut,Low,10,20,Deborah Ruiz
INC-11610,2023-08-02 07:00:00,DXB-Core-01,Network,Router Failure,Medium,55,8030,Joshua Hurst
INC-11611,2023-01-19 12:00:00,FRA-Core-01,Cooling,Chiller Failure,Critical,223,644470,Thomas Garza
INC-11612,2023-02-24 22:00:00,SIN-Core-01,Network,Fiber Cut,Low,15,150,Nicholas Johnson
INC-11613,2023-07-08 05:00:00,DXB-Core-01,Cooling,CRAC Failure,Medium,33,6501,Tina Jones
INC-11614,2023-07-27 13:00:00,DXB-Core-01,Power,Generator Failure,Medium,22,10802,Gregory King
INC-11615,2023-02-10 17:00:00,MUM-Zone-A,Environmental,Water Leakage,Critical,322,1254512,Herbert Harmon
INC-11616,2023-04-23 17:00:00,DXB-Edge-02,Cooling,CRAC Failure,Medium,47,11703,Tyrone Hall
INC-11617,2023-12-20 15:00:00,LHR-Core-02,Cooling,Chiller Failure,High,177,107616,Christopher Miller
INC-11618,2023-10-11 05:00:00,SIN-Core-01,Network,Fiber Cut,Low,9,396,Laurie Delgado
INC-11619,2023-11-22 03:00:00,DXB-Core-01,Network,Switch Failure,Low,7,77,Gail Hughes
INC-11620,2023-04-13 00:00:00,SIN-Core-01,Power,PDU Overload,Low,10,90,Billy Lewis
INC-11621,2023-07-24 01:00:00,SIN-Core-01,Network,Switch Failure,Low,6,294,Jacob Daniel
INC-11622,2023-01-26 19:00:00,DXB-Edge-02,Environmental,Water Leakage,Medium,33,15675,Raymond Allison
INC-11623,2023-04-06 15:00:00,DXB-Core-01,Cooling,Cooling Pump Failure,Low,7,84,Kelly Callahan
INC-11624,2023-09-04 18:00:00,LHR-Core-02,Cooling,Cooling Pump Failure,Low,12,132,Kathryn Walker
INC-11625,2023-06-20 02:00:00,MUM-Zone-A,Environmental,Water Leakage,Low,16,384,Paul Clarke
INC-11626,2023-02-08 10:00:00,MUM-Zone-A,Cooling,Cooling Pump Failure,Low,15,735,John Evans
INC-11627,2023-09-28 22:00:00,DXB-Edge-02,Network,Router Failure,High,126,103824,Heidi Adams
INC-11628,2023-01-28 05:00:00,MUM-Zone-A,Environmental,Water Leakage,Low,10,390,David Cook
INC-11629,2023-11-04 14:00:00,DXB-Core-01,Power,UPS Failure,Low,12,96,Stephanie Watts
INC-11630,2023-12-06 01:00:00,MUM-Zone-A,Environmental,Temperature Spike,Low,13,338,Daniel Green
INC-11631,2023-04-05 08:00:00,FRA-Core-01,Power,PDU Overload,Low,18,612,Nancy Fisher
INC-11632,2023-03-18 10:00:00,DXB-Edge-02,Environmental,Water Leakage,Low,6,6,John Mcdowell
INC-11633,2023-01-26 17:00:00,DXB-Edge-02,Environmental,Water Leakage,Low,17,578,Renee Hart
INC-11634,2023-11-29 05:00:00,FRA-Core-01,Environmental,Water Leakage,Low,13,299,Tara Brown
INC-11635,2023-03-18 17:00:00,DXB-Core-01,Cooling,CRAC Failure,Low,17,476,Kim Schneider
INC-11636,2023-01-23 01:00:00,DXB-Core-01,Network,Router Failure,Low,8,200,Richard Young
INC-11637,2023-07-19 15:00:00,SIN-Core-01,Cooling,Chiller Failure,High,60,44400,Justin Mitchell
INC-11638,2023-09-02 04:00:00,MUM-Zone-A,Power,Generator Failure,Low,7,133,Sandra Gonzalez
INC-11639,2023-02-27 21:00:00,DXB-Edge-02,Cooling,CRAC Failure,Critical,587,2935000,Charles Graves
INC-11640,2023-11-25 22:00:00,LHR-Core-02,Network,Router Failure,Low,7,70,Terri Smith
INC-11641,2023-07-09 19:00:00,DXB-Core-01,Environmental,Temperature Spike,Low,15,675,Bridget Ellison
INC-11642,2023-06-30 04:00:00,MUM-Zone-A,Cooling,Chiller Failure,Medium,55,13750,Susan Ward
INC-11643,2023-12-26 13:00:00,MUM-Zone-A,Cooling,Chiller Failure,Low,19,323,Kayla Matthews
INC-11644,2023-05-26 06:00:00,LHR-Core-02,Cooling,CRAC Failure,Low,18,648,Joseph Gonzalez
INC-11645,2023-03-16 08:00:00,MUM-Zone-A,Cooling,Cooling Pump Failure,Low,10,170,Daniel Nguyen
INC-11646,2023-08-05 01:00:00,DXB-Core-01,Network,Fiber Cut,Medium,29,11948,Sarah Thomas
INC-11647,2023-10-15 06:00:00,MUM-Zone-A,Cooling,Cooling Pump Failure,Low,7,189,Rachel Jones
INC-11648,2023-11-15 23:00:00,MUM-Zone-A,Network,Router Failure,Low,14,0,Scott Sandoval
INC-11649,2023-01-14 13:00:00,MUM-Zone-A,Environmental,Water Leakage,Medium,50,24100,Stephen Watson
INC-11650,2023-01-02 07:00:00,MUM-Zone-A,Environmental,Temperature Spike,High,177,97173,Paul Henry
INC-11651,2023-10-25 04:00:00,MUM-Zone-A,Power,UPS Failure,Low,10,270,Joy Hammond
INC-11652,2023-07-08 11:00:00,FRA-Core-01,Power,Generator Failure,Low,14,322,Anthony Brown
INC-11653,2023-01-10 21:00:00,LHR-Core-02,Power,UPS Failure,Low,13,208,Kerry Chapman
INC-11654,2023-04-27 16:00:00,DXB-Edge-02,Cooling,CRAC Failure,Low,7,224,Richard Morgan
INC-11655,2023-05-27 00:00:00,DXB-Edge-02,Cooling,Cooling Pump Failure,Medium,50,18000,Charles Thornton
INC-11656,2023-04-02 12:00:00,DXB-Edge-02,Environmental,Water Leakage,Low,18,810,Alyssa Underwood
INC-11657,2023-09-17 19:00:00,DXB-Edge-02,Cooling,Cooling Pump Failure,Low,14,28,Emily Sanders
INC-11658,2023-12-04 08:00:00,DXB-Core-01,Cooling,Cooling Pump Failure,Medium,27,7182,Ray Hunt
INC-11659,2023-03-30 12:00:00,SIN-Core-01,Environmental,Temperature Spike,Low,13,611,Morgan Bennett
INC-11660,2023-10-31 17:00:00,DXB-Core-01,Cooling,Chiller Failure,Low,9,360,Shawn Abbott
INC-11661,2023-08-13 08:00:00,MUM-Zone-A,Power,UPS Failure,Low,14,252,Kelli Roberts
INC-11662,2023-04-16 10:00:00,LHR-Core-02,Power,PDU Overload,Low,6,120,Tamara Moody
INC-11663,2023-03-27 11:00:00,FRA-Core-01,Network,Router Failure,Medium,53,21889,Elijah Davis
INC-11664,2023-04-14 14:00:00,DXB-Core-01,Cooling,Chiller Failure,Low,7,112,Regina Perkins
INC-11665,2023-02-04 18:00:00,DXB-Core-01,Network,Router Failure,Low,11,418,Dave Roberts
INC-11666,2023-08-05 17:00:00,FRA-Core-01,Power,Generator Failure,Low,17,68,Kathleen Jackson
INC-11667,2023-03-07 03:00:00,DXB-Edge-02,Cooling,Cooling Pump Failure,Medium,20,9740,Victoria Soto
INC-11668,2023-04-26 17:00:00,FRA-Core-01,Cooling,Cooling Pump Failure,Low,17,476,Susan Holden
INC-11669,2023-11-16 20:00:00,DXB-Core-01,Network,Fiber Cut,Low,16,288,Dylan Hill
INC-11670,2023-07-23 17:00:00,LHR-Core-02,Power,PDU Overload,Low,5,150,Barbara Stewart
INC-11671,2023-06-30 03:00:00,DXB-Edge-02,Network,Router Failure,Low,6,48,Rebecca Thompson
INC-11672,2023-09-01 21:00:00,DXB-Edge-02,Cooling,CRAC Failure,High,152,109440,Lisa Walker
INC-11673,2023-11-19 07:00:00,SIN-Core-01,Network,Switch Failure,Low,8,256,Ashley Santana
INC-11674,2023-08-13 05:00:00,DXB-Core-01,Cooling,CRAC Failure,Low,5,160,James Madden
INC-11675,2023-02-01 07:00:00,DXB-Edge-02,Power,PDU Overload,Low,18,126,Megan David
INC-11676,2023-01-18 20:00:00,DXB-Edge-02,Environmental,Temperature Spike,Critical,330,910470,Robert Lewis
INC-11677,2023-07-29 10:00:00,LHR-Core-02,Network,Fiber Cut,Low,13,182,Michael Brown
INC-11678,2023-10-03 00:00:00,MUM-Zone-A,Power,UPS Failure,Low,14,196,Derrick Wallace
INC-11679,2023-08-19 03:00:00,MUM-Zone-A,Cooling,Chiller Failure,Low,18,684,Wendy Bell
INC-11680,2023-09-04 03:00:00,SIN-Core-01,Network,Switch Failure,Low,16,160,Phillip Graham
INC-11681,2023-06-23 18:00:00,SIN-Core-01,Cooling,CRAC Failure,Low,9,18,Kristen Franklin
INC-11682,2023-07-27 22:00:00,DXB-Edge-02,Cooling,CRAC Failure,Low,16,800,Melissa Suarez
INC-11683,2023-01-18 16:00:00,FRA-Core-01,Power,Generator Failure,Low,9,99,Bridget Johns
INC-11684,2023-08-23 18:00:00,DXB-Edge-02,Power,PDU Overload,Critical,579,1093731,Matthew Turner
INC-11685,2023-11-22 17:00:00,FRA-Core-01,Environmental,Water Leakage,Critical,311,1201082,Amanda Hoover
INC-11686,2023-01-05 04:00:00,SIN-Core-01,Network,Fiber Cut,Low,18,162,Rebecca Gonzalez DVM
INC-11687,2023-01-20 12:00:00,FRA-Core-01,Network,Switch Failure,Low,8,288,Linda Oconnor
INC-11688,2023-03-30 01:00:00,DXB-Core-01,Power,Generator Failure,Low,15,375,Morgan Smith
INC-11689,2023-05-09 10:00:00,MUM-Zone-A,Environmental,Temperature Spike,Low,17,425,Ellen Greer
INC-11690,2023-05-03 02:00:00,FRA-Core-01,Power,PDU Overload,Medium,38,14212,Shawn Fowler
INC-11691,2023-07-09 16:00:00,DXB-Core-01,Environmental,Water Leakage,Medium,59,28910,John Reynolds
INC-11692,2023-10-09 00:00:00,DXB-Core-01,Network,Router Failure,Medium,31,11377,Jacqueline Medina
INC-11693,2023-10-10 04:00:00,DXB-Edge-02,Environmental,Temperature Spike,Low,15,345,Jacqueline Mcdonald
INC-11694,2023-08-13 18:00:00,SIN-Core-01,Power,Generator Failure,Medium,41,17917,Justin French
INC-11695,2023-11-02 02:00:00,FRA-Core-01,Network,Router Failure,Low,11,11,Ryan Ruiz
INC-11696,2023-09-24 01:00:00,DXB-Core-01,Power,Generator Failure,Low,15,720,Valerie Santos
INC-11697,2023-01-28 18:00:00,DXB-Core-01,Network,Router Failure,Medium,54,11232,Robin Gross
INC-11698,2023-12-15 16:00:00,MUM-Zone-A,Cooling,Cooling Pump Failure,Low,11,396,Anita Green
INC-11699,2023-03-15 03:00:00,MUM-Zone-A,Environmental,Water Leakage,Low,8,328,Courtney Johnson
INC-11700,2023-01-28 14:00:00,LHR-Core-02,Network,Router Failure,Low,7,28,Samantha Baker
INC-11701,2023-11-02 04:00:00,SIN-Core-01,Cooling,Cooling Pump Failure,Low,11,44,Brian Valdez
INC-11702,2023-11-06 15:00:00,DXB-Edge-02,Network,Switch Failure,Low,12,156,James Craig
INC-11703,2023-10-09 14:00:00,SIN-Core-01,Network,Fiber Cut,Medium,59,25193,Mary Gonzalez
INC-11704,2023-11-11 22:00:00,FRA-Core-01,Power,Generator Failure,Low,12,24,Michael Cox
INC-11705,2023-02-14 10:00:00,DXB-Edge-02,Network,Fiber Cut,Low,11,231,Erika Spence
INC-11706,2023-12-27 13:00:00,DXB-Core-01,Cooling,Chiller Failure,High,150,130950,Kimberly Zhang
INC-11707,2023-06-26 09:00:00,LHR-Core-02,Environmental,Temperature Spike,Medium,56,24696,Becky Rubio
INC-11708,2023-08-17 03:00:00,DXB-Core-01,Environmental,Water Leakage,Medium,28,11452,Matthew Martin
INC-11709,2023-06-02 08:00:00,FRA-Core-01,Cooling,Cooling Pump Failure,Medium,24,5472,Amanda Decker
INC-11710,2023-01-27 06:00:00,LHR-Core-02,Cooling,Chiller Failure,Low,14,602,Justin Wright
INC-11711,2023-06-25 18:00:00,SIN-Core-01,Network,Switch Failure,Low,11,99,Andrea Anderson
INC-11712,2023-02-27 05:00:00,LHR-Core-02,Cooling,CRAC Failure,Low,7,336,Elizabeth Moreno
INC-11713,2023-09-21 11:00:00,FRA-Core-01,Network,Fiber Cut,High,133,113981,April Mcdowell
INC-11714,2023-06-29 03:00:00,MUM-Zone-A,Cooling,Cooling Pump Failure,Low,13,351,James Rivera
INC-11715,2023-08-02 12:00:00,MUM-Zone-A,Network,Router Failure,Medium,36,9504,Alexis Warren
INC-11716,2023-03-16 02:00:00,FRA-Core-01,Power,Generator Failure,Low,14,420,Gregory Dorsey
INC-11717,2023-08-14 23:00:00,DXB-Edge-02,Environmental,Temperature Spike,Low,6,246,Julia Mendoza
INC-11718,2023-07-29 04:00:00,DXB-Edge-02,Environmental,Temperature Spike,Low,11,209,Christina Douglas
INC-11719,2023-10-17 20:00:00,FRA-Core-01,Cooling,Chiller Failure,Low,11,429,Thomas Riley
INC-11720,2023-12-01 22:00:00,DXB-Core-01,Cooling,Chiller Failure,High,98,78498,Steve Miller
INC-11721,2023-07-11 00:00:00,FRA-Core-01,Cooling,Chiller Failure,Low,14,210,Katherine Meyer
INC-11722,2023-09-15 09:00:00,MUM-Zone-A,Power,PDU Overload,Medium,45,13140,Morgan Thompson
INC-11723,2023-10-08 16:00:00,MUM-Zone-A,Network,Switch Failure,Low,6,252,Holly Adams
INC-11724,2023-05-13 17:00:00,SIN-Core-01,Cooling,CRAC Failure,Low,16,720,Bethany Smith
INC-11725,2023-04-03 06:00:00,LHR-Core-02,Cooling,Cooling Pump Failure,Low,14,140,Kevin Johnson
INC-11726,2023-04-15 15:00:00,DXB-Core-01,Network,Fiber Cut,Low,12,204,David Wright
INC-11727,2023-08-12 16:00:00,DXB-Edge-02,Environmental,Temperature Spike,Medium,41,10496,Kevin Walton
INC-11728,2023-08-06 22:00:00,SIN-Core-01,Power,UPS Failure,Medium,22,7986,Dustin Henry
INC-11729,2023-07-31 02:00:00,MUM-Zone-A,Cooling,Cooling Pump Failure,Low,19,285,Angela Lawrence
INC-11730,2023-03-05 05:00:00,SIN-Core-01,Power,Generator Failure,Low,11,462,Jessica Vega
INC-11731,2023-11-02 14:00:00,LHR-Core-02,Network,Fiber Cut,High,174,146508,Jessica Johnson
INC-11732,2023-08-25 16:00:00,FRA-Core-01,Network,Router Failure,Low,19,931,Tammy Barry
INC-11733,2023-07-03 09:00:00,MUM-Zone-A,Cooling,Cooling Pump Failure,Critical,272,297568,Natalie Gibson DVM
INC-11734,2023-10-31 15:00:00,LHR-Core-02,Power,Generator Failure,Low,11,308,Christopher Brown
INC-11735,2023-01-12 04:00:00,SIN-Core-01,Environmental,Water Leakage,Low,7,329,Jose Payne
INC-11736,2023-10-31 18:00:00,MUM-Zone-A,Power,PDU Overload,Low,12,120,Andrew Martinez
INC-11737,2023-03-07 13:00:00,SIN-Core-01,Power,PDU Overload,Low,16,752,April Hodges
INC-11738,2023-02-06 16:00:00,MUM-Zone-A,Power,UPS Failure,Low,15,405,Andre Weaver
INC-11739,2023-01-07 15:00:00,DXB-Core-01,Network,Router Failure,Low,13,182,Miranda Smith
INC-11740,2023-03-11 22:00:00,FRA-Core-01,Cooling,Cooling Pump Failure,Low,8,0,Michele Simon
INC-11741,2023-06-30 05:00:00,DXB-Core-01,Environmental,Temperature Spike,Low,11,286,Natasha Mcmahon
INC-11742,2023-09-11 06:00:00,SIN-Core-01,Network,Switch Failure,Low,8,64,Jacqueline Smith
INC-11743,2023-01-16 17:00:00,DXB-Edge-02,Cooling,CRAC Failure,Low,18,162,Thomas Lopez
INC-11744,2023-05-11 15:00:00,DXB-Edge-02,Cooling,CRAC Failure,Low,17,714,Denise King
INC-11745,2023-05-08 03:00:00,SIN-Core-01,Power,UPS Failure,High,90,52560,Tammy Franklin
INC-11746,2023-05-30 23:00:00,FRA-Core-01,Network,Switch Failure,Medium,45,13365,Michael Davis
INC-11747,2023-09-04 21:00:00,MUM-Zone-A,Environmental,Water Leakage,Low,19,323,Kayla Lane
INC-11748,2023-02-07 11:00:00,LHR-Core-02,Environmental,Water Leakage,Low,17,204,Michael Patterson
INC-11749,2023-04-19 09:00:00,DXB-Core-01,Power,Generator Failure,Medium,38,8322,Kelly Washington
INC-11750,2023-02-06 09:00:00,FRA-Core-01,Cooling,CRAC Failure,Low,13,585,Kenneth Gray
INC-11751,2023-02-02 14:00:00,MUM-Zone-A,Network,Router Failure,Low,9,144,Cindy Pearson
INC-11752,2023-09-05 02:00:00,SIN-Core-01,Power,PDU Overload,Critical,226,1111468,James Peters
INC-11753,2023-05-11 00:00:00,SIN-Core-01,Power,UPS Failure,High,109,92759,Ryan Lewis
INC-11754,2023-09-29 07:00:00,MUM-Zone-A,Power,PDU Overload,Medium,33,11319,Pamela Swanson
INC-11755,2023-04-18 07:00:00,DXB-Edge-02,Environmental,Temperature Spike,Critical,349,579689,Linda Bishop
INC-11756,2023-05-14 10:00:00,FRA-Core-01,Cooling,Cooling Pump Failure,Low,19,38,Angela Perez
INC-11757,2023-06-13 08:00:00,LHR-Core-02,Power,PDU Overload,Medium,50,12550,John Rodriguez
INC-11758,2023-06-06 00:00:00,DXB-Core-01,Cooling,CRAC Failure,Low,18,108,Jason Murray
INC-11759,2023-05-21 18:00:00,DXB-Edge-02,Environmental,Water Leakage,Critical,462,1805496,Jason Thomas
INC-11760,2023-01-06 21:00:00,DXB-Core-01,Environmental,Temperature Spike,Low,14,364,Willie Morgan
INC-11761,2023-10-11 06:00:00,MUM-Zone-A,Power,Generator Failure,Low,18,576,Robert Pope
INC-11762,2023-10-27 05:00:00,LHR-Core-02,Environmental,Temperature Spike,Medium,46,22954,Kristin Logan
INC-11763,2023-12-16 21:00:00,LHR-Core-02,Environmental,Water Leakage,Medium,33,15543,John Lynch
INC-11764,2023-06-06 05:00:00,SIN-Core-01,Cooling,Cooling Pump Failure,Low,12,408,Wanda Mason
INC-11765,2023-05-24 11:00:00,DXB-Edge-02,Network,Fiber Cut,Low,19,589,Jonathan Stevens
INC-11766,2023-09-24 10:00:00,DXB-Edge-02,Environmental,Temperature Spike,Low,6,216,Stephen Allen
INC-11767,2023-02-04 09:00:00,LHR-Core-02,Environmental,Water Leakage,Medium,25,12375,Amanda Stevens
INC-11768,2023-12-27 05:00:00,FRA-Core-01,Network,Router Failure,Low,19,323,Nicole Reeves
INC-11769,2023-07-25 21:00:00,FRA-Core-01,Power,PDU Overload,Low,10,190,Diane Johnson
INC-11770,2023-04-05 05:00:00,SIN-Core-01,Environmental,Temperature Spike,Low,19,646,Evan Graham
INC-11771,2023-04-25 08:00:00,MUM-Zone-A,Environmental,Water Leakage,Low,14,476,Eric Castro
INC-11772,2023-01-31 17:00:00,DXB-Edge-02,Network,Router Failure,Medium,21,6615,Jeffrey Martin
INC-11773,2023-10-25 23:00:00,DXB-Edge-02,Environmental,Water Leakage,Medium,35,3500,Jacob Rose
INC-11774,2023-06-14 06:00:00,LHR-Core-02,Network,Fiber Cut,Low,5,95,Justin Ford
INC-11775,2023-11-22 16:00:00,MUM-Zone-A,Cooling,CRAC Failure,Low,15,645,Nicholas Cruz
INC-11776,2023-11-10 07:00:00,MUM-Zone-A,Network,Fiber Cut,Low,14,266,Tiffany Davis
INC-11777,2023-10-25 08:00:00,SIN-Core-01,Power,Generator Failure,Medium,27,5670,Ryan Davis DDS
INC-11778,2023-02-28 00:00:00,MUM-Zone-A,Network,Router Failure,Medium,35,10185,Sandra Taylor
INC-11779,2023-10-10 19:00:00,DXB-Edge-02,Environmental,Water Leakage,Critical,532,576156,Mr. Ryan York
INC-11780,2023-10-27 12:00:00,FRA-Core-01,Environmental,Temperature Spike,Medium,44,18568,Charles Jones
INC-11781,2023-02-04 21:00:00,DXB-Core-01,Network,Switch Failure,Low,7,35,Shelley Sanchez
INC-11782,2023-07-22 21:00:00,LHR-Core-02,Power,UPS Failure,Low,13,195,Daniel Escobar
INC-11783,2023-07-07 17:00:00,DXB-Core-01,Environmental,Temperature Spike,Low,17,510,Meghan Anderson
INC-11784,2023-11-04 15:00:00,DXB-Core-01,Network,Switch Failure,Low,7,322,Eric Roy Jr.
INC-11785,2023-12-30 14:00:00,DXB-Core-01,Network,Router Failure,Critical,306,429930,Kendra Griffin
INC-11786,2023-04-24 02:00:00,SIN-Core-01,Network,Router Failure,Medium,47,7802,Scott Rivera
INC-11787,2023-12-07 09:00:00,MUM-Zone-A,Cooling,Cooling Pump Failure,Low,18,630,Jason Gamble
INC-11788,2023-03-26 21:00:00,DXB-Edge-02,Network,Router Failure,Low,6,150,Tiffany Miller
INC-11789,2023-09-18 05:00:00,FRA-Core-01,Network,Fiber Cut,Low,10,370,Jennifer Jackson MD
INC-11790,2023-01-23 11:00:00,MUM-Zone-A,Cooling,CRAC Failure,Low,5,165,James Schmidt
INC-11791,2023-08-14 23:00:00,FRA-Core-01,Cooling,Chiller Failure,Low,19,684,Jennifer Taylor
INC-11792,2023-05-05 05:00:00,LHR-Core-02,Network,Router Failure,Low,19,114,Sarah Hudson
INC-11793,2023-10-14 23:00:00,LHR-Core-02,Environmental,Water Leakage,Medium,58,6438,Darius Harrison
INC-11794,2023-11-30 08:00:00,DXB-Edge-02,Network,Router Failure,Low,10,120,Tyler Graham
INC-11795,2023-11-06 19:00:00,SIN-Core-01,Environmental,Water Leakage,Medium,25,11175,Kevin Wilson
INC-11796,2023-10-16 01:00:00,DXB-Core-01,Cooling,Cooling Pump Failure,Low,15,150,Alyssa Goodman
INC-11797,2023-08-15 23:00:00,FRA-Core-01,Environmental,Water Leakage,Medium,30,4740,Brian Knight
INC-11798,2023-05-12 04:00:00,SIN-Core-01,Cooling,CRAC Failure,Low,11,77,Tammy Vaughan
INC-11799,2023-02-16 19:00:00,MUM-Zone-A,Network,Fiber Cut,High,98,65170,Brenda Fisher
INC-11800,2023-08-20 21:00:00,DXB-Edge-02,Environmental,Temperature Spike,Medium,49,12348,James Peterson
INC-11801,2023-01-14 08:00:00,LHR-Core-02,Environmental,Temperature Spike,Low,16,720,Joseph Johnson
INC-11802,2023-09-22 09:00:00,FRA-Core-01,Cooling,CRAC Failure,Critical,314,1490558,Patricia Hobbs
INC-11803,2023-04-12 08:00:00,SIN-Core-01,Environmental,Water Leakage,Low,12,276,Sean Matthews
INC-11804,2023-06-05 03:00:00,SIN-Core-01,Network,Switch Failure,Critical,571,1689018,Terri Stewart
INC-11805,2023-03-27 23:00:00,SIN-Core-01,Cooling,Cooling Pump Failure,Low,7,329,Tracy Wilson
INC-11806,2023-08-23 12:00:00,LHR-Core-02,Environmental,Temperature Spike,Medium,48,10368,David Moon
INC-11807,2023-10-31 05:00:00,FRA-Core-01,Power,Generator Failure,Low,18,126,Christopher Miller
INC-11808,2023-12-25 17:00:00,DXB-Edge-02,Cooling,CRAC Failure,Medium,59,8201,Jay Yoder
INC-11809,2023-04-14 08:00:00,SIN-Core-01,Power,UPS Failure,Low,15,0,Daniel Smith
INC-11810,2023-01-18 11:00:00,FRA-Core-01,Power,UPS Failure,Medium,22,7282,Cristina Williams
INC-11811,2023-11-29 02:00:00,FRA-Core-01,Environmental,Temperature Spike,Low,16,688,Erica Holden
INC-11812,2023-09-06 14:00:00,MUM-Zone-A,Cooling,CRAC Failure,High,96,50976,Roberto Williams
INC-11813,2023-07-18 06:00:00,DXB-Edge-02,Cooling,Cooling Pump Failure,Low,5,85,Keith Reynolds
INC-11814,2023-11-29 20:00:00,MUM-Zone-A,Cooling,Chiller Failure,Low,15,225,Shannon Carter
INC-11815,2023-06-02 13:00:00,DXB-Edge-02,Power,PDU Overload,Low,11,176,Jeffrey Harper
INC-11816,2023-06-02 18:00:00,LHR-Core-02,Network,Router Failure,Critical,313,352438,Heather Ross
INC-11817,2023-06-05 22:00:00,DXB-Core-01,Power,PDU Overload,Low,5,10,Larry Marquez
INC-11818,2023-06-26 07:00:00,DXB-Core-01,Environmental,Temperature Spike,Medium,22,7656,Jeffrey Leblanc
INC-11819,2023-03-07 05:00:00,SIN-Core-01,Environmental,Water Leakage,Low,7,112,Nicholas Carpenter
INC-11820,2023-06-13 02:00:00,DXB-Edge-02,Power,PDU Overload,Low,7,112,Cindy Zavala
INC-11821,2023-12-06 14:00:00,FRA-Core-01,Power,PDU Overload,Medium,32,11424,Grant Dean
INC-11822,2023-12-18 18:00:00,LHR-Core-02,Environmental,Water Leakage,Critical,499,863270,Lauren Taylor
INC-11823,2023-12-21 18:00:00,LHR-Core-02,Environmental,Water Leakage,Medium,40,13640,Jennifer Palmer
INC-11824,2023-12-22 16:00:00,DXB-Core-01,Environmental,Water Leakage,Low,15,570,Thomas Holt
INC-11825,2023-08-25 04:00:00,DXB-Core-01,Environmental,Water Leakage,High,167,99532,Christopher Alexander
INC-11826,2023-05-03 04:00:00,DXB-Core-01,Cooling,Cooling Pump Failure,Low,19,228,John Hill
INC-11827,2023-10-23 17:00:00,MUM-Zone-A,Network,Fiber Cut,Low,17,612,Patricia Jones
INC-11828,2023-02-20 03:00:00,DXB-Core-01,Network,Router Failure,Low,16,80,Dr. Kevin Perry MD
INC-11829,2023-06-30 15:00:00,MUM-Zone-A,Power,Generator Failure,Medium,26,7696,Victoria Garcia
INC-11830,2023-08-18 16:00:00,SIN-Core-01,Environmental,Water Leakage,Low,9,216,Ralph Johnson
INC-11831,2023-01-13 15:00:00,FRA-Core-01,Network,Router Failure,Low,17,561,Rodney James
INC-11832,2023-07-15 04:00:00,MUM-Zone-A,Environmental,Water Leakage,Low,10,220,Tiffany Hernandez
INC-11833,2023-06-11 01:00:00,FRA-Core-01,Network,Switch Failure,Low,16,224,Sarah Murphy
INC-11834,2023-04-27 22:00:00,DXB-Edge-02,Environmental,Temperature Spike,High,138,121440,Devon Bryant
INC-11835,2023-08-12 08:00:00,LHR-Core-02,Network,Fiber Cut,High,91,56602,Patrick Moore
INC-11836,2023-01-22 04:00:00,FRA-Core-01,Power,PDU Overload,Low,5,215,Terry Stewart
INC-11837,2023-08-25 18:00:00,FRA-Core-01,Cooling,CRAC Failure,High,133,115178,Gabriel Morales
INC-11838,2023-04-13 12:00:00,SIN-Core-01,Network,Fiber Cut,Low,10,100,Wesley Simpson
INC-11839,2023-08-02 19:00:00,LHR-Core-02,Environmental,Water Leakage,Medium,32,14656,Stephen Zamora
INC-11840,2023-12-03 08:00:00,MUM-Zone-A,Power,UPS Failure,Low,9,108,Ashley Gonzalez
INC-11841,2023-06-24 07:00:00,FRA-Core-01,Network,Router Failure,Low,13,312,Sandra Price
INC-11842,2023-02-13 21:00:00,DXB-Core-01,Network,Switch Failure,Low,15,75,Justin Wade
INC-11843,2023-01-09 17:00:00,MUM-Zone-A,Environmental,Water Leakage,Medium,56,14392,Elizabeth Harris
INC-11844,2023-05-19 22:00:00,DXB-Core-01,Power,Generator Failure,Low,15,75,Christine Green
INC-11845,2023-05-15 23:00:00,SIN-Core-01,Network,Fiber Cut,Medium,23,5106,Amy Arnold
INC-11846,2023-01-23 09:00:00,DXB-Core-01,Environmental,Temperature Spike,Medium,57,26220,Jessica Miller MD
INC-11847,2023-08-05 08:00:00,DXB-Core-01,Network,Fiber Cut,Medium,53,24539,Nicole Gutierrez
INC-11848,2023-05-24 13:00:00,LHR-Core-02,Environmental,Water Leakage,Low,18,180,Randy Deleon
INC-11849,2023-10-11 04:00:00,FRA-Core-01,Power,UPS Failure,Medium,36,4104,Brandon Chavez
INC-11850,2023-01-03 01:00:00,DXB-Core-01,Power,UPS Failure,Medium,42,20244,Carol Guzman
INC-11851,2023-01-16 02:00:00,LHR-Core-02,Network,Fiber Cut,High,158,155788,Angel Garza
INC-11852,2023-06-03 04:00:00,MUM-Zone-A,Network,Switch Failure,Low,7,322,David Schmitt
INC-11853,2023-08-09 04:00:00,FRA-Core-01,Network,Switch Failure,Low,15,675,Michael Tran
INC-11854,2023-11-01 20:00:00,DXB-Core-01,Cooling,CRAC Failure,High,90,70650,Laura Clark
INC-11855,2023-11-05 17:00:00,MUM-Zone-A,Network,Switch Failure,Medium,54,6642,Patricia White
INC-11856,2023-03-17 15:00:00,SIN-Core-01,Network,Switch Failure,Critical,486,2042172,Amy Cox
INC-11857,2023-07-06 00:00:00,SIN-Core-01,Power,Generator Failure,Low,10,140,Craig Mcclure
INC-11858,2023-06-30 09:00:00,SIN-Core-01,Cooling,CRAC Failure,Low,15,675,Ethan Murray
INC-11859,2023-07-17 03:00:00,DXB-Core-01,Network,Fiber Cut,Low,19,703,David Rivera
INC-11860,2023-04-13 20:00:00,MUM-Zone-A,Cooling,Cooling Pump Failure,Low,9,90,Lorraine Powers
INC-11861,2023-09-19 14:00:00,DXB-Core-01,Environmental,Water Leakage,High,99,67221,Jamie Swanson
INC-11862,2023-03-29 00:00:00,MUM-Zone-A,Cooling,Cooling Pump Failure,Medium,38,14402,Scott Young
INC-11863,2023-11-20 21:00:00,DXB-Edge-02,Power,UPS Failure,Low,16,96,Jack Olson
INC-11864,2023-04-15 06:00:00,MUM-Zone-A,Environmental,Temperature Spike,Low,16,640,Christopher Livingston
INC-11865,2023-10-17 10:00:00,MUM-Zone-A,Power,Generator Failure,High,154,147532,Amanda Gutierrez
INC-11866,2023-02-22 17:00:00,DXB-Core-01,Environmental,Water Leakage,Low,15,390,Crystal Smith
INC-11867,2023-09-19 18:00:00,DXB-Edge-02,Environmental,Water Leakage,Critical,593,1907681,Ronald Fowler
INC-11868,2023-09-01 05:00:00,SIN-Core-01,Network,Router Failure,Low,7,280,Jessica Rice
INC-11869,2023-04-22 06:00:00,DXB-Edge-02,Cooling,Cooling Pump Failure,Low,19,361,Deanna Rodriguez
INC-11870,2023-06-04 19:00:00,MUM-Zone-A,Power,UPS Failure,Medium,52,14040,Kayla Crawford
INC-11871,2023-11-05 01:00:00,SIN-Core-01,Environmental,Temperature Spike,High,105,101955,Michael Whitehead
INC-11872,2023-12-20 06:00:00,DXB-Core-01,Environmental,Temperature Spike,High,82,45674,Debra Fernandez
INC-11873,2023-11-16 01:00:00,FRA-Core-01,Environmental,Temperature Spike,Low,5,180,Christine Rogers
INC-11874,2023-12-14 01:00:00,SIN-Core-01,Power,Generator Failure,Low,14,140,Alexis Cardenas
INC-11875,2023-09-20 13:00:00,DXB-Edge-02,Network,Switch Failure,Low,11,286,David Ruiz
INC-11876,2023-02-20 19:00:00,DXB-Core-01,Network,Router Failure,Critical,195,812565,Amy Holmes
INC-11877,2023-06-22 17:00:00,DXB-Core-01,Environmental,Water Leakage,Low,7,140,Bryan Smith
INC-11878,2023-04-27 16:00:00,LHR-Core-02,Network,Switch Failure,Low,7,21,Andrew James
INC-11879,2023-12-13 10:00:00,MUM-Zone-A,Environmental,Temperature Spike,Low,5,105,Nicholas Wright
INC-11880,2023-04-29 19:00:00,SIN-Core-01,Environmental,Temperature Spike,Medium,58,12934,Eric James
INC-11881,2023-12-05 13:00:00,LHR-Core-02,Power,PDU Overload,Critical,450,1105200,Todd Figueroa DVM
INC-11882,2023-12-02 06:00:00,SIN-Core-01,Cooling,Chiller Failure,Critical,226,1128192,Megan Nelson
INC-11883,2023-08-31 18:00:00,LHR-Core-02,Cooling,Cooling Pump Failure,Critical,594,2737746,George Gonzalez
INC-11884,2023-05-27 05:00:00,SIN-Core-01,Network,Router Failure,Low,10,240,Michael Yoder
INC-11885,2023-04-25 13:00:00,DXB-Core-01,Power,Generator Failure,Low,19,361,Caitlin Salinas
INC-11886,2023-07-29 12:00:00,DXB-Core-01,Cooling,Cooling Pump Failure,Critical,579,921768,Gail Woods
INC-11887,2023-03-21 10:00:00,MUM-Zone-A,Cooling,Chiller Failure,Low,18,360,Kyle Moore
INC-11888,2023-01-19 23:00:00,DXB-Edge-02,Cooling,CRAC Failure,Medium,47,23312,Erik Kim
INC-11889,2023-04-18 06:00:00,LHR-Core-02,Power,Generator Failure,Low,12,228,Christopher Reed
INC-11890,2023-07-25 22:00:00,SIN-Core-01,Cooling,CRAC Failure,Medium,30,10560,Mariah Cooke
INC-11891,2023-06-26 04:00:00,LHR-Core-02,Power,PDU Overload,Low,14,448,Susan Perez
INC-11892,2023-04-14 00:00:00,LHR-Core-02,Environmental,Temperature Spike,Low,17,425,Christine Vazquez
INC-11893,2023-03-12 01:00:00,DXB-Edge-02,Power,Generator Failure,High,153,83232,Cheyenne Giles
INC-11894,2023-04-17 17:00:00,FRA-Core-01,Cooling,Cooling Pump Failure,Low,8,344,Kimberly Gregory
INC-11895,2023-11-21 05:00:00,FRA-Core-01,Cooling,CRAC Failure,Low,10,410,William Lopez
INC-11896,2023-09-25 11:00:00,DXB-Edge-02,Network,Fiber Cut,Low,13,572,Julia Barnes
INC-11897,2023-01-19 12:00:00,DXB-Edge-02,Cooling,CRAC Failure,Low,7,259,Stephen Knight
INC-11898,2023-08-20 14:00:00,DXB-Core-01,Environmental,Water Leakage,Low,15,90,Robert Washington
INC-11899,2023-01-08 16:00:00,SIN-Core-01,Network,Router Failure,Low,13,533,Alyssa Fitzpatrick
INC-11900,2023-01-11 07:00:00,FRA-Core-01,Power,UPS Failure,Medium,36,4572,Joseph Bird
INC-11901,2023-02-22 23:00:00,SIN-Core-01,Cooling,Cooling Pump Failure,Low,11,132,Isabella Mckinney
INC-11902,2023-08-19 23:00:00,MUM-Zone-A,Environmental,Water Leakage,Medium,29,4147,Melissa Williams
INC-11903,2023-01-03 21:00:00,DXB-Edge-02,Power,UPS Failure,Low,10,230,Duane Ward
INC-11904,2023-11-12 19:00:00,DXB-Edge-02,Power,UPS Failure,High,96,61920,Vanessa Mcgee
INC-11905,2023-11-22 08:00:00,MUM-Zone-A,Network,Router Failure,Low,13,624,Darren Carter
INC-11906,2023-10-05 23:00:00,LHR-Core-02,Environmental,Water Leakage,Low,17,425,Anthony Robinson
INC-11907,2023-01-09 02:00:00,FRA-Core-01,Power,PDU Overload,Low,18,324,Cesar Long
INC-11908,2023-06-21 15:00:00,LHR-Core-02,Network,Fiber Cut,Medium,37,10804,Jeremiah Solis
INC-11909,2023-02-09 21:00:00,MUM-Zone-A,Power,UPS Failure,Critical,313,869514,Samuel Carter
INC-11910,2023-04-08 02:00:00,MUM-Zone-A,Network,Router Failure,High,174,151554,Nicholas Ware
INC-11911,2023-02-07 23:00:00,FRA-Core-01,Power,Generator Failure,Low,12,600,Matthew Greene
INC-11912,2023-04-30 13:00:00,SIN-Core-01,Cooling,Chiller Failure,Medium,46,10580,Michael Orozco
INC-11913,2023-10-28 00:00:00,FRA-Core-01,Power,UPS Failure,Low,17,578,Pamela Jacobs
INC-11914,2023-10-20 02:00:00,SIN-Core-01,Power,UPS Failure,Low,13,650,Tom Fitzpatrick
INC-11915,2023-04-19 04:00:00,DXB-Core-01,Environmental,Water Leakage,Low,14,560,Jordan Vasquez
INC-11916,2023-01-09 17:00:00,LHR-Core-02,Cooling,Cooling Pump Failure,Low,6,18,Julie Kane
INC-11917,2023-12-14 17:00:00,SIN-Core-01,Cooling,Cooling Pump Failure,Low,15,405,Valerie Browning
INC-11918,2023-08-06 04:00:00,LHR-Core-02,Environmental,Water Leakage,Low,12,276,John Berry
INC-11919,2023-07-17 17:00:00,SIN-Core-01,Network,Fiber Cut,Low,8,312,Chris Compton
INC-11920,2023-03-19 21:00:00,MUM-Zone-A,Network,Switch Failure,High,170,103700,Dustin Norman
INC-11921,2023-03-26 12:00:00,DXB-Edge-02,Power,Generator Failure,Low,11,506,Cesar Bennett
INC-11922,2023-12-13 12:00:00,LHR-Core-02,Power,UPS Failure,Medium,33,3366,William Vincent
INC-11923,2023-09-02 15:00:00,SIN-Core-01,Network,Fiber Cut,Low,6,186,Kendra Allison
INC-11924,2023-10-11 01:00:00,LHR-Core-02,Power,PDU Overload,Low,10,80,Melissa Perkins
INC-11925,2023-11-04 14:00:00,SIN-Core-01,Cooling,Cooling Pump Failure,Critical,440,1006280,Sean Bailey
INC-11926,2023-02-19 01:00:00,LHR-Core-02,Cooling,Cooling Pump Failure,Low,16,640,Robert Rivera
INC-11927,2023-05-23 16:00:00,MUM-Zone-A,Power,PDU Overload,Low,10,110,Erik Flowers
INC-11928,2023-03-15 03:00:00,MUM-Zone-A,Power,UPS Failure,Medium,20,7660,Noah Nelson
INC-11929,2023-01-02 10:00:00,DXB-Core-01,Environmental,Water Leakage,Low,15,15,Mark Williams
INC-11930,2023-01-14 08:00:00,DXB-Core-01,Cooling,CRAC Failure,Low,12,336,Tiffany Smith
INC-11931,2023-09-07 12:00:00,DXB-Core-01,Cooling,Cooling Pump Failure,Medium,47,7614,Gina Stevens
INC-11932,2023-10-11 03:00:00,SIN-Core-01,Environmental,Water Leakage,Low,5,155,Jennifer Coleman
INC-11933,2023-05-17 08:00:00,DXB-Core-01,Network,Router Failure,Low,8,344,Rebecca Medina
INC-11934,2023-05-02 13:00:00,MUM-Zone-A,Power,Generator Failure,Low,5,250,Douglas Lamb
INC-11935,2023-07-20 21:00:00,DXB-Edge-02,Network,Fiber Cut,Low,12,264,Jessica James
INC-11936,2023-02-26 13:00:00,SIN-Core-01,Network,Router Failure,Low,6,6,Pamela Fisher
INC-11937,2023-07-04 07:00:00,LHR-Core-02,Environmental,Temperature Spike,Low,8,72,Natalie James
INC-11938,2023-03-03 10:00:00,LHR-Core-02,Power,PDU Overload,Low,14,98,Grant Russell
INC-11939,2023-11-06 13:00:00,DXB-Core-01,Environmental,Temperature Spike,Medium,43,17974,Nathaniel Kirby
INC-11940,2023-12-15 15:00:00,DXB-Edge-02,Network,Switch Failure,Low,9,126,Donna Montgomery
INC-11941,2023-04-28 23:00:00,LHR-Core-02,Network,Router Failure,Low,5,140,Judy Alvarado MD
INC-11942,2023-10-11 08:00:00,SIN-Core-01,Network,Fiber Cut,Low,14,532,Kevin Reynolds
INC-11943,2023-12-14 13:00:00,MUM-Zone-A,Power,PDU Overload,Low,6,288,Kayla Wilson
INC-11944,2023-07-13 17:00:00,DXB-Core-01,Network,Switch Failure,Low,11,352,Toni Keller
INC-11945,2023-02-28 20:00:00,SIN-Core-01,Power,PDU Overload,High,92,63020,Matthew Foster
INC-11946,2023-10-21 19:00:00,FRA-Core-01,Environmental,Water Leakage,Low,11,495,Dr. Dwayne Fernandez
INC-11947,2023-05-25 23:00:00,LHR-Core-02,Power,Generator Failure,Low,7,280,Jennifer Meza
INC-11948,2023-04-01 13:00:00,DXB-Edge-02,Cooling,Chiller Failure,Low,13,104,Sue Molina
INC-11949,2023-11-15 16:00:00,MUM-Zone-A,Environmental,Water Leakage,Low,13,39,Rebecca Espinoza
INC-11950,2023-12-03 14:00:00,SIN-Core-01,Power,Generator Failure,Low,14,266,Heather Adams
INC-11951,2023-02-01 02:00:00,LHR-Core-02,Environmental,Water Leakage,Medium,21,2289,Jennifer Obrien
INC-11952,2023-02-06 15:00:00,MUM-Zone-A,Power,Generator Failure,Low,13,117,Scott Chen
INC-11953,2023-08-02 22:00:00,LHR-Core-02,Cooling,CRAC Failure,Low,12,180,Edward Osborne
INC-11954,2023-02-13 07:00:00,SIN-Core-01,Network,Fiber Cut,Low,14,462,Kristin Roberts
INC-11955,2023-01-31 12:00:00,LHR-Core-02,Network,Switch Failure,Low,7,280,Rachel Koch
INC-11956,2023-11-10 16:00:00,DXB-Edge-02,Cooling,CRAC Failure,Low,14,546,Chad Webb
INC-11957,2023-09-07 16:00:00,DXB-Core-01,Cooling,Cooling Pump Failure,Low,6,114,Kathleen Anderson
INC-11958,2023-07-04 05:00:00,DXB-Edge-02,Network,Router Failure,Low,13,169,Amy Evans
INC-11959,2023-11-06 00:00:00,FRA-Core-01,Environmental,Temperature Spike,Low,7,35,Phyllis Allen
INC-11960,2023-11-21 03:00:00,DXB-Core-01,Environmental,Water Leakage,High,178,176042,Danielle Hays
INC-11961,2023-10-18 05:00:00,DXB-Core-01,Environmental,Temperature Spike,Low,11,231,Brian Jennings
INC-11962,2023-01-13 14:00:00,MUM-Zone-A,Network,Router Failure,Medium,48,17952,Gregory Carpenter
INC-11963,2023-08-23 11:00:00,DXB-Core-01,Power,PDU Overload,Medium,58,11078,Michael Wright
INC-11964,2023-10-28 11:00:00,MUM-Zone-A,Environmental,Water Leakage,Low,17,476,Brandon Vargas
INC-11965,2023-07-20 21:00:00,DXB-Edge-02,Power,Generator Failure,High,175,139300,Sandra Pitts
INC-11966,2023-05-09 06:00:00,DXB-Edge-02,Network,Router Failure,Critical,466,1599778,Randy Gonzalez
INC-11967,2023-05-14 22:00:00,LHR-Core-02,Environmental,Temperature Spike,Low,9,279,Michele Vasquez
INC-11968,2023-10-01 20:00:00,FRA-Core-01,Cooling,Chiller Failure,Low,9,99,Curtis White
INC-11969,2023-11-25 21:00:00,MUM-Zone-A,Cooling,Chiller Failure,Low,10,280,Sabrina White
INC-11970,2023-09-28 22:00:00,SIN-Core-01,Network,Fiber Cut,Medium,23,4370,Robert Allen
INC-11971,2023-05-30 12:00:00,MUM-Zone-A,Network,Router Failure,Medium,40,4760,Calvin Fletcher
INC-11972,2023-05-18 01:00:00,FRA-Core-01,Cooling,CRAC Failure,Low,16,720,Christopher Johnson
INC-11973,2024-01-01 14:00:00,SIN-Core-01,Cooling,Cooling Pump Failure,Medium,59,17700,Michelle Hudson
INC-11974,2023-10-02 07:00:00,MUM-Zone-A,Cooling,Cooling Pump Failure,Critical,226,753484,Erin Jackson
INC-11975,2023-12-01 02:00:00,FRA-Core-01,Power,PDU Overload,Medium,57,9234,Erin Baker
INC-11976,2023-08-06 10:00:00,FRA-Core-01,Environmental,Temperature Spike,Low,17,391,Courtney Santana
INC-11977,2023-07-31 10:00:00,LHR-Core-02,Power,UPS Failure,Medium,29,8381,Joel Dominguez
INC-11978,2023-08-18 08:00:00,LHR-Core-02,Environmental,Water Leakage,Low,8,120,Sierra Parsons
INC-11979,2023-12-02 10:00:00,LHR-Core-02,Environmental,Temperature Spike,Low,12,276,Denise Watts
INC-11980,2023-11-06 04:00:00,DXB-Core-01,Environmental,Water Leakage,Medium,33,13662,Wesley Bridges
INC-11981,2023-02-26 00:00:00,MUM-Zone-A,Power,UPS Failure,High,143,100243,Chelsea Sanchez
INC-11982,2023-11-18 10:00:00,LHR-Core-02,Network,Router Failure,Medium,53,14363,Richard Anthony
INC-11983,2023-01-20 22:00:00,SIN-Core-01,Environmental,Temperature Spike,Low,9,423,Richard Barton
INC-11984,2023-04-25 16:00:00,LHR-Core-02,Environmental,Water Leakage,Low,18,576,Mr. Jeremy Johnson Jr.
INC-11985,2023-12-21 21:00:00,MUM-Zone-A,Power,UPS Failure,Low,12,456,Carol Turner DDS
INC-11986,2023-02-19 03:00:00,SIN-Core-01,Power,UPS Failure,Medium,53,22949,Jennifer Sanchez
INC-11987,2023-07-30 10:00:00,DXB-Core-01,Cooling,Cooling Pump Failure,Low,7,245,Michelle Saunders
INC-11988,2023-04-09 16:00:00,DXB-Edge-02,Power,Generator Failure,Low,16,640,Maria Miller
INC-11989,2023-08-05 01:00:00,DXB-Core-01,Cooling,Cooling Pump Failure,Low,11,143,Miguel Torres
INC-11990,2023-06-26 11:00:00,FRA-Core-01,Power,PDU Overload,Medium,44,11748,Wesley Jones
INC-11991,2023-07-07 14:00:00,MUM-Zone-A,Power,PDU Overload,Low,10,170,Ms. Jennifer White
INC-11992,2023-06-29 19:00:00,DXB-Edge-02,Environmental,Water Leakage,Low,9,306,Jonathan Austin
INC-11993,2023-10-22 16:00:00,LHR-Core-02,Cooling,CRAC Failure,Medium,25,11000,Kayla Smith
INC-11994,2023-01-31 20:00:00,SIN-Core-01,Network,Switch Failure,Medium,23,6210,Bradley Lopez
INC-11995,2023-08-20 04:00:00,MUM-Zone-A,Power,UPS Failure,Low,14,574,Nicole Klein
INC-11996,2023-03-15 08:00:00,MUM-Zone-A,Cooling,CRAC Failure,Low,14,294,Gregg Wright
INC-11997,2023-01-22 03:00:00,DXB-Edge-02,Cooling,CRAC Failure,Medium,28,13132,Gina Reynolds
INC-11998,2023-05-25 00:00:00,MUM-Zone-A,Environmental,Water Leakage,Critical,529,1612392,Andrew Guzman
INC-11999,2023-02-02 12:00:00,LHR-Core-02,Power,UPS Failure,Low,5,160,Stephen Hoffman
INC-12000,2023-03-27 12:00:00,DXB-Edge-02,Cooling,Cooling Pump Failure,High,80,60240,Daniel Davis
INC-12001,2023-08-24 14:00:00,LHR-Core-02,Network,Fiber Cut,Low,12,264,Melanie Ward
INC-12002,2023-05-06 22:00:00,LHR-Core-02,Cooling,Chiller Failure,Low,12,504,Patricia Cardenas
INC-12003,2023-04-27 01:00:00,MUM-Zone-A,Power,Generator Failure,Medium,35,12320,Erica Lawrence
INC-12004,2023-02-04 04:00:00,DXB-Edge-02,Power,UPS Failure,Medium,46,6118,Brandon Young
INC-12005,2023-05-31 07:00:00,SIN-Core-01,Environmental,Water Leakage,Low,7,238,Heather Murphy
INC-12006,2023-05-16 23:00:00,LHR-Core-02,Power,UPS Failure,Medium,42,13902,David Smith
INC-12007,2023-05-21 08:00:00,MUM-Zone-A,Power,UPS Failure,Low,19,646,Emily Cowan
INC-12008,2023-03-01 17:00:00,SIN-Core-01,Network,Router Failure,Low,13,468,Matthew Shelton
INC-12009,2023-11-15 10:00:00,MUM-Zone-A,Network,Switch Failure,Low,17,391,Andrew Carpenter
INC-12010,2023-07-07 10:00:00,DXB-Edge-02,Power,PDU Overload,Low,5,55,Jonathan Richardson
INC-12011,2023-11-06 06:00:00,FRA-Core-01,Environmental,Temperature Spike,Low,11,451,Amanda Casey
INC-12012,2023-12-06 08:00:00,LHR-Core-02,Cooling,CRAC Failure,Medium,47,11797,Kathryn Neal
INC-12013,2023-06-17 23:00:00,MUM-Zone-A,Power,Generator Failure,Low,8,320,Colleen Long
INC-12014,2023-03-15 18:00:00,SIN-Core-01,Power,UPS Failure,Medium,52,10816,Amy Brown
INC-12015,2023-04-11 06:00:00,FRA-Core-01,Environmental,Water Leakage,Low,8,256,Jason Brewer
INC-12016,2023-02-27 04:00:00,FRA-Core-01,Environmental,Temperature Spike,Low,6,96,Bonnie Maldonado
INC-12017,2023-10-18 01:00:00,MUM-Zone-A,Cooling,Chiller Failure,Low,8,392,Karen Medina
INC-12018,2023-05-30 07:00:00,SIN-Core-01,Power,UPS Failure,Low,7,252,Barbara Murillo
INC-12019,2023-06-14 16:00:00,LHR-Core-02,Cooling,Cooling Pump Failure,Medium,24,2904,Abigail Joseph
INC-12020,2023-05-22 19:00:00,DXB-Edge-02,Network,Switch Failure,Low,18,162,Rachel Robinson
INC-12021,2023-08-20 15:00:00,MUM-Zone-A,Environmental,Temperature Spike,Medium,34,14518,Nathan Chase
INC-12022,2023-12-10 06:00:00,SIN-Core-01,Environmental,Water Leakage,Low,15,345,Paul Davis
INC-12023,2023-04-20 03:00:00,DXB-Core-01,Cooling,Cooling Pump Failure,Low,10,480,Jose Casey
INC-12024,2023-02-04 07:00:00,SIN-Core-01,Power,UPS Failure,Low,19,95,Ms. Natalie Lin
INC-12025,2023-01-19 22:00:00,SIN-Core-01,Power,Generator Failure,Low,13,442,Tonya Patterson
INC-12026,2023-04-21 17:00:00,LHR-Core-02,Cooling,Cooling Pump Failure,Medium,51,19686,Diamond Roberts
INC-12027,2023-02-28 20:00:00,DXB-Core-01,Environmental,Temperature Spike,Low,18,234,Amy Wiggins
INC-12028,2023-07-28 11:00:00,DXB-Core-01,Power,Generator Failure,Low,8,168,Angelica Pittman
INC-12029,2023-01-11 12:00:00,DXB-Core-01,Cooling,Cooling Pump Failure,Low,16,160,William Spencer
INC-12030,2023-11-30 08:00:00,FRA-Core-01,Cooling,Cooling Pump Failure,Low,8,360,Roger Lee
INC-12031,2023-12-27 09:00:00,DXB-Core-01,Cooling,CRAC Failure,Medium,29,4872,Katherine Thompson
INC-12032,2023-11-02 16:00:00,DXB-Core-01,Network,Switch Failure,Low,15,435,Linda Bennett
INC-12033,2023-06-24 07:00:00,LHR-Core-02,Cooling,CRAC Failure,Low,9,333,Amanda Lyons
INC-12034,2024-01-01 12:00:00,MUM-Zone-A,Network,Router Failure,Critical,558,1393326,Jacob Foster
INC-12035,2023-01-23 16:00:00,DXB-Core-01,Power,Generator Failure,Low,13,520,Tim Schwartz
INC-12036,2023-05-11 09:00:00,LHR-Core-02,Network,Fiber Cut,Low,9,306,Rhonda Douglas
INC-12037,2023-06-27 14:00:00,MUM-Zone-A,Environmental,Water Leakage,Medium,36,14400,Heather Maldonado
INC-12038,2023-10-22 16:00:00,FRA-Core-01,Environmental,Temperature Spike,Low,8,56,Jennifer Bailey
INC-12039,2023-05-13 08:00:00,LHR-Core-02,Network,Router Failure,Low,19,437,Denise Hicks
INC-12040,2023-09-15 21:00:00,DXB-Edge-02,Cooling,CRAC Failure,High,109,72812,Calvin Ford
INC-12041,2023-06-12 13:00:00,DXB-Edge-02,Cooling,CRAC Failure,Low,19,266,Audrey Gardner
INC-12042,2023-09-29 07:00:00,FRA-Core-01,Environmental,Temperature Spike,Low,6,174,Jason Dyer
INC-12043,2023-12-17 23:00:00,DXB-Edge-02,Cooling,CRAC Failure,Medium,30,9570,Kent Jimenez
INC-12044,2023-11-24 04:00:00,DXB-Edge-02,Cooling,Chiller Failure,Medium,51,7191,Mark Fields
INC-12045,2023-04-29 10:00:00,SIN-Core-01,Network,Router Failure,Medium,42,5418,Antonio Reeves
INC-12046,2023-06-12 18:00:00,SIN-Core-01,Power,UPS Failure,Medium,45,13995,Paul Clark
INC-12047,2023-10-29 02:00:00,LHR-Core-02,Cooling,Chiller Failure,Medium,35,13685,Michael Mills
INC-12048,2023-12-10 15:00:00,DXB-Core-01,Cooling,Chiller Failure,Low,16,464,Andrew Randolph
INC-12049,2023-07-11 22:00:00,DXB-Core-01,Cooling,Cooling Pump Failure,Medium,43,11825,Tyler Phillips
INC-12050,2023-11-19 12:00:00,SIN-Core-01,Power,Generator Failure,Low,10,400,Christopher Martinez
INC-12051,2023-08-17 07:00:00,LHR-Core-02,Power,UPS Failure,High,133,95627,Robert Goodwin
INC-12052,2023-03-29 22:00:00,SIN-Core-01,Cooling,Chiller Failure,Medium,28,12180,Angela Parker
INC-12053,2023-04-23 22:00:00,LHR-Core-02,Cooling,Cooling Pump Failure,Medium,40,9520,Martin Simon
INC-12054,2023-08-25 12:00:00,LHR-Core-02,Cooling,CRAC Failure,Low,8,176,Glenn Martin
INC-12055,2023-05-24 11:00:00,MUM-Zone-A,Cooling,Chiller Failure,Medium,56,11704,Tasha Ferguson
INC-12056,2023-02-13 01:00:00,FRA-Core-01,Network,Router Failure,Low,13,572,Tina Stone
INC-12057,2023-07-22 15:00:00,DXB-Core-01,Cooling,Chiller Failure,Medium,54,11286,Ernest Ellis
INC-12058,2023-07-01 23:00:00,DXB-Core-01,Power,Generator Failure,Low,17,476,Amanda Young
INC-12059,2023-06-20 08:00:00,DXB-Edge-02,Power,UPS Failure,Low,6,288,Andrea Rios
INC-12060,2023-12-08 05:00:00,LHR-Core-02,Power,PDU Overload,Low,17,374,Melinda Sweeney
INC-12061,2023-03-21 08:00:00,DXB-Edge-02,Cooling,CRAC Failure,Low,6,258,Dr. Troy Carlson
INC-12062,2023-02-06 22:00:00,DXB-Core-01,Network,Fiber Cut,Medium,43,7697,Christina Parker
INC-12063,2023-01-05 22:00:00,FRA-Core-01,Environmental,Temperature Spike,Low,13,26,Andrew Price
INC-12064,2023-09-02 10:00:00,SIN-Core-01,Power,UPS Failure,Low,18,378,David Martin
INC-12065,2023-01-11 14:00:00,DXB-Edge-02,Network,Fiber Cut,Low,17,323,Bryce Turner
INC-12066,2023-01-06 15:00:00,LHR-Core-02,Power,PDU Overload,Medium,49,9359,Ellen Warren
INC-12067,2023-08-11 17:00:00,DXB-Core-01,Cooling,Cooling Pump Failure,Critical,535,1280790,Melissa Nguyen
INC-12068,2023-04-05 08:00:00,LHR-Core-02,Environmental,Water Leakage,Low,14,658,Jonathan Hernandez
INC-12069,2023-01-11 20:00:00,SIN-Core-01,Network,Router Failure,Low,17,357,Natalie Butler
INC-12070,2023-08-09 22:00:00,MUM-Zone-A,Environmental,Temperature Spike,Low,10,280,Carolyn Mcdaniel
INC-12071,2023-09-03 08:00:00,DXB-Edge-02,Cooling,Chiller Failure,Low,9,198,Veronica West
INC-12072,2023-12-15 00:00:00,DXB-Core-01,Network,Switch Failure,Low,13,572,Stephanie Russell
INC-12073,2023-02-21 16:00:00,DXB-Core-01,Cooling,Chiller Failure,Low,17,697,William Sheppard
INC-12074,2023-11-16 08:00:00,LHR-Core-02,Power,PDU Overload,Medium,46,9844,Joshua Benitez
INC-12075,2023-01-27 09:00:00,LHR-Core-02,Cooling,Chiller Failure,Low,9,333,Corey Ross
INC-12076,2023-07-12 02:00:00,LHR-Core-02,Cooling,Chiller Failure,Low,18,36,Darius Davenport
INC-12077,2023-08-24 04:00:00,FRA-Core-01,Power,Generator Failure,Low,10,400,Dylan Herrera
INC-12078,2023-05-18 15:00:00,SIN-Core-01,Network,Router Failure,Low,18,414,Austin Bell
INC-12079,2023-10-25 16:00:00,SIN-Core-01,Cooling,Cooling Pump Failure,Medium,35,11655,Andrea Buckley
INC-12080,2023-06-29 05:00:00,MUM-Zone-A,Network,Fiber Cut,Low,9,351,Bryan Howard
INC-12081,2023-10-23 10:00:00,FRA-Core-01,Power,UPS Failure,Medium,24,10152,Nicole Chavez
INC-12082,2023-06-06 14:00:00,FRA-Core-01,Cooling,Chiller Failure,Low,5,235,Gabriella Johnson
INC-12083,2023-02-09 03:00:00,MUM-Zone-A,Power,UPS Failure,Low,19,0,Michael Reed
INC-12084,2023-06-25 16:00:00,SIN-Core-01,Environmental,Temperature Spike,Low,9,432,Brian Thomas
INC-12085,2023-06-03 00:00:00,MUM-Zone-A,Power,PDU Overload,Low,6,120,Austin Deleon
INC-12086,2023-11-28 11:00:00,DXB-Core-01,Power,Generator Failure,Medium,45,11655,Jeffery Williams
INC-12087,2023-01-21 20:00:00,DXB-Edge-02,Power,PDU Overload,Low,6,114,Guy Oconnor
INC-12088,2023-04-07 20:00:00,LHR-Core-02,Network,Fiber Cut,Medium,31,4092,Michael Smith
INC-12089,2023-06-27 11:00:00,DXB-Edge-02,Network,Switch Failure,Low,12,540,Charles Simon
INC-12090,2023-06-29 18:00:00,SIN-Core-01,Power,UPS Failure,Medium,41,6929,Scott Gonzalez
INC-12091,2023-05-21 11:00:00,DXB-Edge-02,Environmental,Temperature Spike,Low,5,130,Sara Martinez
INC-12092,2023-04-02 16:00:00,SIN-Core-01,Power,Generator Failure,Medium,39,13104,Kathleen Hoover
INC-12093,2023-06-05 09:00:00,DXB-Core-01,Cooling,CRAC Failure,Critical,329,1290338,Ashley Waters
INC-12094,2023-08-02 18:00:00,LHR-Core-02,Power,Generator Failure,High,131,92617,Thomas Wagner
INC-12095,2023-05-07 10:00:00,FRA-Core-01,Network,Fiber Cut,Medium,31,9765,Gerald Barr
INC-12096,2023-02-12 10:00:00,MUM-Zone-A,Environmental,Temperature Spike,Low,17,102,Hayden Giles
INC-12097,2023-09-03 12:00:00,SIN-Core-01,Environmental,Temperature Spike,Low,9,117,Michael Johnson
INC-12098,2023-02-13 21:00:00,DXB-Core-01,Power,UPS Failure,Low,14,308,Carolyn Yoder
INC-12099,2023-08-03 19:00:00,LHR-Core-02,Network,Switch Failure,Low,16,608,Brandy Barker
INC-12100,2023-02-20 23:00:00,DXB-Edge-02,Power,Generator Failure,Low,7,28,Jacob Willis
INC-12101,2023-04-04 05:00:00,DXB-Core-01,Power,PDU Overload,Medium,52,5408,Daniel Kent
INC-12102,2023-02-18 05:00:00,DXB-Core-01,Cooling,Chiller Failure,Low,6,234,Mark Brown
INC-12103,2023-03-07 01:00:00,DXB-Edge-02,Environmental,Temperature Spike,Low,9,288,Leonard Ford
INC-12104,2023-01-24 00:00:00,SIN-Core-01,Environmental,Water Leakage,Low,15,0,Kimberly Sanders
INC-12105,2023-02-01 02:00:00,MUM-Zone-A,Network,Switch Failure,Medium,36,17136,Brandi Mcdonald
INC-12106,2023-02-28 19:00:00,LHR-Core-02,Power,PDU Overload,Low,8,296,April Henderson
INC-12107,2023-04-17 05:00:00,SIN-Core-01,Cooling,Cooling Pump Failure,High,129,73788,Amanda Shaffer
INC-12108,2023-07-19 21:00:00,DXB-Edge-02,Network,Fiber Cut,Medium,55,17050,Kevin Wilkerson
INC-12109,2023-07-18 12:00:00,FRA-Core-01,Network,Router Failure,Low,18,288,Nicole Martin
INC-12110,2023-09-18 03:00:00,LHR-Core-02,Cooling,CRAC Failure,Low,9,171,Christopher Stone
INC-12111,2023-04-28 06:00:00,DXB-Core-01,Network,Fiber Cut,Low,11,264,Joseph Singh
INC-12112,2023-06-10 22:00:00,LHR-Core-02,Cooling,Cooling Pump Failure,Low,12,204,Sarah Williams
INC-12113,2024-01-01 07:00:00,FRA-Core-01,Power,PDU Overload,Low,10,310,Jessica Khan
INC-12114,2023-02-27 08:00:00,DXB-Edge-02,Environmental,Temperature Spike,Low,13,182,Jacob Roberts
INC-12115,2023-03-15 10:00:00,SIN-Core-01,Power,UPS Failure,Low,12,348,Ashley Estrada
INC-12116,2023-01-29 07:00:00,DXB-Core-01,Cooling,Cooling Pump Failure,Medium,39,16146,Kelly Marks
INC-12117,2023-09-16 16:00:00,DXB-Core-01,Network,Fiber Cut,Low,8,112,Melissa Butler
INC-12118,2023-07-08 10:00:00,DXB-Core-01,Cooling,Chiller Failure,Low,10,500,Gerald Hamilton
INC-12119,2023-07-13 18:00:00,FRA-Core-01,Power,UPS Failure,Low,10,30,David Davis
INC-12120,2023-04-29 20:00:00,DXB-Edge-02,Environmental,Water Leakage,Medium,36,5724,Isabel Barry
INC-12121,2023-01-30 06:00:00,SIN-Core-01,Cooling,Chiller Failure,Low,18,18,Amy Tate
INC-12122,2023-12-14 00:00:00,DXB-Edge-02,Environmental,Water Leakage,Low,9,0,Lucas Davis
INC-12123,2023-04-19 08:00:00,FRA-Core-01,Power,UPS Failure,Medium,39,18252,Jay Lopez
INC-12124,2023-04-06 05:00:00,LHR-Core-02,Environmental,Temperature Spike,Medium,53,23532,Robert Torres
INC-12125,2023-08-02 12:00:00,DXB-Edge-02,Cooling,CRAC Failure,Low,6,216,Alec Grant
INC-12126,2023-10-31 03:00:00,DXB-Edge-02,Environmental,Temperature Spike,Medium,32,6720,Stephen Barton
INC-12127,2023-02-25 14:00:00,DXB-Edge-02,Power,PDU Overload,Low,9,153,Jessica Barnes
INC-12128,2023-07-05 04:00:00,DXB-Core-01,Network,Switch Failure,Low,14,588,Brian Bautista
INC-12129,2023-05-30 17:00:00,DXB-Core-01,Environmental,Water Leakage,Low,9,189,Nancy Brennan
INC-12130,2023-08-31 19:00:00,MUM-Zone-A,Network,Fiber Cut,Medium,47,19928,Colleen Mendoza
INC-12131,2023-04-22 20:00:00,MUM-Zone-A,Cooling,Cooling Pump Failure,Low,16,768,Kayla Rich
INC-12132,2023-05-08 14:00:00,DXB-Core-01,Cooling,CRAC Failure,Low,9,450,Alicia Smith
INC-12133,2023-11-16 01:00:00,LHR-Core-02,Power,UPS Failure,Low,15,495,Scott Stephens
INC-12134,2023-10-24 01:00:00,MUM-Zone-A,Network,Switch Failure,Medium,45,7020,Angela Moore
INC-12135,2023-12-30 15:00:00,LHR-Core-02,Environmental,Water Leakage,Low,19,931,Jeremy Rodriguez
INC-12136,2023-12-06 13:00:00,LHR-Core-02,Cooling,Chiller Failure,High,119,100793,Jennifer Carter
INC-12137,2023-03-23 18:00:00,DXB-Core-01,Environmental,Water Leakage,Medium,50,12700,Paul Morales
INC-12138,2023-07-18 04:00:00,DXB-Edge-02,Environmental,Temperature Spike,Low,15,15,Terry Sims
INC-12139,2023-05-13 10:00:00,MUM-Zone-A,Power,Generator Failure,Medium,40,11440,Victoria Schwartz
INC-12140,2023-07-21 01:00:00,DXB-Edge-02,Network,Switch Failure,Medium,25,5250,Richard Harper
INC-12141,2023-03-20 17:00:00,MUM-Zone-A,Environmental,Temperature Spike,High,137,103161,Cynthia Schroeder
INC-12142,2023-09-01 04:00:00,DXB-Edge-02,Network,Switch Failure,Low,14,392,Michael Long
INC-12143,2023-11-12 03:00:00,MUM-Zone-A,Environmental,Water Leakage,Low,6,6,Ian Parker
INC-12144,2023-10-24 11:00:00,FRA-Core-01,Power,UPS Failure,Medium,56,23856,Alexander Sullivan
INC-12145,2023-04-19 17:00:00,LHR-Core-02,Power,UPS Failure,Low,18,252,Cathy Ferguson
INC-12146,2023-10-25 04:00:00,DXB-Core-01,Power,UPS Failure,Low,7,77,Benjamin Smith
INC-12147,2023-03-10 11:00:00,FRA-Core-01,Power,Generator Failure,Low,10,50,Brian Villa
INC-12148,2023-12-23 04:00:00,DXB-Core-01,Environmental,Temperature Spike,Low,19,646,Darrell Maldonado
INC-12149,2023-05-20 14:00:00,MUM-Zone-A,Environmental,Water Leakage,Low,8,56,Raymond Watson
INC-12150,2023-12-22 08:00:00,MUM-Zone-A,Network,Fiber Cut,Low,11,242,Amy White
INC-12151,2023-06-06 23:00:00,FRA-Core-01,Cooling,Chiller Failure,Low,11,363,Nathaniel Baker
INC-12152,2023-06-10 12:00:00,MUM-Zone-A,Cooling,Chiller Failure,Low,5,160,Brianna Mahoney
INC-12153,2023-09-21 13:00:00,MUM-Zone-A,Network,Switch Failure,Low,6,276,Rachel Mendoza
INC-12154,2023-10-21 05:00:00,FRA-Core-01,Cooling,Chiller Failure,Low,16,304,Katherine Wallace
INC-12155,2023-11-21 14:00:00,DXB-Core-01,Cooling,Chiller Failure,Low,13,143,Phillip Rush
INC-12156,2023-10-08 10:00:00,FRA-Core-01,Network,Fiber Cut,Medium,46,8280,Daniel Davis PhD
INC-12157,2023-12-30 21:00:00,DXB-Edge-02,Cooling,Cooling Pump Failure,Low,14,336,Kathleen Bradford
INC-12158,2023-09-05 21:00:00,FRA-Core-01,Network,Fiber Cut,Low,6,276,Mary Sherman
INC-12159,2023-08-09 17:00:00,DXB-Edge-02,Network,Fiber Cut,Low,9,432,Ryan Mayo
INC-12160,2023-01-27 17:00:00,FRA-Core-01,Power,PDU Overload,Medium,31,13795,Luis Chapman
INC-12161,2023-07-03 20:00:00,FRA-Core-01,Power,PDU Overload,Low,15,420,Mark Beck
INC-12162,2023-02-26 16:00:00,DXB-Edge-02,Power,PDU Overload,Low,11,539,John Smith
INC-12163,2023-02-04 14:00:00,FRA-Core-01,Environmental,Water Leakage,Low,9,99,Philip Christensen
INC-12164,2023-08-15 09:00:00,LHR-Core-02,Environmental,Temperature Spike,Low,9,135,Sonya Kim
INC-12165,2023-10-14 07:00:00,DXB-Core-01,Environmental,Temperature Spike,Medium,33,14949,Alexis Payne
INC-12166,2023-05-05 00:00:00,FRA-Core-01,Network,Switch Failure,Medium,59,17995,Tiffany Miller
INC-12167,2023-04-12 13:00:00,FRA-Core-01,Network,Router Failure,Low,11,66,Alicia Hall
INC-12168,2023-08-03 13:00:00,FRA-Core-01,Network,Fiber Cut,Low,8,200,Jennifer Aguirre
INC-12169,2023-11-30 12:00:00,FRA-Core-01,Environmental,Temperature Spike,Low,6,264,Mikayla Ramos
INC-12170,2023-11-26 14:00:00,MUM-Zone-A,Network,Router Failure,Low,9,414,Christine Hudson
INC-12171,2023-07-26 16:00:00,DXB-Core-01,Power,Generator Failure,Medium,29,13978,Martin Young
INC-12172,2023-07-09 02:00:00,SIN-Core-01,Cooling,CRAC Failure,Medium,47,9353,Megan Vasquez
INC-12173,2023-02-25 04:00:00,DXB-Core-01,Network,Router Failure,Low,10,170,William Little
INC-12174,2023-09-24 12:00:00,MUM-Zone-A,Power,UPS Failure,Medium,42,5712,Charles Morris
INC-12175,2023-07-22 13:00:00,DXB-Core-01,Network,Fiber Cut,Low,18,54,David Rivera
INC-12176,2023-08-01 12:00:00,DXB-Edge-02,Power,UPS Failure,Low,15,555,Alicia Murphy
INC-12177,2023-05-09 06:00:00,DXB-Edge-02,Environmental,Temperature Spike,Low,8,72,Jessica Martinez
INC-12178,2023-08-03 05:00:00,FRA-Core-01,Network,Switch Failure,Medium,33,4224,Mrs. Brandi Luna
INC-12179,2023-08-12 19:00:00,FRA-Core-01,Network,Fiber Cut,High,70,56840,Amanda Thomas
INC-12180,2023-09-27 04:00:00,LHR-Core-02,Power,Generator Failure,Low,18,594,Justin Martin
INC-12181,2023-09-14 16:00:00,DXB-Edge-02,Network,Router Failure,Medium,37,10286,Christopher Li
INC-12182,2023-02-11 10:00:00,DXB-Edge-02,Power,PDU Overload,High,157,83995,Emily Arellano
INC-12183,2023-08-26 11:00:00,LHR-Core-02,Environmental,Temperature Spike,Medium,40,9640,Lacey Yates
INC-12184,2023-08-02 13:00:00,MUM-Zone-A,Environmental,Water Leakage,Low,11,242,James Smith
INC-12185,2023-09-21 23:00:00,MUM-Zone-A,Power,Generator Failure,High,113,75258,John Oneal
INC-12186,2023-12-11 08:00:00,FRA-Core-01,Power,Generator Failure,High,93,46593,Jodi Johnson
INC-12187,2023-05-16 16:00:00,FRA-Core-01,Power,UPS Failure,Low,18,90,Eric Powell
INC-12188,2023-10-11 20:00:00,SIN-Core-01,Network,Fiber Cut,Low,10,440,Jermaine Garrison
INC-12189,2023-07-09 19:00:00,DXB-Edge-02,Environmental,Temperature Spike,Low,8,16,John Gay
INC-12190,2023-08-22 22:00:00,DXB-Core-01,Cooling,Chiller Failure,Critical,496,1590672,Kevin Anderson
INC-12191,2023-05-26 14:00:00,DXB-Core-01,Network,Router Failure,Low,12,216,Amber Flores
INC-12192,2023-06-06 01:00:00,FRA-Core-01,Network,Router Failure,Low,7,245,Jacqueline Lopez
INC-12193,2023-06-16 11:00:00,SIN-Core-01,Environmental,Water Leakage,Medium,49,11221,Elizabeth Harper
INC-12194,2023-05-21 19:00:00,DXB-Core-01,Network,Fiber Cut,Medium,38,16036,Mrs. Shelia Gonzalez
INC-12195,2023-04-15 12:00:00,DXB-Core-01,Power,PDU Overload,Low,12,84,Kathleen Poole
INC-12196,2023-09-04 18:00:00,FRA-Core-01,Cooling,Chiller Failure,Low,18,504,Christine Jones
INC-12197,2023-02-10 02:00:00,DXB-Edge-02,Environmental,Temperature Spike,Low,16,112,Haley Norton
INC-12198,2023-10-06 15:00:00,FRA-Core-01,Power,PDU Overload,Low,14,196,Diane Dyer
INC-12199,2023-07-11 21:00:00,DXB-Edge-02,Cooling,Cooling Pump Failure,Low,17,136,Laura Phelps
INC-12200,2023-05-03 06:00:00,DXB-Core-01,Power,PDU Overload,Low,9,396,Tyler Carter
INC-12201,2023-07-05 16:00:00,SIN-Core-01,Network,Router Failure,Low,12,48,Heather Kelly MD
INC-12202,2023-06-12 23:00:00,DXB-Core-01,Environmental,Water Leakage,Critical,499,2118255,Charles Arellano
INC-12203,2023-05-15 16:00:00,MUM-Zone-A,Network,Switch Failure,Medium,45,12330,Aaron Smith
INC-12204,2023-04-14 02:00:00,MUM-Zone-A,Cooling,CRAC Failure,Low,15,555,Gina Beck
INC-12205,2023-05-01 21:00:00,SIN-Core-01,Environmental,Water Leakage,Low,18,792,Cynthia Fields
INC-12206,2023-12-12 01:00:00,SIN-Core-01,Power,UPS Failure,Low,16,304,Melinda Perez
INC-12207,2023-01-13 20:00:00,MUM-Zone-A,Power,UPS Failure,Medium,36,5508,Jaime Christensen
INC-12208,2023-11-19 14:00:00,LHR-Core-02,Cooling,Cooling Pump Failure,Low,18,360,Cheryl Goodman
INC-12209,2023-04-11 04:00:00,SIN-Core-01,Network,Switch Failure,High,68,46648,Danielle Davis
INC-12210,2023-07-28 05:00:00,LHR-Core-02,Power,Generator Failure,Low,10,440,Gary Francis
INC-12211,2023-03-17 08:00:00,SIN-Core-01,Cooling,Cooling Pump Failure,Medium,39,19383,Misty Trujillo
INC-12212,2023-09-25 23:00:00,SIN-Core-01,Environmental,Temperature Spike,High,139,96744,Cynthia Gill
INC-12213,2023-04-07 06:00:00,DXB-Edge-02,Power,PDU Overload,Low,11,55,Johnny Weaver
INC-12214,2023-09-28 03:00:00,DXB-Edge-02,Power,Generator Failure,Medium,48,23904,Brian Marshall
INC-12215,2023-08-19 19:00:00,MUM-Zone-A,Cooling,Cooling Pump Failure,Medium,35,7070,Phillip Reilly
INC-12216,2023-06-28 16:00:00,SIN-Core-01,Network,Router Failure,Low,14,154,John Copeland
INC-12217,2023-09-12 16:00:00,DXB-Edge-02,Cooling,Chiller Failure,Medium,47,7285,Tiffany Moore
INC-12218,2023-03-28 14:00:00,FRA-Core-01,Cooling,CRAC Failure,High,82,43460,Robert Cunningham
INC-12219,2023-08-02 02:00:00,SIN-Core-01,Network,Switch Failure,High,130,108160,Brittany Bond
INC-12220,2023-10-15 03:00:00,DXB-Edge-02,Network,Fiber Cut,Low,17,442,Stephen Ford
INC-12221,2023-10-12 18:00:00,LHR-Core-02,Environmental,Water Leakage,Low,12,384,Scott Copeland
INC-12222,2023-12-27 04:00:00,LHR-Core-02,Network,Switch Failure,Medium,31,5270,Crystal Christian
INC-12223,2023-09-21 05:00:00,FRA-Core-01,Cooling,Chiller Failure,Low,10,350,Dana Mann
INC-12224,2023-02-20 08:00:00,MUM-Zone-A,Network,Fiber Cut,Low,19,133,Jesse Young
INC-12225,2023-06-21 03:00:00,LHR-Core-02,Environmental,Temperature Spike,Low,15,75,Jessica Valencia
INC-12226,2023-12-24 23:00:00,DXB-Edge-02,Power,PDU Overload,Medium,51,13158,Jessica Martinez
INC-12227,2023-09-14 21:00:00,FRA-Core-01,Network,Switch Failure,Low,19,589,Adam Gilbert
INC-12228,2023-10-21 21:00:00,FRA-Core-01,Network,Switch Failure,High,77,68761,Shane Grant
INC-12229,2023-07-11 03:00:00,MUM-Zone-A,Environmental,Temperature Spike,Medium,31,4495,Daniel Bean
INC-12230,2023-07-08 03:00:00,LHR-Core-02,Power,Generator Failure,Medium,48,16656,Harold Hernandez
INC-12231,2023-11-15 08:00:00,MUM-Zone-A,Cooling,Chiller Failure,Low,18,684,Tracie Fox
INC-12232,2023-02-03 23:00:00,FRA-Core-01,Network,Fiber Cut,Low,16,480,Daniel King
INC-12233,2023-07-24 23:00:00,LHR-Core-02,Cooling,Chiller Failure,Low,5,85,Emily Kane
INC-12234,2023-03-31 22:00:00,DXB-Edge-02,Power,Generator Failure,Medium,39,10920,Michael Hall
INC-12235,2023-09-23 12:00:00,DXB-Edge-02,Cooling,CRAC Failure,Medium,58,23548,Mark Stanley
INC-12236,2023-03-20 13:00:00,FRA-Core-01,Power,Generator Failure,Low,17,374,Robin Williams
INC-12237,2023-11-29 00:00:00,DXB-Edge-02,Environmental,Water Leakage,Low,19,437,Maria Ochoa
INC-12238,2023-08-14 10:00:00,DXB-Core-01,Power,UPS Failure,Low,13,247,Christopher Holmes
INC-12239,2023-08-26 19:00:00,FRA-Core-01,Environmental,Temperature Spike,High,86,54438,Robin Anderson
INC-12240,2023-11-26 14:00:00,FRA-Core-01,Network,Fiber Cut,Low,16,416,Scott Jones
INC-12241,2023-01-28 05:00:00,LHR-Core-02,Environmental,Temperature Spike,Low,17,425,Marc Garcia
INC-12242,2023-12-08 11:00:00,SIN-Core-01,Power,UPS Failure,Critical,226,1043442,Keith Martin
INC-12243,2023-11-15 07:00:00,DXB-Edge-02,Power,UPS Failure,Medium,30,14160,Brandon Sullivan
INC-12244,2023-11-03 13:00:00,LHR-Core-02,Cooling,Chiller Failure,Medium,59,9853,Joseph Hampton
INC-12245,2023-12-06 06:00:00,FRA-Core-01,Network,Router Failure,Low,17,0,Michael Zimmerman
INC-12246,2023-06-30 22:00:00,SIN-Core-01,Environmental,Water Leakage,Low,16,384,Mark Morris
INC-12247,2023-01-05 09:00:00,SIN-Core-01,Network,Fiber Cut,Medium,27,8019,Alexandra Keller
INC-12248,2023-10-11 19:00:00,FRA-Core-01,Network,Switch Failure,Low,19,855,Susan Wilson
INC-12249,2023-09-17 20:00:00,DXB-Core-01,Network,Router Failure,Critical,336,1230432,Olivia Baker
INC-12250,2023-07-21 19:00:00,DXB-Edge-02,Environmental,Water Leakage,Low,12,420,Daniel Sharp
INC-12251,2023-04-15 21:00:00,FRA-Core-01,Power,Generator Failure,Low,9,288,Jacob Campbell
INC-12252,2023-03-30 15:00:00,FRA-Core-01,Cooling,CRAC Failure,High,146,125414,Paul Patterson III
INC-12253,2023-02-01 10:00:00,MUM-Zone-A,Network,Fiber Cut,Low,8,144,Valerie Hayes
INC-12254,2023-10-19 08:00:00,MUM-Zone-A,Power,UPS Failure,Low,5,215,Jennifer Scott
INC-12255,2023-11-21 12:00:00,FRA-Core-01,Cooling,Chiller Failure,Medium,20,2400,Megan Hester
INC-12256,2023-07-25 21:00:00,MUM-Zone-A,Environmental,Water Leakage,Medium,33,11583,Kathleen Briggs
INC-12257,2023-06-10 20:00:00,DXB-Edge-02,Power,UPS Failure,Low,7,350,Nicole Green
INC-12258,2023-05-31 23:00:00,SIN-Core-01,Network,Fiber Cut,Low,10,240,Andrea Daugherty
INC-12259,2023-03-13 07:00:00,DXB-Core-01,Environmental,Water Leakage,High,100,75400,Stacey Long
INC-12260,2023-10-06 15:00:00,SIN-Core-01,Power,PDU Overload,Low,11,462,Olivia Martinez
INC-12261,2023-10-30 01:00:00,DXB-Core-01,Power,UPS Failure,Medium,38,10716,Joseph Harris
INC-12262,2023-06-02 17:00:00,SIN-Core-01,Power,PDU Overload,Low,6,84,Daniel Diaz
INC-12263,2023-09-25 13:00:00,MUM-Zone-A,Power,UPS Failure,Low,19,475,Phillip Smith
INC-12264,2023-09-25 14:00:00,MUM-Zone-A,Environmental,Temperature Spike,Low,15,255,Jeffrey Short
INC-12265,2023-11-13 20:00:00,DXB-Edge-02,Environmental,Water Leakage,Low,6,126,Mrs. Christine Wang
INC-12266,2023-06-09 13:00:00,DXB-Core-01,Environmental,Water Leakage,High,168,162960,Richard Ford
INC-12267,2023-11-28 00:00:00,DXB-Edge-02,Power,PDU Overload,Low,12,312,Frederick Murray
INC-12268,2023-02-27 12:00:00,SIN-Core-01,Environmental,Water Leakage,Low,13,143,Mark Maynard
INC-12269,2023-02-18 22:00:00,FRA-Core-01,Cooling,Cooling Pump Failure,Low,10,490,Ann Frye DDS
INC-12270,2023-08-28 04:00:00,DXB-Edge-02,Power,UPS Failure,Low,11,473,Michael Prince
INC-12271,2023-11-05 07:00:00,MUM-Zone-A,Network,Fiber Cut,Low,19,133,Joseph Carter Jr.
INC-12272,2023-10-11 00:00:00,LHR-Core-02,Power,PDU Overload,Medium,45,9990,James Clark
INC-12273,2023-10-25 12:00:00,LHR-Core-02,Power,UPS Failure,Medium,37,8103,Kelli Nelson
INC-12274,2023-11-19 20:00:00,DXB-Edge-02,Environmental,Temperature Spike,High,114,102942,Heidi Blanchard
INC-12275,2023-01-07 11:00:00,DXB-Edge-02,Cooling,CRAC Failure,Critical,518,2443406,Deborah Rogers
INC-12276,2023-11-27 08:00:00,MUM-Zone-A,Network,Router Failure,Low,13,156,Adam King
INC-12277,2023-07-09 07:00:00,SIN-Core-01,Environmental,Water Leakage,Low,13,13,Valerie Singh
INC-12278,2023-07-01 07:00:00,DXB-Edge-02,Cooling,CRAC Failure,High,167,163660,Tracy Swanson
INC-12279,2023-12-12 07:00:00,LHR-Core-02,Cooling,CRAC Failure,Medium,20,6360,Steven Wheeler
INC-12280,2023-04-05 13:00:00,MUM-Zone-A,Power,Generator Failure,Medium,34,7072,Megan Garrett MD
INC-12281,2023-02-11 10:00:00,LHR-Core-02,Network,Fiber Cut,Low,7,154,Robin Franklin
INC-12282,2023-02-18 11:00:00,SIN-Core-01,Network,Router Failure,Low,10,220,Dr. Jacob Mccarthy
INC-12283,2023-06-11 23:00:00,DXB-Core-01,Environmental,Temperature Spike,Low,9,72,Alyssa Diaz
INC-12284,2023-04-02 08:00:00,FRA-Core-01,Network,Fiber Cut,Medium,32,5568,David Graham
INC-12285,2023-05-29 12:00:00,DXB-Core-01,Power,UPS Failure,Medium,27,3699,Sarah Lewis
INC-12286,2023-09-03 13:00:00,DXB-Core-01,Power,Generator Failure,Low,8,168,David Mcclain
INC-12287,2023-06-08 16:00:00,DXB-Core-01,Environmental,Water Leakage,Low,6,180,Kristina Perkins
INC-12288,2023-03-04 07:00:00,DXB-Core-01,Network,Switch Failure,Low,13,546,Bradley Moreno
INC-12289,2023-07-14 01:00:00,SIN-Core-01,Cooling,Chiller Failure,Medium,32,8448,Keith West
INC-12290,2023-09-16 01:00:00,LHR-Core-02,Environmental,Temperature Spike,Low,17,476,Eric Wallace
INC-12291,2023-03-25 19:00:00,DXB-Core-01,Cooling,Cooling Pump Failure,High,151,144960,David Hamilton
INC-12292,2023-05-21 10:00:00,FRA-Core-01,Power,PDU Overload,Low,18,252,Ricardo Riggs
INC-12293,2023-07-24 20:00:00,DXB-Core-01,Network,Fiber Cut,Medium,26,11570,Lisa Jackson
INC-12294,2023-06-14 20:00:00,MUM-Zone-A,Environmental,Water Leakage,Low,9,369,Debra Lee
INC-12295,2023-11-12 02:00:00,LHR-Core-02,Network,Fiber Cut,Low,14,70,Sabrina Rowe
INC-12296,2023-06-06 21:00:00,MUM-Zone-A,Cooling,Cooling Pump Failure,Low,15,645,Michael Page
INC-12297,2023-12-16 04:00:00,LHR-Core-02,Power,UPS Failure,Low,18,558,Amber Harris
INC-12298,2023-06-19 14:00:00,DXB-Edge-02,Network,Fiber Cut,Low,13,650,Katie Roberts
INC-12299,2023-06-11 19:00:00,DXB-Edge-02,Environmental,Temperature Spike,Medium,37,4921,Kerry Graham
INC-12300,2023-10-19 02:00:00,LHR-Core-02,Cooling,Chiller Failure,Critical,463,1126479,William Cisneros
INC-12301,2023-08-24 16:00:00,DXB-Core-01,Environmental,Temperature Spike,Low,9,27,Richard Taylor
INC-12302,2023-12-27 20:00:00,FRA-Core-01,Power,PDU Overload,High,164,114472,Lori Cruz
INC-12303,2023-01-21 23:00:00,SIN-Core-01,Cooling,CRAC Failure,Low,5,50,Tonya Horton
INC-12304,2023-07-04 10:00:00,FRA-Core-01,Power,Generator Failure,Low,17,51,Steven White
INC-12305,2023-12-26 13:00:00,LHR-Core-02,Cooling,CRAC Failure,Low,18,468,Jennifer Douglas
INC-12306,2023-05-03 05:00:00,DXB-Edge-02,Network,Router Failure,Low,15,720,Vanessa Rogers
INC-12307,2023-12-11 08:00:00,DXB-Edge-02,Network,Fiber Cut,Low,19,57,Rebecca Wallace
INC-12308,2023-08-11 22:00:00,SIN-Core-01,Cooling,Cooling Pump Failure,Low,7,119,Cory Lang
INC-12309,2023-03-11 13:00:00,MUM-Zone-A,Network,Switch Failure,Low,14,140,Amanda Johnson
INC-12310,2023-02-03 06:00:00,MUM-Zone-A,Environmental,Temperature Spike,Medium,59,16815,Nicholas Erickson
INC-12311,2023-03-18 04:00:00,DXB-Core-01,Network,Fiber Cut,Low,5,75,Jeanette Baker
INC-12312,2023-08-24 18:00:00,DXB-Core-01,Environmental,Temperature Spike,Low,5,40,Natalie Rich
INC-12313,2023-01-11 10:00:00,LHR-Core-02,Cooling,Chiller Failure,High,145,82070,Brandon Berg
INC-12314,2023-12-11 13:00:00,LHR-Core-02,Cooling,CRAC Failure,Critical,202,427028,Rachel Pittman
INC-12315,2023-01-01 15:00:00,FRA-Core-01,Environmental,Water Leakage,Low,12,528,Kelly Campbell
INC-12316,2023-09-28 01:00:00,MUM-Zone-A,Cooling,Cooling Pump Failure,Low,5,50,Lauren Mercado
INC-12317,2023-09-02 21:00:00,SIN-Core-01,Environmental,Temperature Spike,Low,6,132,David Stevenson
INC-12318,2023-08-19 18:00:00,MUM-Zone-A,Network,Router Failure,Medium,58,20822,Stacey Gutierrez
INC-12319,2023-01-02 12:00:00,LHR-Core-02,Power,PDU Overload,Medium,52,5304,Duane Williams
INC-12320,2023-04-03 19:00:00,MUM-Zone-A,Environmental,Temperature Spike,Low,8,88,Stacey Vega
INC-12321,2023-03-20 23:00:00,LHR-Core-02,Cooling,CRAC Failure,Low,19,76,Alexis Rodgers
INC-12322,2023-04-06 04:00:00,DXB-Edge-02,Power,Generator Failure,Low,8,192,Nicole Guzman
INC-12323,2023-06-11 17:00:00,SIN-Core-01,Cooling,Cooling Pump Failure,Low,18,414,Ryan Gross
INC-12324,2023-11-15 11:00:00,LHR-Core-02,Power,PDU Overload,Medium,31,15314,Kenneth Wyatt
INC-12325,2023-02-16 11:00:00,DXB-Edge-02,Cooling,CRAC Failure,Medium,20,3820,Alexander Black
INC-12326,2023-11-25 23:00:00,FRA-Core-01,Cooling,Chiller Failure,Low,7,336,Emily Fields
INC-12327,2023-01-01 12:00:00,MUM-Zone-A,Power,UPS Failure,High,102,65382,David Murray
INC-12328,2023-01-06 12:00:00,LHR-Core-02,Network,Fiber Cut,Medium,57,8322,Nicole Mueller
INC-12329,2023-05-23 01:00:00,LHR-Core-02,Cooling,Chiller Failure,Medium,41,19147,Diane Morrow
INC-12330,2023-01-14 20:00:00,DXB-Edge-02,Cooling,Chiller Failure,Low,10,230,Isaac Norman
INC-12331,2023-10-31 11:00:00,DXB-Core-01,Network,Router Failure,Medium,57,23769,Steven Fuentes
INC-12332,2023-04-14 08:00:00,LHR-Core-02,Environmental,Temperature Spike,Low,10,310,George Martin
INC-12333,2023-01-02 03:00:00,SIN-Core-01,Power,PDU Overload,Medium,46,10396,Amanda Mcclure
INC-12334,2023-09-10 14:00:00,DXB-Edge-02,Network,Fiber Cut,Medium,27,10179,James Patrick
INC-12335,2023-12-24 09:00:00,SIN-Core-01,Environmental,Temperature Spike,Low,19,912,Amanda Wright
INC-12336,2023-09-03 19:00:00,DXB-Core-01,Cooling,CRAC Failure,Low,16,272,Erik Nolan
INC-12337,2023-03-16 01:00:00,LHR-Core-02,Network,Fiber Cut,High,114,73986,Julia Carney
INC-12338,2023-04-05 11:00:00,LHR-Core-02,Network,Router Failure,Critical,476,872032,Kendra Walker
INC-12339,2023-08-30 11:00:00,FRA-Core-01,Network,Router Failure,Critical,229,477236,Michele Stewart
INC-12340,2023-01-20 22:00:00,MUM-Zone-A,Cooling,Chiller Failure,High,132,109560,John Khan
INC-12341,2023-01-28 10:00:00,LHR-Core-02,Power,PDU Overload,Low,16,48,Kathy Williams
INC-12342,2023-12-31 06:00:00,DXB-Edge-02,Power,PDU Overload,Low,19,228,Wendy Rodriguez
INC-12343,2023-03-06 23:00:00,FRA-Core-01,Environmental,Water Leakage,High,60,33240,Renee Meyer
INC-12344,2023-05-02 00:00:00,MUM-Zone-A,Power,UPS Failure,Low,5,215,Edward Roman
INC-12345,2023-01-31 01:00:00,LHR-Core-02,Network,Router Failure,Medium,28,10192,Amy Adams
INC-12346,2023-03-25 09:00:00,MUM-Zone-A,Power,Generator Failure,Medium,50,19300,Timothy Ayala
INC-12347,2023-05-26 01:00:00,MUM-Zone-A,Environmental,Temperature Spike,Low,17,374,Claudia Jones
INC-12348,2023-02-08 05:00:00,FRA-Core-01,Environmental,Water Leakage,Low,8,16,Suzanne Vazquez
INC-12349,2023-10-02 15:00:00,LHR-Core-02,Environmental,Water Leakage,Low,5,125,Chloe Russell
INC-12350,2023-08-21 23:00:00,FRA-Core-01,Environmental,Temperature Spike,Medium,26,7956,Brian Burton
INC-12351,2023-07-26 22:00:00,LHR-Core-02,Network,Router Failure,Low,14,350,Thomas Taylor
INC-12352,2023-05-19 17:00:00,FRA-Core-01,Network,Router Failure,High,89,61499,Andrea Watson
INC-12353,2023-06-01 02:00:00,FRA-Core-01,Environmental,Water Leakage,Low,6,294,Joshua Rhodes
INC-12354,2023-09-28 16:00:00,DXB-Edge-02,Cooling,Cooling Pump Failure,Medium,41,9348,Jason Kerr
INC-12355,2023-02-28 21:00:00,DXB-Core-01,Cooling,CRAC Failure,Low,8,248,Samantha Burton
INC-12356,2023-05-19 22:00:00,LHR-Core-02,Cooling,Chiller Failure,Low,13,624,Sarah King
INC-12357,2023-09-06 11:00:00,LHR-Core-02,Power,UPS Failure,Medium,40,10640,David Kelly
INC-12358,2023-10-03 20:00:00,MUM-Zone-A,Power,UPS Failure,Low,14,392,Omar Gonzalez
INC-12359,2023-09-22 12:00:00,LHR-Core-02,Power,PDU Overload,Low,5,25,Robert Foley
INC-12360,2023-02-06 09:00:00,MUM-Zone-A,Cooling,Chiller Failure,Low,5,105,Teresa Rodriguez
INC-12361,2023-03-17 23:00:00,FRA-Core-01,Network,Switch Failure,High,165,112530,Sara Hester
INC-12362,2023-09-02 21:00:00,SIN-Core-01,Power,Generator Failure,Low,12,24,Barry Murphy
INC-12363,2023-07-25 20:00:00,SIN-Core-01,Power,UPS Failure,Low,7,238,Lance Ward
INC-12364,2023-05-09 04:00:00,DXB-Core-01,Cooling,CRAC Failure,Low,6,144,Darlene Vasquez
INC-12365,2023-04-21 09:00:00,MUM-Zone-A,Network,Router Failure,Low,8,296,David Tran
INC-12366,2023-03-17 19:00:00,DXB-Edge-02,Environmental,Temperature Spike,Critical,387,541800,Susan Roberts
INC-12367,2023-03-15 17:00:00,DXB-Edge-02,Power,UPS Failure,Low,8,232,Nancy Cobb
INC-12368,2023-06-02 19:00:00,MUM-Zone-A,Power,UPS Failure,Low,12,180,Jeremy Hamilton
INC-12369,2023-08-10 16:00:00,LHR-Core-02,Power,Generator Failure,Low,13,247,Joshua Newton
INC-12370,2023-06-08 20:00:00,FRA-Core-01,Environmental,Temperature Spike,Medium,49,17150,Travis Olson
INC-12371,2023-07-25 14:00:00,DXB-Edge-02,Power,UPS Failure,Low,6,180,William Simon
INC-12372,2023-01-03 23:00:00,LHR-Core-02,Power,UPS Failure,Critical,408,969000,Gabriela Davis
INC-12373,2023-09-03 13:00:00,LHR-Core-02,Cooling,Cooling Pump Failure,Medium,42,8988,Brooke Harrington
INC-12374,2023-11-25 17:00:00,MUM-Zone-A,Power,PDU Overload,Low,11,528,Morgan Steele
INC-12375,2023-12-07 17:00:00,LHR-Core-02,Cooling,Cooling Pump Failure,Low,16,368,Mrs. April Munoz DDS
INC-12376,2023-12-20 04:00:00,DXB-Edge-02,Environmental,Water Leakage,Low,8,136,Paul White
INC-12377,2023-05-26 12:00:00,LHR-Core-02,Power,Generator Failure,Medium,50,6950,Lawrence Wells
INC-12378,2023-09-21 07:00:00,DXB-Edge-02,Power,Generator Failure,Critical,330,473220,Mr. Jerry Brown
INC-12379,2023-12-13 16:00:00,SIN-Core-01,Cooling,CRAC Failure,Medium,21,9261,Mark Goodman
INC-12380,2023-10-06 16:00:00,FRA-Core-01,Environmental,Water Leakage,Low,13,585,William Davis
INC-12381,2023-11-27 07:00:00,MUM-Zone-A,Power,Generator Failure,Low,12,600,Valerie Parker
INC-12382,2023-08-26 11:00:00,DXB-Core-01,Cooling,Cooling Pump Failure,Medium,21,8379,Patrick Sanders
INC-12383,2023-08-13 02:00:00,DXB-Edge-02,Network,Router Failure,Low,13,507,Mr. David Hanson
INC-12384,2023-09-18 09:00:00,DXB-Edge-02,Environmental,Temperature Spike,Medium,53,22949,Abigail Nguyen
INC-12385,2023-01-26 16:00:00,FRA-Core-01,Network,Fiber Cut,Medium,32,13280,Eric Foster
INC-12386,2023-08-19 00:00:00,DXB-Core-01,Cooling,Cooling Pump Failure,Critical,236,628468,Joyce Walker
INC-12387,2023-02-11 00:00:00,FRA-Core-01,Network,Fiber Cut,Low,10,230,Jennifer Sanders
INC-12388,2023-07-26 06:00:00,SIN-Core-01,Power,UPS Failure,Low,15,255,Daniel Farmer
INC-12389,2023-08-26 17:00:00,DXB-Core-01,Power,Generator Failure,Medium,43,14319,Yvonne Johnson
INC-12390,2023-06-04 14:00:00,DXB-Core-01,Power,PDU Overload,High,119,98532,Crystal Hunt
INC-12391,2023-03-19 11:00:00,SIN-Core-01,Cooling,Chiller Failure,Medium,51,14127,Dr. Lance Evans III
INC-12392,2023-02-28 10:00:00,DXB-Edge-02,Network,Switch Failure,Low,6,252,Shawn Randall
INC-12393,2023-06-15 01:00:00,LHR-Core-02,Cooling,Cooling Pump Failure,High,156,126360,Lance Wolfe
INC-12394,2023-03-15 17:00:00,LHR-Core-02,Environmental,Water Leakage,Medium,26,8528,Robert Taylor
INC-12395,2023-09-06 08:00:00,DXB-Edge-02,Cooling,Cooling Pump Failure,Low,13,546,Joshua Roth
INC-12396,2023-08-16 16:00:00,DXB-Edge-02,Network,Router Failure,High,122,112362,Monica Holloway
INC-12397,2023-09-06 05:00:00,DXB-Core-01,Network,Router Failure,High,114,97584,David White
INC-12398,2023-08-13 02:00:00,MUM-Zone-A,Environmental,Water Leakage,High,119,106505,Kerry Barnes
INC-12399,2023-09-23 08:00:00,LHR-Core-02,Cooling,Chiller Failure,Low,13,13,Shane Olson
INC-12400,2023-04-03 21:00:00,DXB-Core-01,Cooling,Cooling Pump Failure,High,106,83422,Samuel West
INC-12401,2023-09-06 15:00:00,MUM-Zone-A,Network,Router Failure,Medium,59,11151,Pamela Huff
INC-12402,2023-02-19 20:00:00,LHR-Core-02,Cooling,CRAC Failure,Low,11,99,Lance Melendez
INC-12403,2023-01-07 16:00:00,DXB-Edge-02,Network,Switch Failure,Low,7,336,Johnathan Brown
INC-12404,2023-10-26 01:00:00,LHR-Core-02,Power,PDU Overload,Medium,47,9682,Julie Espinoza
INC-12405,2023-07-03 15:00:00,DXB-Core-01,Network,Switch Failure,Medium,48,23280,Lori Hall
INC-12406,2023-04-28 17:00:00,DXB-Edge-02,Cooling,CRAC Failure,Low,6,6,Rhonda White
INC-12407,2023-12-22 06:00:00,DXB-Core-01,Environmental,Temperature Spike,Medium,28,6020,Jennifer Gordon
INC-12408,2023-04-22 16:00:00,SIN-Core-01,Network,Switch Failure,Low,12,456,Sierra Buckley
INC-12409,2023-07-13 11:00:00,SIN-Core-01,Power,Generator Failure,Low,6,54,Mitchell Young
INC-12410,2023-07-26 20:00:00,FRA-Core-01,Network,Fiber Cut,Low,19,817,Marcia Matthews
INC-12411,2023-02-04 03:00:00,LHR-Core-02,Power,Generator Failure,Medium,20,4080,Michael Mcmahon
INC-12412,2023-09-20 01:00:00,MUM-Zone-A,Environmental,Water Leakage,Low,9,198,Isabel Peters
INC-12413,2023-07-27 19:00:00,FRA-Core-01,Network,Fiber Cut,Low,6,162,Caitlin Briggs
INC-12414,2023-08-24 15:00:00,LHR-Core-02,Cooling,Cooling Pump Failure,Medium,31,14725,Ray Smith
INC-12415,2023-01-03 12:00:00,SIN-Core-01,Cooling,CRAC Failure,Low,11,341,Mr. Andre Hayes
INC-12416,2023-12-17 18:00:00,MUM-Zone-A,Network,Switch Failure,Low,6,138,Christopher Johnson
INC-12417,2023-02-02 15:00:00,DXB-Edge-02,Cooling,CRAC Failure,Critical,595,1250095,Steven Lloyd
INC-12418,2023-10-29 05:00:00,MUM-Zone-A,Environmental,Water Leakage,Low,18,594,Tracey Jennings
INC-12419,2023-08-18 20:00:00,FRA-Core-01,Power,UPS Failure,Low,13,598,Elizabeth Jones
INC-12420,2024-01-01 18:00:00,DXB-Edge-02,Cooling,Chiller Failure,Low,10,220,Victoria Calderon
INC-12421,2023-09-18 14:00:00,LHR-Core-02,Environmental,Water Leakage,Low,19,665,Christine Logan
INC-12422,2023-04-06 15:00:00,DXB-Edge-02,Power,Generator Failure,Medium,49,5047,Amanda Hernandez
INC-12423,2023-04-24 05:00:00,DXB-Edge-02,Power,Generator Failure,Low,8,40,Amy Nunez
INC-12424,2023-09-08 06:00:00,LHR-Core-02,Power,PDU Overload,Low,11,143,Patricia Carroll
INC-12425,2023-04-04 03:00:00,DXB-Edge-02,Environmental,Water Leakage,Critical,326,961700,Sarah Hogan
INC-12426,2023-05-21 16:00:00,SIN-Core-01,Network,Fiber Cut,Low,8,368,Julie Cross
INC-12427,2023-08-12 13:00:00,MUM-Zone-A,Network,Switch Failure,Low,7,70,Adrienne George
INC-12428,2023-09-10 06:00:00,LHR-Core-02,Network,Switch Failure,Low,6,6,John Mcdonald
INC-12429,2023-07-03 08:00:00,SIN-Core-01,Environmental,Water Leakage,Medium,26,6890,Kathy Wu
INC-12430,2023-10-12 15:00:00,MUM-Zone-A,Environmental,Water Leakage,Low,18,846,Tracy Robinson
INC-12431,2023-07-08 12:00:00,MUM-Zone-A,Cooling,Chiller Failure,Low,8,48,Nicolas Cohen
INC-12432,2023-12-22 18:00:00,FRA-Core-01,Network,Router Failure,Low,8,352,Sharon Jackson
INC-12433,2023-05-14 19:00:00,DXB-Core-01,Cooling,Chiller Failure,Medium,24,10968,Jack Freeman
INC-12434,2023-01-15 18:00:00,SIN-Core-01,Network,Switch Failure,Low,8,208,Joseph Torres
INC-12435,2023-01-23 01:00:00,DXB-Edge-02,Network,Fiber Cut,Low,9,234,Kelly West
INC-12436,2023-05-29 10:00:00,DXB-Core-01,Cooling,Chiller Failure,Critical,491,2229140,Elizabeth Johnson
INC-12437,2023-05-08 13:00:00,DXB-Core-01,Cooling,Chiller Failure,Low,7,308,John Mitchell
INC-12438,2023-12-31 11:00:00,DXB-Edge-02,Power,Generator Failure,Medium,23,3450,Catherine Velasquez
INC-12439,2023-03-29 06:00:00,MUM-Zone-A,Network,Router Failure,Critical,293,1355711,Diana Estrada
INC-12440,2023-09-01 04:00:00,DXB-Core-01,Network,Fiber Cut,Low,7,217,Mark Ramsey
INC-12441,2023-12-17 10:00:00,DXB-Core-01,Network,Router Failure,Critical,304,1089840,Lindsey Simon
INC-12442,2023-04-18 01:00:00,MUM-Zone-A,Network,Switch Failure,Medium,45,10980,Isaac Harmon
INC-12443,2023-03-27 18:00:00,SIN-Core-01,Network,Router Failure,Low,6,228,Hannah Rivers
INC-12444,2023-07-18 08:00:00,DXB-Core-01,Cooling,Cooling Pump Failure,Medium,56,24192,Bobby Gardner
INC-12445,2023-10-31 23:00:00,LHR-Core-02,Cooling,Chiller Failure,Critical,340,492660,Carly Garcia
INC-12446,2023-04-09 11:00:00,DXB-Edge-02,Environmental,Temperature Spike,Low,10,280,Kimberly Vargas
INC-12447,2023-06-25 06:00:00,MUM-Zone-A,Environmental,Water Leakage,Low,8,144,Frederick Roberts
INC-12448,2023-04-11 16:00:00,FRA-Core-01,Environmental,Temperature Spike,Low,12,588,Erica Williams
INC-12449,2023-04-21 22:00:00,DXB-Edge-02,Network,Fiber Cut,High,126,121842,Shane Lewis
INC-12450,2023-03-05 01:00:00,FRA-Core-01,Network,Switch Failure,Medium,58,9106,Nicole Ross
INC-12451,2023-06-21 06:00:00,DXB-Edge-02,Environmental,Water Leakage,Low,15,105,Debra Nunez
INC-12452,2023-11-29 00:00:00,FRA-Core-01,Environmental,Water Leakage,Medium,29,7859,Teresa Byrd
INC-12453,2023-01-23 03:00:00,DXB-Edge-02,Environmental,Temperature Spike,Low,18,162,John Sullivan PhD
INC-12454,2023-08-20 11:00:00,LHR-Core-02,Power,UPS Failure,Critical,595,2894080,Scott Jones
INC-12455,2023-07-07 03:00:00,DXB-Edge-02,Power,PDU Overload,Low,5,245,Joseph Beck
INC-12456,2023-04-06 01:00:00,SIN-Core-01,Environmental,Temperature Spike,Low,17,680,Crystal Stewart
INC-12457,2023-06-12 19:00:00,FRA-Core-01,Network,Switch Failure,High,60,57780,Krista Thompson
INC-12458,2023-08-27 04:00:00,SIN-Core-01,Network,Switch Failure,Medium,41,11193,James Evans
INC-12459,2023-09-19 06:00:00,DXB-Edge-02,Power,Generator Failure,Low,11,308,Travis Burnett
INC-12460,2023-02-15 07:00:00,DXB-Edge-02,Cooling,Cooling Pump Failure,Medium,50,16200,Robert Clark
INC-12461,2023-03-31 09:00:00,MUM-Zone-A,Environmental,Water Leakage,Low,14,182,Casey Nelson
INC-12462,2023-01-25 03:00:00,MUM-Zone-A,Network,Router Failure,Medium,50,22150,Danielle Smith
INC-12463,2023-05-29 07:00:00,DXB-Core-01,Environmental,Temperature Spike,Low,10,0,Jenny Ferguson
INC-12464,2023-02-27 12:00:00,FRA-Core-01,Cooling,Chiller Failure,Low,9,207,Bradley Sanders
INC-12465,2023-01-07 07:00:00,DXB-Core-01,Network,Fiber Cut,Low,17,221,Erin Martinez
INC-12466,2023-01-23 03:00:00,MUM-Zone-A,Power,UPS Failure,Low,8,400,Emily Martin
INC-12467,2023-11-30 05:00:00,LHR-Core-02,Power,UPS Failure,Low,5,0,Michael Fisher
INC-12468,2023-03-06 09:00:00,DXB-Core-01,Cooling,Chiller Failure,Low,18,126,Lori Fitzpatrick
INC-12469,2023-04-12 23:00:00,FRA-Core-01,Environmental,Water Leakage,High,106,97520,Jerry Davis
INC-12470,2023-07-22 19:00:00,FRA-Core-01,Power,Generator Failure,Critical,268,498480,Joshua Wilson
INC-12471,2023-03-15 13:00:00,LHR-Core-02,Environmental,Water Leakage,High,110,73040,Christina Hill
INC-12472,2023-08-29 04:00:00,MUM-Zone-A,Environmental,Water Leakage,Low,13,650,Alexander Hunter
INC-12473,2023-09-20 00:00:00,LHR-Core-02,Network,Fiber Cut,Medium,30,13530,Jessica Short
INC-12474,2023-06-17 13:00:00,DXB-Core-01,Power,PDU Overload,Low,11,385,David Griffin
INC-12475,2023-12-01 18:00:00,DXB-Core-01,Environmental,Temperature Spike,Medium,39,17628,Raymond Vasquez
INC-12476,2023-11-24 04:00:00,DXB-Edge-02,Power,Generator Failure,Low,9,369,Julia Walsh
INC-12477,2023-02-08 19:00:00,SIN-Core-01,Power,UPS Failure,Low,9,369,Christine Hodge
INC-12478,2023-06-10 04:00:00,MUM-Zone-A,Network,Router Failure,Low,5,150,Vincent Case
INC-12479,2023-12-22 17:00:00,DXB-Core-01,Network,Router Failure,Low,13,273,Shawn Byrd
INC-12480,2023-02-16 03:00:00,SIN-Core-01,Environmental,Temperature Spike,Low,13,572,Jaclyn Moore
INC-12481,2023-12-25 17:00:00,FRA-Core-01,Cooling,Chiller Failure,Medium,33,13266,Matthew Gutierrez
INC-12482,2023-11-15 21:00:00,MUM-Zone-A,Cooling,Cooling Pump Failure,Medium,29,10179,Kyle Roberts
INC-12483,2023-01-27 18:00:00,FRA-Core-01,Network,Fiber Cut,Low,16,320,Michael Gordon
INC-12484,2023-10-07 15:00:00,LHR-Core-02,Power,UPS Failure,Low,17,544,Dr. Dawn Hutchinson
INC-12485,2023-02-16 07:00:00,FRA-Core-01,Cooling,CRAC Failure,Low,11,77,Dr. Jasmine Velasquez
INC-12486,2023-07-13 11:00:00,FRA-Core-01,Environmental,Water Leakage,Low,15,330,Angela Parker
INC-12487,2023-04-13 05:00:00,DXB-Core-01,Network,Fiber Cut,Medium,30,14040,Frank Parker
INC-12488,2023-09-13 16:00:00,SIN-Core-01,Power,UPS Failure,Medium,22,6402,Mary Dickerson
INC-12489,2023-01-11 08:00:00,MUM-Zone-A,Environmental,Temperature Spike,Low,6,96,David Alvarez
INC-12490,2023-02-10 08:00:00,SIN-Core-01,Cooling,Cooling Pump Failure,Medium,33,5973,Stephen Carroll
INC-12491,2023-12-22 15:00:00,SIN-Core-01,Network,Router Failure,Medium,39,3900,Christina Chaney
INC-12492,2023-10-22 14:00:00,LHR-Core-02,Environmental,Temperature Spike,Medium,56,16744,Carol Ortiz
INC-12493,2023-05-16 12:00:00,DXB-Core-01,Network,Switch Failure,Medium,36,6948,Amanda Pearson
INC-12494,2023-04-14 20:00:00,LHR-Core-02,Environmental,Temperature Spike,Medium,47,5405,Gary Morales
INC-12495,2023-01-09 01:00:00,FRA-Core-01,Network,Router Failure,Low,11,0,Erika Day
INC-12496,2023-10-01 00:00:00,SIN-Core-01,Cooling,Cooling Pump Failure,Low,7,98,Tyrone Phillips
INC-12497,2023-03-30 10:00:00,DXB-Core-01,Cooling,CRAC Failure,Medium,53,26235,Michael Pruitt
INC-12498,2023-05-14 08:00:00,DXB-Core-01,Cooling,CRAC Failure,Low,12,96,Monique Hurley
INC-12499,2023-01-05 11:00:00,DXB-Core-01,Environmental,Temperature Spike,Low,10,330,Jonathan Roy
INC-12500,2023-06-06 20:00:00,LHR-Core-02,Cooling,Chiller Failure,Medium,37,10471,Robert Moon
INC-12501,2023-04-29 04:00:00,DXB-Edge-02,Network,Fiber Cut,High,93,69378,Rachel Yang
INC-12502,2023-03-27 21:00:00,FRA-Core-01,Cooling,Chiller Failure,Low,14,574,Trevor Moore
INC-12503,2023-12-08 08:00:00,MUM-Zone-A,Cooling,Chiller Failure,Low,14,546,Robert Smith
INC-12504,2023-10-21 07:00:00,SIN-Core-01,Network,Fiber Cut,Low,10,470,Nicolas Cline
INC-12505,2023-04-08 23:00:00,FRA-Core-01,Network,Fiber Cut,Low,11,418,Kelsey Flores
INC-12506,2023-03-25 12:00:00,DXB-Edge-02,Network,Router Failure,Critical,439,985994,Kimberly Martinez
INC-12507,2023-02-20 13:00:00,SIN-Core-01,Environmental,Temperature Spike,Low,6,210,Preston Garcia
INC-12508,2023-01-30 08:00:00,SIN-Core-01,Environmental,Water Leakage,Low,5,220,Jacob Howard
INC-12509,2023-09-01 19:00:00,DXB-Edge-02,Cooling,Cooling Pump Failure,Medium,31,5890,Andrea Nielsen
INC-12510,2023-07-15 04:00:00,MUM-Zone-A,Network,Switch Failure,Low,7,70,John Maldonado
INC-12511,2023-12-21 03:00:00,FRA-Core-01,Power,PDU Overload,Critical,351,440505,Jennifer Erickson
INC-12512,2023-07-31 07:00:00,MUM-Zone-A,Power,PDU Overload,Medium,39,16536,Linda Cruz
INC-12513,2023-12-17 08:00:00,MUM-Zone-A,Environmental,Water Leakage,Low,19,722,Steven Robertson
INC-12514,2023-11-08 22:00:00,DXB-Edge-02,Network,Router Failure,Low,12,360,Tracy Joseph
INC-12515,2023-09-22 19:00:00,DXB-Edge-02,Network,Router Failure,Medium,48,22560,Bonnie Mullins
INC-12516,2023-07-09 05:00:00,LHR-Core-02,Network,Fiber Cut,High,114,92340,Catherine Ramos
INC-12517,2023-08-23 11:00:00,DXB-Core-01,Environmental,Water Leakage,Medium,56,9464,Billy Smith
INC-12518,2023-05-21 03:00:00,SIN-Core-01,Environmental,Water Leakage,Low,19,361,Brian Hudson
INC-12519,2023-01-19 23:00:00,DXB-Edge-02,Power,PDU Overload,Low,18,414,Jeff Myers
INC-12520,2023-03-26 23:00:00,LHR-Core-02,Cooling,Chiller Failure,Low,10,470,Diamond Moreno
INC-12521,2023-07-31 23:00:00,LHR-Core-02,Cooling,Cooling Pump Failure,Critical,338,1052194,Deborah Ward
INC-12522,2023-12-06 03:00:00,LHR-Core-02,Cooling,CRAC Failure,Low,15,240,John Wolf
INC-12523,2023-06-20 19:00:00,MUM-Zone-A,Network,Switch Failure,Medium,22,2442,Kimberly Jackson
INC-12524,2023-01-19 21:00:00,FRA-Core-01,Network,Switch Failure,Medium,57,22629,Nathan Turner
INC-12525,2023-04-01 03:00:00,DXB-Core-01,Network,Router Failure,Low,13,585,Mark Buck
INC-12526,2023-01-10 18:00:00,LHR-Core-02,Cooling,Cooling Pump Failure,Low,18,0,Erin Torres
INC-12527,2023-06-19 12:00:00,DXB-Edge-02,Cooling,Chiller Failure,Critical,337,1436968,Deborah Casey
INC-12528,2023-04-25 21:00:00,SIN-Core-01,Cooling,Cooling Pump Failure,High,102,63138,Kevin Aguilar DDS
INC-12529,2023-01-13 08:00:00,DXB-Edge-02,Environmental,Water Leakage,Critical,566,1399718,Christopher Bush
INC-12530,2023-05-19 02:00:00,MUM-Zone-A,Network,Fiber Cut,Medium,57,23598,William Adams
INC-12531,2023-05-20 02:00:00,MUM-Zone-A,Power,PDU Overload,Low,11,495,Taylor Evans
INC-12532,2023-04-14 16:00:00,MUM-Zone-A,Network,Router Failure,Low,10,360,Kelly Foster
INC-12533,2023-08-22 00:00:00,DXB-Core-01,Environmental,Water Leakage,Low,6,108,Stephanie Tran
INC-12534,2023-06-21 14:00:00,DXB-Core-01,Power,PDU Overload,Low,16,512,Jimmy Serrano
INC-12535,2023-06-26 19:00:00,MUM-Zone-A,Cooling,CRAC Failure,Critical,493,2044471,Michael Jenkins
INC-12536,2023-07-29 22:00:00,LHR-Core-02,Network,Router Failure,Medium,36,12024,Jerry Herring
INC-12537,2023-02-18 03:00:00,SIN-Core-01,Environmental,Temperature Spike,Low,12,384,Beverly Murray
INC-12538,2023-01-20 01:00:00,LHR-Core-02,Environmental,Water Leakage,Low,13,91,Cameron Fuentes
INC-12539,2023-01-17 17:00:00,LHR-Core-02,Network,Switch Failure,High,104,88400,Danielle Kirby
INC-12540,2023-10-05 18:00:00,DXB-Core-01,Environmental,Temperature Spike,Low,18,144,Mr. Adam Garrett
INC-12541,2023-07-09 01:00:00,DXB-Edge-02,Environmental,Water Leakage,Medium,21,7413,Justin Noble
INC-12542,2023-04-27 13:00:00,DXB-Core-01,Network,Fiber Cut,Medium,26,5902,Amber Lane
INC-12543,2023-11-16 01:00:00,MUM-Zone-A,Cooling,Chiller Failure,Low,19,171,Jessica Ashley
INC-12544,2023-10-13 16:00:00,DXB-Core-01,Cooling,CRAC Failure,Low,16,704,Courtney Mercer
INC-12545,2023-07-13 13:00:00,MUM-Zone-A,Cooling,Cooling Pump Failure,Low,9,81,Corey Kim
INC-12546,2023-02-06 21:00:00,SIN-Core-01,Power,UPS Failure,Low,13,234,Eric Chavez
INC-12547,2023-01-18 03:00:00,SIN-Core-01,Environmental,Water Leakage,Low,6,258,Dillon Robinson
INC-12548,2023-02-07 09:00:00,LHR-Core-02,Network,Router Failure,Medium,48,6288,Kayla Lopez
INC-12549,2023-09-25 02:00:00,FRA-Core-01,Cooling,Chiller Failure,Low,8,352,George Reyes
INC-12550,2023-09-04 11:00:00,DXB-Edge-02,Cooling,Chiller Failure,Critical,444,1785768,Shari Johnson
INC-12551,2023-08-07 00:00:00,DXB-Edge-02,Cooling,CRAC Failure,Low,11,550,Keith Pham
INC-12552,2023-08-20 16:00:00,LHR-Core-02,Environmental,Temperature Spike,Low,19,931,Charlotte Caldwell
INC-12553,2023-08-02 02:00:00,DXB-Edge-02,Power,UPS Failure,Low,15,510,Jeffrey Cardenas
INC-12554,2023-11-16 17:00:00,FRA-Core-01,Network,Switch Failure,Low,5,210,Julie Moore
INC-12555,2023-07-03 10:00:00,LHR-Core-02,Environmental,Water Leakage,Low,14,0,Jeffery Salinas II
INC-12556,2023-07-31 23:00:00,DXB-Core-01,Cooling,Cooling Pump Failure,Low,9,306,Nathan Potter
INC-12557,2023-01-31 06:00:00,FRA-Core-01,Network,Switch Failure,Medium,25,4525,John Green
INC-12558,2023-02-19 06:00:00,LHR-Core-02,Cooling,Chiller Failure,Medium,51,14229,Tyler Cook
INC-12559,2023-12-16 05:00:00,FRA-Core-01,Environmental,Water Leakage,Low,5,0,Stacy Clark
INC-12560,2023-01-10 20:00:00,SIN-Core-01,Environmental,Temperature Spike,High,103,99189,Miss Teresa Oconnor
INC-12561,2023-09-17 17:00:00,LHR-Core-02,Cooling,Chiller Failure,Medium,43,18232,James Brown
INC-12562,2023-08-03 20:00:00,DXB-Edge-02,Cooling,Cooling Pump Failure,Low,6,216,Michael Gilbert
INC-12563,2023-12-04 03:00:00,MUM-Zone-A,Network,Fiber Cut,Low,11,319,Christy Sullivan
INC-12564,2023-06-22 02:00:00,SIN-Core-01,Power,Generator Failure,Low,6,300,Anthony Murphy
INC-12565,2023-10-22 15:00:00,MUM-Zone-A,Environmental,Temperature Spike,Low,10,190,Shannon Thornton
INC-12566,2023-02-27 06:00:00,DXB-Core-01,Power,PDU Overload,Medium,23,9361,Brenda Lee
INC-12567,2023-12-06 08:00:00,SIN-Core-01,Cooling,CRAC Failure,Low,18,90,Alexis Cruz
INC-12568,2023-12-31 10:00:00,DXB-Core-01,Power,UPS Failure,Low,5,225,Kathleen Miller
INC-12569,2023-01-28 12:00:00,MUM-Zone-A,Cooling,Cooling Pump Failure,Low,5,80,Jaime Villarreal
INC-12570,2023-05-26 14:00:00,FRA-Core-01,Power,UPS Failure,High,172,113176,Richard Day
INC-12571,2023-01-18 00:00:00,FRA-Core-01,Network,Router Failure,Low,14,196,Stacey Cox
INC-12572,2023-04-30 06:00:00,SIN-Core-01,Network,Router Failure,Low,7,294,Mary Avila
INC-12573,2023-03-04 11:00:00,FRA-Core-01,Environmental,Temperature Spike,Low,18,18,Caroline Smith
INC-12574,2023-01-06 20:00:00,MUM-Zone-A,Cooling,CRAC Failure,Low,8,200,Nicole Hoffman
INC-12575,2023-05-31 14:00:00,DXB-Edge-02,Cooling,CRAC Failure,Low,10,310,Mr. Tony Campbell MD
INC-12576,2023-01-05 08:00:00,MUM-Zone-A,Cooling,Chiller Failure,Low,7,42,Cindy Velez
INC-12577,2023-08-03 00:00:00,LHR-Core-02,Network,Router Failure,High,150,141150,Heather Roberts
INC-12578,2023-10-03 19:00:00,DXB-Edge-02,Cooling,CRAC Failure,Low,15,300,Dr. Joe Ruiz DDS
INC-12579,2023-11-04 06:00:00,MUM-Zone-A,Power,Generator Failure,Medium,53,13091,Christopher Warren
INC-12580,2023-08-01 16:00:00,LHR-Core-02,Cooling,Cooling Pump Failure,Low,17,51,Greg Clarke
INC-12581,2023-03-07 12:00:00,MUM-Zone-A,Network,Router Failure,Low,19,798,Hailey Castillo
INC-12582,2023-06-07 17:00:00,DXB-Core-01,Environmental,Temperature Spike,Low,14,56,Brett David
INC-12583,2023-02-07 11:00:00,DXB-Core-01,Cooling,CRAC Failure,Low,19,0,Angela Garcia
INC-12584,2023-12-17 17:00:00,MUM-Zone-A,Cooling,Chiller Failure,Low,10,360,Nancy Hill
INC-12585,2023-03-12 16:00:00,DXB-Core-01,Power,Generator Failure,Low,8,208,Nancy Erickson
INC-12586,2023-01-01 01:00:00,DXB-Edge-02,Power,UPS Failure,Low,11,385,Timothy Bell
INC-12587,2023-04-15 02:00:00,DXB-Core-01,Cooling,Chiller Failure,Medium,47,19270,Shelia Harrison
INC-12588,2023-06-03 18:00:00,LHR-Core-02,Cooling,Chiller Failure,Low,8,272,Kristopher Bush
INC-12589,2023-03-01 05:00:00,FRA-Core-01,Cooling,Cooling Pump Failure,Medium,41,4633,Marissa Lyons
INC-12590,2023-04-01 12:00:00,DXB-Core-01,Power,Generator Failure,Low,9,72,James Barnes
INC-12591,2023-12-29 00:00:00,DXB-Core-01,Power,Generator Failure,Low,8,360,Teresa Brooks
INC-12592,2023-05-03 12:00:00,FRA-Core-01,Power,Generator Failure,Low,5,110,Alex Sims
INC-12593,2023-05-04 10:00:00,DXB-Edge-02,Environmental,Water Leakage,Low,7,161,Steve Ross
INC-12594,2023-06-29 09:00:00,DXB-Edge-02,Environmental,Water Leakage,Low,18,216,Gina Walker
INC-12595,2023-12-11 17:00:00,FRA-Core-01,Cooling,CRAC Failure,Medium,22,3278,Madeline Ward
INC-12596,2023-03-22 08:00:00,MUM-Zone-A,Network,Fiber Cut,Low,9,63,Felicia Parrish
INC-12597,2023-03-24 20:00:00,LHR-Core-02,Network,Router Failure,Low,19,0,Juan Miller
INC-12598,2023-11-12 16:00:00,DXB-Core-01,Environmental,Water Leakage,Low,19,513,Patrick Arias
INC-12599,2023-09-08 13:00:00,FRA-Core-01,Environmental,Temperature Spike,Low,16,432,Mary Singh
INC-12600,2023-02-18 07:00:00,DXB-Edge-02,Network,Router Failure,Medium,54,10530,Joel Miller
INC-12601,2023-07-17 23:00:00,DXB-Edge-02,Environmental,Water Leakage,Medium,24,11904,Yvonne Rodriguez
INC-12602,2023-10-19 16:00:00,FRA-Core-01,Network,Router Failure,Critical,284,1197060,Bradley Jones
INC-12603,2023-11-03 15:00:00,LHR-Core-02,Environmental,Temperature Spike,Low,17,799,Deborah Reid
INC-12604,2023-03-26 22:00:00,SIN-Core-01,Cooling,CRAC Failure,Low,18,648,Derek Pruitt
INC-12605,2024-01-01 19:00:00,MUM-Zone-A,Power,UPS Failure,Low,8,80,Roy Adkins
INC-12606,2023-07-12 07:00:00,MUM-Zone-A,Environmental,Temperature Spike,High,70,41020,Ian Hunt
INC-12607,2023-11-07 13:00:00,FRA-Core-01,Environmental,Temperature Spike,Medium,49,18277,Jose Jones
INC-12608,2023-04-10 17:00:00,DXB-Edge-02,Environmental,Temperature Spike,Low,11,528,Joyce Willis
INC-12609,2023-08-04 17:00:00,MUM-Zone-A,Cooling,Cooling Pump Failure,Low,5,60,Michael Grant
INC-12610,2023-08-24 23:00:00,DXB-Edge-02,Environmental,Temperature Spike,Low,5,95,Lori Holloway
INC-12611,2023-05-29 06:00:00,SIN-Core-01,Environmental,Water Leakage,Low,15,315,Jordan Mathews
INC-12612,2023-02-17 12:00:00,MUM-Zone-A,Cooling,CRAC Failure,Low,9,405,Joseph Ford
INC-12613,2023-05-05 03:00:00,SIN-Core-01,Environmental,Temperature Spike,Low,17,85,David Oconnell
INC-12614,2023-01-13 02:00:00,MUM-Zone-A,Power,UPS Failure,Low,11,297,Mr. Anthony Faulkner
INC-12615,2023-11-20 01:00:00,DXB-Core-01,Network,Switch Failure,Medium,36,12600,Kathryn Castro
INC-12616,2023-03-08 01:00:00,LHR-Core-02,Environmental,Temperature Spike,Low,14,182,Sherry Huerta
INC-12617,2023-01-23 06:00:00,SIN-Core-01,Environmental,Temperature Spike,High,123,84747,Mary Watkins
INC-12618,2023-02-03 23:00:00,DXB-Edge-02,Power,UPS Failure,Medium,32,8288,Chad Sims
INC-12619,2023-09-02 00:00:00,MUM-Zone-A,Power,UPS Failure,Low,19,551,David Hawkins
INC-12620,2023-12-16 16:00:00,DXB-Edge-02,Cooling,Chiller Failure,Critical,260,959660,Sheena Ryan
INC-12621,2023-01-10 11:00:00,DXB-Edge-02,Environmental,Temperature Spike,Low,11,66,Laura Kirby
INC-12622,2023-10-03 05:00:00,DXB-Edge-02,Environmental,Temperature Spike,Low,16,32,Jordan Walters
INC-12623,2023-01-24 19:00:00,SIN-Core-01,Power,PDU Overload,Medium,45,7380,James Duran PhD
INC-12624,2023-03-31 01:00:00,MUM-Zone-A,Environmental,Water Leakage,Low,12,240,Jeremy Harmon
INC-12625,2023-07-01 17:00:00,DXB-Edge-02,Cooling,Cooling Pump Failure,Low,9,270,Holly Smith
INC-12626,2023-02-10 18:00:00,SIN-Core-01,Network,Router Failure,Low,7,119,Kristen Thomas
INC-12627,2023-09-20 20:00:00,MUM-Zone-A,Environmental,Water Leakage,Low,13,169,Kathryn Brown
INC-12628,2023-08-15 14:00:00,MUM-Zone-A,Network,Switch Failure,Medium,35,5810,Kristina Schwartz
INC-12629,2023-04-04 10:00:00,DXB-Core-01,Network,Switch Failure,High,153,95166,Peter Phelps
INC-12630,2023-08-20 22:00:00,DXB-Core-01,Environmental,Water Leakage,Low,18,90,Victor Horne
INC-12631,2023-05-24 03:00:00,SIN-Core-01,Power,Generator Failure,Low,18,36,Kelly Suarez
INC-12632,2023-07-06 20:00:00,LHR-Core-02,Network,Router Failure,Low,6,240,James Walker
INC-12633,2023-08-01 16:00:00,FRA-Core-01,Cooling,Cooling Pump Failure,Low,18,144,Timothy Greene DVM
INC-12634,2023-06-18 04:00:00,FRA-Core-01,Power,PDU Overload,Critical,369,1551645,Robin Owens
INC-12635,2023-06-01 09:00:00,DXB-Edge-02,Network,Fiber Cut,Low,7,350,Jennifer Smith
INC-12636,2023-01-18 01:00:00,DXB-Edge-02,Cooling,Chiller Failure,Medium,48,4944,Nancy Esparza
INC-12637,2023-10-25 16:00:00,MUM-Zone-A,Power,UPS Failure,Low,15,240,Carla Hall
INC-12638,2023-03-14 21:00:00,DXB-Edge-02,Power,UPS Failure,Low,18,594,Deborah Nelson
INC-12639,2023-07-22 16:00:00,DXB-Edge-02,Environmental,Water Leakage,Low,16,496,John Orozco
INC-12640,2023-08-30 18:00:00,DXB-Edge-02,Power,UPS Failure,Critical,495,594990,Steven Thompson
INC-12641,2023-04-22 08:00:00,DXB-Edge-02,Cooling,CRAC Failure,Medium,49,24059,Mason Thompson
INC-12642,2023-06-18 05:00:00,DXB-Core-01,Network,Router Failure,Low,15,660,Kelly Gilbert
INC-12643,2023-04-05 15:00:00,FRA-Core-01,Cooling,Chiller Failure,Low,17,374,Jorge Meyer
INC-12644,2023-05-19 11:00:00,FRA-Core-01,Power,PDU Overload,Low,8,96,Melinda Rodriguez
INC-12645,2023-03-10 18:00:00,LHR-Core-02,Power,Generator Failure,Critical,328,786216,Bryan Rosario
INC-12646,2023-09-21 18:00:00,LHR-Core-02,Cooling,CRAC Failure,Medium,30,13710,Tony Stevens
INC-12647,2023-11-01 19:00:00,MUM-Zone-A,Network,Router Failure,Medium,37,11766,David Brock
INC-12648,2023-02-06 02:00:00,LHR-Core-02,Network,Fiber Cut,Low,12,552,Michelle Martinez
INC-12649,2023-10-03 16:00:00,DXB-Edge-02,Cooling,CRAC Failure,Medium,45,12240,Matthew Santos
INC-12650,2023-06-26 16:00:00,DXB-Core-01,Network,Router Failure,Low,16,240,Angela Villa
INC-12651,2023-10-20 04:00:00,MUM-Zone-A,Network,Router Failure,Low,8,144,Michael Davidson
INC-12652,2023-05-31 03:00:00,SIN-Core-01,Environmental,Temperature Spike,Low,15,45,John Williams
INC-12653,2023-05-12 15:00:00,DXB-Edge-02,Network,Router Failure,High,176,162624,Steven Berry
INC-12654,2023-03-25 12:00:00,SIN-Core-01,Network,Fiber Cut,Low,10,10,Norman Mills
INC-12655,2023-12-15 07:00:00,DXB-Core-01,Cooling,Cooling Pump Failure,Low,17,816,Sean Brown
INC-12656,2023-12-25 03:00:00,LHR-Core-02,Power,PDU Overload,Medium,24,8520,Vernon Howard
INC-12657,2023-06-11 05:00:00,DXB-Edge-02,Cooling,Chiller Failure,Medium,36,15012,Deborah Lynn
INC-12658,2023-09-18 00:00:00,MUM-Zone-A,Power,PDU Overload,Low,5,35,Craig Deleon
INC-12659,2023-08-03 04:00:00,DXB-Edge-02,Environmental,Water Leakage,Medium,59,6903,Amber Bradford
INC-12660,2023-03-04 04:00:00,SIN-Core-01,Cooling,Cooling Pump Failure,Low,18,270,Samuel Bruce
INC-12661,2023-02-16 20:00:00,MUM-Zone-A,Power,PDU Overload,Low,7,224,Becky Anderson
INC-12662,2023-05-17 04:00:00,MUM-Zone-A,Cooling,Cooling Pump Failure,High,76,51376,William Cole
INC-12663,2023-06-02 02:00:00,SIN-Core-01,Power,Generator Failure,Medium,29,3596,William Fowler
INC-12664,2023-04-27 16:00:00,DXB-Core-01,Environmental,Water Leakage,Low,14,672,Misty Willis
INC-12665,2024-01-01 00:00:00,LHR-Core-02,Power,Generator Failure,High,89,62033,Jerome Contreras
INC-12666,2023-02-27 00:00:00,MUM-Zone-A,Network,Switch Failure,Low,10,80,Curtis Walters
INC-12667,2023-02-02 08:00:00,DXB-Edge-02,Cooling,CRAC Failure,Low,18,648,Susan Clark
INC-12668,2023-10-17 00:00:00,DXB-Edge-02,Cooling,Cooling Pump Failure,Low,17,340,Jesse Hess
INC-12669,2023-10-18 00:00:00,FRA-Core-01,Environmental,Water Leakage,High,170,129200,Sonya Palmer
INC-12670,2023-10-03 15:00:00,FRA-Core-01,Environmental,Temperature Spike,Medium,45,9990,Robert Chan
INC-12671,2023-04-25 21:00:00,MUM-Zone-A,Power,Generator Failure,High,68,44880,Cheryl Flowers
INC-12672,2023-05-01 19:00:00,FRA-Core-01,Power,PDU Overload,Critical,350,1572900,Dawn Carlson
INC-12673,2023-02-21 12:00:00,LHR-Core-02,Power,PDU Overload,Low,19,931,Heather Williams
INC-12674,2023-03-02 05:00:00,FRA-Core-01,Power,UPS Failure,Critical,415,1367840,Kristin Smith
INC-12675,2023-11-24 22:00:00,DXB-Edge-02,Network,Switch Failure,Low,18,594,Noah Henry
INC-12676,2023-06-23 20:00:00,FRA-Core-01,Network,Router Failure,Low,16,320,Edward Salazar
INC-12677,2023-07-23 03:00:00,DXB-Edge-02,Cooling,Chiller Failure,Low,13,364,Jose Davis
INC-12678,2023-08-16 07:00:00,SIN-Core-01,Power,PDU Overload,Low,13,273,Jennifer Martinez
INC-12679,2023-12-03 10:00:00,DXB-Core-01,Cooling,CRAC Failure,Low,13,546,Lisa Watkins
INC-12680,2023-06-12 15:00:00,DXB-Edge-02,Power,Generator Failure,Low,7,56,Sara Yang
INC-12681,2023-08-15 13:00:00,FRA-Core-01,Power,UPS Failure,High,73,49348,Ashley Thomas
INC-12682,2023-10-06 19:00:00,SIN-Core-01,Network,Switch Failure,Low,18,36,Madeline Bernard
INC-12683,2023-07-20 01:00:00,MUM-Zone-A,Environmental,Temperature Spike,Low,9,333,Carrie Cox
INC-12684,2023-09-03 15:00:00,DXB-Edge-02,Environmental,Water Leakage,Low,8,344,Joshua Smith
INC-12685,2023-06-06 13:00:00,DXB-Core-01,Environmental,Temperature Spike,Medium,24,2592,Michael Chan
INC-12686,2023-10-07 21:00:00,DXB-Core-01,Power,UPS Failure,Low,10,270,Kaitlyn Rivera
INC-12687,2023-12-05 00:00:00,DXB-Core-01,Network,Switch Failure,Low,10,300,Ellen Evans
INC-12688,2023-09-20 13:00:00,LHR-Core-02,Environmental,Temperature Spike,Low,12,528,Kathleen Patton
INC-12689,2023-04-12 22:00:00,MUM-Zone-A,Cooling,CRAC Failure,High,117,94419,Glen Yates
INC-12690,2023-04-17 19:00:00,SIN-Core-01,Environmental,Water Leakage,Critical,365,1254140,Mackenzie Fry
INC-12691,2023-10-13 15:00:00,DXB-Edge-02,Environmental,Temperature Spike,Low,8,224,Brent Jenkins
INC-12692,2023-04-03 00:00:00,DXB-Core-01,Network,Fiber Cut,Low,15,330,Tina Leonard
INC-12693,2023-09-20 19:00:00,MUM-Zone-A,Cooling,Chiller Failure,Low,6,132,Craig Campbell
INC-12694,2023-05-20 04:00:00,LHR-Core-02,Environmental,Water Leakage,High,148,130388,Joseph Johnson
INC-12695,2023-04-16 18:00:00,DXB-Core-01,Power,Generator Failure,Low,13,117,Marissa Case
INC-12696,2023-08-19 22:00:00,DXB-Core-01,Network,Fiber Cut,High,172,113004,Donald Hernandez
INC-12697,2023-05-09 22:00:00,SIN-Core-01,Power,UPS Failure,Low,15,30,Kelli Sweeney
INC-12698,2023-08-11 20:00:00,MUM-Zone-A,Environmental,Water Leakage,Low,7,14,Phyllis Moore
INC-12699,2023-10-06 04:00:00,FRA-Core-01,Network,Switch Failure,Low,17,51,Blake Woods
INC-12700,2023-07-28 03:00:00,DXB-Core-01,Power,PDU Overload,High,123,74169,Amanda Walsh
INC-12701,2023-02-09 16:00:00,DXB-Edge-02,Cooling,Cooling Pump Failure,High,127,113919,April Silva
INC-12702,2023-04-13 22:00:00,DXB-Edge-02,Power,PDU Overload,Low,10,440,Monique Mckee
INC-12703,2023-12-01 07:00:00,LHR-Core-02,Network,Router Failure,High,146,101908,Tiffany Tucker
INC-12704,2023-07-13 16:00:00,SIN-Core-01,Network,Switch Failure,Medium,29,13253,Victoria Fletcher
INC-12705,2023-02-11 19:00:00,DXB-Core-01,Power,UPS Failure,Low,5,5,Michael Wilson
INC-12706,2023-10-12 17:00:00,SIN-Core-01,Network,Router Failure,Low,17,238,Thomas Smith
INC-12707,2023-08-16 16:00:00,DXB-Edge-02,Cooling,CRAC Failure,Low,13,195,Billy Curry
INC-12708,2023-04-05 16:00:00,FRA-Core-01,Environmental,Temperature Spike,Medium,33,4620,Christopher Freeman
INC-12709,2023-03-19 00:00:00,MUM-Zone-A,Power,UPS Failure,Medium,51,6426,Luke Allen
INC-12710,2023-01-02 11:00:00,FRA-Core-01,Power,Generator Failure,Low,6,264,Peter Clark
INC-12711,2023-02-10 08:00:00,SIN-Core-01,Environmental,Water Leakage,High,144,100512,John Mooney
INC-12712,2023-02-26 23:00:00,FRA-Core-01,Environmental,Water Leakage,Low,8,312,Dominique Williams
INC-12713,2023-05-24 09:00:00,DXB-Edge-02,Cooling,Cooling Pump Failure,Low,12,252,Daniel Graham
INC-12714,2023-08-14 21:00:00,FRA-Core-01,Environmental,Water Leakage,Low,18,666,Edward Jones
INC-12715,2023-08-23 04:00:00,SIN-Core-01,Environmental,Water Leakage,Medium,49,5978,Teresa Jones
INC-12716,2023-10-04 02:00:00,DXB-Core-01,Network,Fiber Cut,Medium,24,4296,Denise Curry
INC-12717,2023-08-14 14:00:00,SIN-Core-01,Power,PDU Overload,Low,7,168,Christopher Stephens Jr.
INC-12718,2023-08-01 01:00:00,DXB-Edge-02,Environmental,Temperature Spike,Medium,25,5375,Aaron Rose
INC-12719,2023-08-10 13:00:00,MUM-Zone-A,Environmental,Temperature Spike,Low,11,550,Trevor Stevens
INC-12720,2023-09-25 14:00:00,DXB-Core-01,Cooling,CRAC Failure,Low,6,42,Dennis Edwards
INC-12721,2023-10-14 15:00:00,DXB-Core-01,Power,PDU Overload,Low,7,105,Gene Johnson
INC-12722,2023-04-02 02:00:00,SIN-Core-01,Network,Switch Failure,Low,19,456,Janet Day
INC-12723,2023-08-05 16:00:00,SIN-Core-01,Cooling,Cooling Pump Failure,Critical,261,1045044,Kyle Doyle
INC-12724,2023-03-29 00:00:00,LHR-Core-02,Network,Switch Failure,Low,7,343,Pamela Humphrey
INC-12725,2023-12-25 21:00:00,MUM-Zone-A,Environmental,Temperature Spike,Low,10,140,Jerry Young
INC-12726,2023-05-11 05:00:00,DXB-Edge-02,Environmental,Temperature Spike,Low,15,540,Jennifer Mejia
INC-12727,2023-09-01 17:00:00,FRA-Core-01,Environmental,Water Leakage,Low,16,464,Haley Keith
INC-12728,2023-12-17 19:00:00,FRA-Core-01,Cooling,CRAC Failure,Low,17,34,Robert Martin
INC-12729,2023-04-15 17:00:00,LHR-Core-02,Cooling,Chiller Failure,Low,9,306,Cindy Davis
INC-12730,2023-06-04 13:00:00,LHR-Core-02,Environmental,Water Leakage,Medium,58,10324,Jennifer Bernard
INC-12731,2023-06-19 11:00:00,MUM-Zone-A,Environmental,Water Leakage,Low,11,242,Catherine Mcdowell
INC-12732,2023-09-06 19:00:00,DXB-Core-01,Network,Fiber Cut,Low,11,308,Andrew Turner
INC-12733,2023-09-04 13:00:00,DXB-Core-01,Cooling,Chiller Failure,Medium,26,11180,Brooke Anderson
INC-12734,2023-08-20 14:00:00,LHR-Core-02,Network,Switch Failure,Low,19,817,Ruth Myers
INC-12735,2023-05-14 19:00:00,SIN-Core-01,Environmental,Temperature Spike,Low,12,420,Melissa Martin
INC-12736,2023-07-28 12:00:00,DXB-Core-01,Network,Switch Failure,Low,10,160,Darryl Reid
INC-12737,2023-04-22 15:00:00,DXB-Core-01,Cooling,Cooling Pump Failure,Low,9,36,Jillian Williams
INC-12738,2023-02-04 11:00:00,SIN-Core-01,Network,Router Failure,High,120,104280,Ms. Michelle Spencer MD
INC-12739,2023-06-03 13:00:00,LHR-Core-02,Cooling,CRAC Failure,Medium,30,7230,Erica Herman
INC-12740,2023-07-24 00:00:00,FRA-Core-01,Power,PDU Overload,Medium,55,18700,Jason Miller
INC-12741,2023-10-20 17:00:00,LHR-Core-02,Environmental,Water Leakage,Medium,21,9849,Rebecca Hernandez
INC-12742,2023-11-25 00:00:00,SIN-Core-01,Power,Generator Failure,Medium,45,10305,Kelly Hopkins
INC-12743,2023-10-20 11:00:00,SIN-Core-01,Environmental,Temperature Spike,Low,11,341,Richard Carpenter
INC-12744,2023-08-30 23:00:00,SIN-Core-01,Environmental,Water Leakage,Low,17,799,Mrs. Angela Pierce
INC-12745,2023-05-01 16:00:00,DXB-Core-01,Network,Fiber Cut,Low,17,221,Michelle Patterson
INC-12746,2023-01-27 21:00:00,FRA-Core-01,Cooling,CRAC Failure,Low,19,228,Jose Williams
INC-12747,2023-03-09 06:00:00,SIN-Core-01,Environmental,Temperature Spike,Low,12,504,Tina Clark
INC-12748,2023-05-30 05:00:00,DXB-Edge-02,Environmental,Water Leakage,High,128,70272,Beth Powers
INC-12749,2023-02-21 07:00:00,DXB-Core-01,Power,PDU Overload,Medium,53,22578,Jennifer Riley
INC-12750,2023-08-10 01:00:00,LHR-Core-02,Network,Router Failure,Critical,297,1237302,Christian Acosta
INC-12751,2023-11-21 06:00:00,DXB-Core-01,Power,PDU Overload,Low,18,18,William Garcia
INC-12752,2023-06-21 16:00:00,DXB-Core-01,Cooling,Chiller Failure,Low,13,13,Marissa Cline
INC-12753,2023-07-14 16:00:00,DXB-Edge-02,Network,Switch Failure,Critical,516,1663068,Cody Brooks DVM
INC-12754,2023-04-30 02:00:00,DXB-Core-01,Power,UPS Failure,Low,13,559,Kimberly Gonzalez
INC-12755,2023-03-03 04:00:00,SIN-Core-01,Cooling,Cooling Pump Failure,High,149,139166,Suzanne Jackson
INC-12756,2023-01-13 22:00:00,FRA-Core-01,Environmental,Temperature Spike,Low,7,21,Brian Hensley
INC-12757,2023-04-11 10:00:00,DXB-Core-01,Cooling,Chiller Failure,Low,8,344,Mrs. Christine York
INC-12758,2023-04-25 21:00:00,SIN-Core-01,Power,PDU Overload,Low,11,33,Michael Mccormick
INC-12759,2023-04-24 04:00:00,DXB-Edge-02,Power,Generator Failure,Medium,28,10360,Cindy Christensen
INC-12760,2023-12-16 19:00:00,DXB-Edge-02,Power,PDU Overload,Low,8,296,Jason Barnes
INC-12761,2023-03-22 16:00:00,SIN-Core-01,Power,PDU Overload,Medium,46,15318,Ryan Cooper
INC-12762,2023-10-24 17:00:00,MUM-Zone-A,Network,Router Failure,Low,7,56,Jorge Brown
INC-12763,2023-08-02 14:00:00,FRA-Core-01,Cooling,Cooling Pump Failure,Medium,31,6913,Tammy Gibbs
INC-12764,2023-11-19 22:00:00,MUM-Zone-A,Network,Switch Failure,Medium,39,4914,Lori Martinez
INC-12765,2023-02-18 10:00:00,DXB-Core-01,Network,Fiber Cut,Low,9,378,Jacqueline Alexander
INC-12766,2023-09-13 14:00:00,MUM-Zone-A,Power,PDU Overload,High,93,83328,Brenda Johnson
INC-12767,2023-04-26 23:00:00,DXB-Core-01,Power,UPS Failure,High,179,91290,Robert Weaver
INC-12768,2023-10-16 03:00:00,LHR-Core-02,Network,Fiber Cut,High,134,106128,Theresa Garcia
INC-12769,2023-05-17 04:00:00,FRA-Core-01,Cooling,CRAC Failure,Low,9,315,Mark Gonzalez
INC-12770,2023-09-09 21:00:00,LHR-Core-02,Cooling,Chiller Failure,High,77,63987,Teresa Santana
INC-12771,2023-02-06 07:00:00,MUM-Zone-A,Power,Generator Failure,Medium,59,29441,Harold Smith
INC-12772,2023-12-07 14:00:00,FRA-Core-01,Power,PDU Overload,Low,12,480,Calvin Pugh
INC-12773,2023-02-15 13:00:00,SIN-Core-01,Power,Generator Failure,Medium,23,9660,Katie Page
INC-12774,2023-07-01 02:00:00,LHR-Core-02,Power,UPS Failure,High,61,37088,Mary Freeman MD
INC-12775,2023-10-05 04:00:00,MUM-Zone-A,Network,Fiber Cut,Medium,22,3278,Melissa Avery
INC-12776,2023-11-22 16:00:00,DXB-Edge-02,Network,Switch Failure,Low,11,33,Shannon Leonard
INC-12777,2023-03-07 23:00:00,LHR-Core-02,Cooling,Chiller Failure,Medium,56,7280,Candace Yates
INC-12778,2023-06-13 20:00:00,MUM-Zone-A,Environmental,Water Leakage,Low,5,105,Stacey Bryan
INC-12779,2023-11-19 10:00:00,FRA-Core-01,Environmental,Temperature Spike,Critical,589,2877854,Amy Burns
INC-12780,2023-10-23 03:00:00,DXB-Core-01,Environmental,Temperature Spike,Low,13,221,Melissa Harvey
INC-12781,2023-07-22 13:00:00,FRA-Core-01,Cooling,Chiller Failure,Medium,31,3999,Bruce Smith
INC-12782,2023-09-20 04:00:00,LHR-Core-02,Network,Fiber Cut,Medium,45,7875,Elizabeth Jacobs
INC-12783,2023-10-22 20:00:00,FRA-Core-01,Cooling,Chiller Failure,High,91,81445,Jamie Hebert
INC-12784,2023-11-15 12:00:00,DXB-Core-01,Network,Fiber Cut,Low,15,255,Christina Wolf
INC-12785,2023-07-02 11:00:00,FRA-Core-01,Power,UPS Failure,Medium,32,3424,George Love
INC-12786,2023-12-14 01:00:00,SIN-Core-01,Cooling,Cooling Pump Failure,High,78,47268,Kevin Cruz
INC-12787,2023-04-16 07:00:00,FRA-Core-01,Power,PDU Overload,Low,17,204,Diana Neal
INC-12788,2023-05-22 00:00:00,FRA-Core-01,Environmental,Temperature Spike,Low,10,320,Margaret Nelson
INC-12789,2023-06-25 22:00:00,MUM-Zone-A,Network,Switch Failure,Low,18,234,Brian Kelley
INC-12790,2023-07-28 12:00:00,MUM-Zone-A,Network,Fiber Cut,Low,12,384,Howard Gomez
INC-12791,2023-10-27 03:00:00,MUM-Zone-A,Power,PDU Overload,Low,17,102,Zachary Hoffman
INC-12792,2023-03-09 08:00:00,MUM-Zone-A,Environmental,Temperature Spike,Medium,40,12400,Matthew Pham
INC-12793,2023-09-03 01:00:00,SIN-Core-01,Network,Fiber Cut,Medium,57,18468,Kenneth Brown
INC-12794,2023-11-23 04:00:00,FRA-Core-01,Power,PDU Overload,Medium,21,9660,Katherine Castaneda
INC-12795,2023-02-24 01:00:00,DXB-Core-01,Cooling,CRAC Failure,Low,7,42,Danielle Fischer
INC-12796,2023-02-22 21:00:00,SIN-Core-01,Cooling,Cooling Pump Failure,Low,18,504,Linda Jensen
INC-12797,2023-05-29 11:00:00,MUM-Zone-A,Network,Router Failure,Critical,285,729315,Mary Cervantes
INC-12798,2023-10-21 13:00:00,FRA-Core-01,Network,Fiber Cut,Low,10,390,Maria Elliott
INC-12799,2023-10-04 22:00:00,FRA-Core-01,Network,Switch Failure,Medium,24,2760,Robin Strong
INC-12800,2023-07-21 19:00:00,FRA-Core-01,Cooling,Chiller Failure,Medium,28,10164,Kayla Gross
INC-12801,2023-11-08 15:00:00,SIN-Core-01,Environmental,Water Leakage,High,122,88084,Ricardo Ramos
INC-12802,2023-08-15 08:00:00,DXB-Core-01,Power,UPS Failure,Medium,26,13000,Rebecca Burns
INC-12803,2023-10-31 13:00:00,LHR-Core-02,Environmental,Water Leakage,Low,7,105,Christine Jones
INC-12804,2023-08-12 18:00:00,DXB-Core-01,Cooling,CRAC Failure,Low,7,161,Richard Lewis
INC-12805,2023-01-23 11:00:00,FRA-Core-01,Environmental,Temperature Spike,Low,7,259,Tasha Scott
INC-12806,2023-08-07 18:00:00,MUM-Zone-A,Environmental,Temperature Spike,Low,9,108,Carl Boyle
INC-12807,2023-01-15 16:00:00,FRA-Core-01,Power,PDU Overload,Medium,57,21432,Howard Mathis
INC-12808,2023-08-15 06:00:00,FRA-Core-01,Power,PDU Overload,High,177,152928,Kevin Cline
INC-12809,2023-12-18 17:00:00,DXB-Edge-02,Network,Switch Failure,Low,12,300,Evelyn Williamson
INC-12810,2023-06-11 14:00:00,LHR-Core-02,Network,Switch Failure,Critical,417,952428,Susan Williams
INC-12811,2023-02-02 02:00:00,FRA-Core-01,Environmental,Water Leakage,Low,10,140,Brenda Harris
INC-12812,2023-09-11 01:00:00,FRA-Core-01,Environmental,Temperature Spike,Low,11,55,Ashley Garcia
INC-12813,2023-05-20 09:00:00,SIN-Core-01,Network,Switch Failure,Low,15,210,Jonathan Jimenez
INC-12814,2023-09-12 00:00:00,DXB-Core-01,Environmental,Temperature Spike,High,172,121432,Carrie Wilson
INC-12815,2023-04-03 19:00:00,DXB-Edge-02,Cooling,CRAC Failure,Medium,45,18000,Kyle Lopez
INC-12816,2023-01-18 17:00:00,SIN-Core-01,Network,Fiber Cut,Low,18,252,Jamie Jones
INC-12817,2023-09-16 00:00:00,FRA-Core-01,Cooling,Chiller Failure,Low,10,420,Aaron Bailey MD
INC-12818,2023-02-19 01:00:00,DXB-Edge-02,Cooling,CRAC Failure,Critical,466,1324372,Christine Scott
INC-12819,2023-06-10 02:00:00,MUM-Zone-A,Cooling,Cooling Pump Failure,Low,13,78,Ronald Pace
INC-12820,2023-09-15 02:00:00,MUM-Zone-A,Environmental,Temperature Spike,Low,12,216,Frank Johnson
INC-12821,2023-07-31 10:00:00,MUM-Zone-A,Environmental,Water Leakage,Medium,52,15132,Matthew Nicholson DDS
INC-12822,2023-03-03 20:00:00,DXB-Edge-02,Environmental,Temperature Spike,Low,9,18,Sandra Spencer
INC-12823,2023-02-12 20:00:00,DXB-Edge-02,Network,Fiber Cut,Low,9,288,Daisy Jones
INC-12824,2023-06-15 13:00:00,MUM-Zone-A,Cooling,Chiller Failure,Low,18,882,Douglas Fitzpatrick
INC-12825,2023-09-13 15:00:00,LHR-Core-02,Environmental,Water Leakage,Medium,23,10327,Maria Robertson
INC-12826,2023-11-21 14:00:00,DXB-Edge-02,Cooling,Chiller Failure,Low,6,264,Jerry Davis
INC-12827,2023-01-14 22:00:00,DXB-Core-01,Power,PDU Overload,Medium,25,11300,Brittney Hart
INC-12828,2023-12-16 16:00:00,DXB-Core-01,Environmental,Water Leakage,Low,17,204,James Strickland
INC-12829,2023-10-26 21:00:00,SIN-Core-01,Network,Router Failure,Medium,57,13281,David Lawrence
INC-12830,2023-11-10 00:00:00,LHR-Core-02,Network,Router Failure,Low,13,377,James King
INC-12831,2023-05-02 22:00:00,MUM-Zone-A,Cooling,Cooling Pump Failure,Low,6,294,Kevin Lee
INC-12832,2023-01-11 05:00:00,DXB-Core-01,Cooling,Cooling Pump Failure,Medium,54,21276,Steven Carter
INC-12833,2023-05-21 05:00:00,DXB-Core-01,Power,Generator Failure,Low,16,768,Patrick Pacheco
INC-12834,2023-02-18 13:00:00,FRA-Core-01,Power,Generator Failure,High,116,92220,Tammy Mendez
INC-12835,2023-12-27 14:00:00,DXB-Core-01,Power,Generator Failure,Low,16,256,Willie Wise
INC-12836,2023-03-07 21:00:00,SIN-Core-01,Cooling,Chiller Failure,Low,12,288,Randall Snow
INC-12837,2023-08-29 14:00:00,DXB-Core-01,Power,UPS Failure,Low,9,378,Tammy Stokes DDS
INC-12838,2023-02-13 17:00:00,DXB-Core-01,Network,Fiber Cut,Medium,56,6440,Anthony Thompson
INC-12839,2023-03-03 08:00:00,DXB-Edge-02,Environmental,Water Leakage,Medium,56,11480,Jeffrey Reyes
INC-12840,2023-11-22 15:00:00,MUM-Zone-A,Network,Switch Failure,Critical,237,1004169,Michael Guzman
INC-12841,2023-06-07 04:00:00,DXB-Edge-02,Environmental,Water Leakage,Low,14,210,Rebecca Noble
INC-12842,2023-07-09 23:00:00,LHR-Core-02,Environmental,Temperature Spike,Medium,43,4300,John Lowe
INC-12843,2023-04-23 06:00:00,DXB-Edge-02,Power,UPS Failure,Low,8,24,Timothy Green
INC-12844,2023-01-06 06:00:00,LHR-Core-02,Power,Generator Failure,Low,10,250,Andrea Harrison
INC-12845,2023-11-09 15:00:00,SIN-Core-01,Cooling,CRAC Failure,Low,8,184,Robert Hudson
INC-12846,2023-06-17 00:00:00,LHR-Core-02,Cooling,Cooling Pump Failure,Low,7,301,Melissa Harrison
INC-12847,2023-07-14 22:00:00,FRA-Core-01,Power,PDU Overload,Critical,481,1620970,Kristy Smith
INC-12848,2023-11-17 13:00:00,MUM-Zone-A,Cooling,Chiller Failure,Low,12,288,Brandon Young
INC-12849,2023-06-09 22:00:00,DXB-Edge-02,Environmental,Water Leakage,Medium,59,19057,Sandra Brown
INC-12850,2023-10-07 04:00:00,DXB-Edge-02,Cooling,Cooling Pump Failure,Low,17,255,Renee Bautista
INC-12851,2023-07-14 16:00:00,DXB-Edge-02,Environmental,Temperature Spike,High,174,103008,Charlotte Mcgee
INC-12852,2023-06-06 06:00:00,DXB-Core-01,Environmental,Temperature Spike,Low,19,817,Nicole Nelson
INC-12853,2023-12-06 22:00:00,MUM-Zone-A,Environmental,Temperature Spike,Medium,23,7153,Monica Becker
INC-12854,2023-05-24 12:00:00,FRA-Core-01,Power,UPS Failure,Low,6,180,Jose Mahoney
INC-12855,2023-08-30 09:00:00,LHR-Core-02,Environmental,Water Leakage,Medium,45,16065,Sara Hoffman
INC-12856,2023-11-22 04:00:00,SIN-Core-01,Network,Fiber Cut,Low,11,517,Sarah Drake
INC-12857,2023-04-07 14:00:00,DXB-Core-01,Environmental,Water Leakage,Low,7,217,William Smith
INC-12858,2023-01-08 20:00:00,DXB-Edge-02,Network,Fiber Cut,Low,7,98,Gregory Lozano
INC-12859,2023-08-14 22:00:00,DXB-Core-01,Environmental,Water Leakage,Low,18,72,Philip Pearson
INC-12860,2023-11-07 22:00:00,MUM-Zone-A,Network,Fiber Cut,Medium,27,6318,Lisa Thomas
INC-12861,2023-11-08 05:00:00,DXB-Edge-02,Power,UPS Failure,Low,13,65,Rebecca Short
INC-12862,2023-02-12 06:00:00,MUM-Zone-A,Environmental,Temperature Spike,Medium,50,10700,Daniel Gibbs
INC-12863,2023-01-03 01:00:00,DXB-Edge-02,Network,Switch Failure,Critical,439,1329731,Alexandra Williams
INC-12864,2023-04-26 23:00:00,DXB-Edge-02,Environmental,Water Leakage,Low,8,248,Mark Collins
INC-12865,2023-06-26 06:00:00,FRA-Core-01,Cooling,Cooling Pump Failure,Low,19,741,Stacy Garza
INC-12866,2023-02-21 13:00:00,DXB-Core-01,Cooling,CRAC Failure,Critical,503,1365645,Michelle Jensen
INC-12867,2023-02-08 20:00:00,DXB-Core-01,Environmental,Water Leakage,Critical,381,1366266,Stephanie Reynolds
INC-12868,2023-03-02 12:00:00,FRA-Core-01,Power,UPS Failure,Medium,46,21574,Gregg Butler
INC-12869,2023-12-23 02:00:00,DXB-Core-01,Network,Router Failure,Low,5,115,Carolyn Simpson
INC-12870,2023-07-08 05:00:00,FRA-Core-01,Network,Router Failure,Low,16,368,Isabel Alexander
INC-12871,2023-04-16 14:00:00,DXB-Core-01,Network,Router Failure,Low,10,270,Timothy Banks
INC-12872,2023-04-26 19:00:00,SIN-Core-01,Network,Fiber Cut,Low,11,363,Stephanie Rosales
INC-12873,2023-09-25 12:00:00,DXB-Edge-02,Cooling,CRAC Failure,Low,16,64,Joseph Martin
INC-12874,2023-06-20 00:00:00,MUM-Zone-A,Cooling,Cooling Pump Failure,Low,13,546,Kelly Hall
INC-12875,2023-08-08 10:00:00,LHR-Core-02,Environmental,Temperature Spike,Low,18,504,Bradley Acevedo
INC-12876,2023-06-12 23:00:00,DXB-Edge-02,Cooling,CRAC Failure,Low,18,540,Lisa Wyatt
INC-12877,2023-05-27 17:00:00,DXB-Edge-02,Network,Fiber Cut,Low,18,216,Christopher Ramos
INC-12878,2023-03-25 05:00:00,DXB-Core-01,Environmental,Temperature Spike,Low,10,480,James Castro
INC-12879,2023-02-26 17:00:00,SIN-Core-01,Environmental,Temperature Spike,Low,16,432,Dr. Bernard Hayes
INC-12880,2023-03-22 04:00:00,DXB-Edge-02,Cooling,Cooling Pump Failure,Medium,21,2898,Jaime Lopez
INC-12881,2023-01-04 21:00:00,FRA-Core-01,Cooling,Chiller Failure,Medium,42,6846,Jonathan Smith
INC-12882,2023-12-30 03:00:00,MUM-Zone-A,Network,Router Failure,Medium,59,8319,Aaron Williams
INC-12883,2023-09-13 11:00:00,LHR-Core-02,Environmental,Temperature Spike,Low,5,30,Brenda Griffin
INC-12884,2023-06-15 06:00:00,MUM-Zone-A,Network,Fiber Cut,Low,14,28,Thomas Blackburn
INC-12885,2023-04-13 23:00:00,DXB-Edge-02,Cooling,CRAC Failure,Low,18,504,Michelle Gray
INC-12886,2023-10-07 20:00:00,DXB-Core-01,Cooling,CRAC Failure,Low,15,465,Nicholas Walker
INC-12887,2023-06-01 12:00:00,LHR-Core-02,Network,Router Failure,Low,7,224,Beverly Kerr
INC-12888,2023-05-16 09:00:00,MUM-Zone-A,Power,Generator Failure,Low,5,20,Thomas Romero
INC-12889,2023-01-28 03:00:00,SIN-Core-01,Environmental,Water Leakage,Low,8,264,Douglas Sanchez
INC-12890,2023-04-10 00:00:00,SIN-Core-01,Cooling,CRAC Failure,Medium,33,9108,Julie Jones
INC-12891,2023-09-06 23:00:00,SIN-Core-01,Environmental,Temperature Spike,Low,8,32,William Moore
INC-12892,2023-08-01 21:00:00,LHR-Core-02,Network,Router Failure,Low,14,350,Mary Lewis
INC-12893,2023-03-02 08:00:00,DXB-Edge-02,Power,Generator Failure,Low,12,300,Arthur Moore
INC-12894,2023-03-09 22:00:00,LHR-Core-02,Cooling,CRAC Failure,Medium,37,17797,Ashley Jenkins
INC-12895,2023-06-07 17:00:00,DXB-Edge-02,Power,UPS Failure,Medium,25,10775,Matthew Davis
INC-12896,2023-02-17 20:00:00,FRA-Core-01,Network,Router Failure,Low,13,130,Richard Copeland
INC-12897,2023-07-23 13:00:00,LHR-Core-02,Cooling,Cooling Pump Failure,Low,18,0,Lisa Walsh
INC-12898,2023-01-22 05:00:00,FRA-Core-01,Network,Router Failure,Low,15,45,Michelle Reed
INC-12899,2023-12-14 06:00:00,DXB-Edge-02,Cooling,CRAC Failure,Low,8,160,Daniel Castaneda
INC-12900,2023-09-18 02:00:00,LHR-Core-02,Network,Router Failure,High,142,89886,Debbie Barajas
INC-12901,2023-07-22 07:00:00,LHR-Core-02,Power,UPS Failure,Medium,27,9801,Kevin Munoz
INC-12902,2023-03-29 22:00:00,SIN-Core-01,Environmental,Water Leakage,Low,11,99,Steven Sanders
INC-12903,2023-07-14 07:00:00,MUM-Zone-A,Environmental,Temperature Spike,Critical,467,1124069,Brandi Carter
INC-12904,2023-06-15 23:00:00,MUM-Zone-A,Power,PDU Overload,Medium,54,10206,Andre Davis
INC-12905,2023-12-03 07:00:00,MUM-Zone-A,Network,Fiber Cut,Medium,55,6820,Cory Collins
INC-12906,2023-10-25 08:00:00,FRA-Core-01,Power,PDU Overload,Low,16,656,Erika Martinez
INC-12907,2023-01-11 01:00:00,LHR-Core-02,Cooling,CRAC Failure,Low,10,410,Justin Rogers
INC-12908,2023-07-30 09:00:00,FRA-Core-01,Cooling,Chiller Failure,Medium,28,5040,Jennifer Taylor
INC-12909,2023-12-06 11:00:00,DXB-Core-01,Environmental,Water Leakage,Low,8,256,Carl Austin
INC-12910,2023-07-31 10:00:00,SIN-Core-01,Environmental,Temperature Spike,Medium,45,17325,Mr. John Johnson
INC-12911,2023-01-28 23:00:00,LHR-Core-02,Environmental,Temperature Spike,Low,12,24,Dawn Rodriguez
INC-12912,2023-02-09 13:00:00,FRA-Core-01,Power,Generator Failure,High,111,110889,Ronald Weaver
INC-12913,2023-04-22 03:00:00,SIN-Core-01,Environmental,Water Leakage,High,158,100962,Brian Jones
INC-12914,2023-04-04 18:00:00,DXB-Edge-02,Environmental,Temperature Spike,Medium,45,9000,Matthew Brown
INC-12915,2023-11-21 14:00:00,DXB-Core-01,Environmental,Temperature Spike,High,129,128871,Andrea Campbell
INC-12916,2023-03-03 05:00:00,FRA-Core-01,Environmental,Temperature Spike,Low,8,368,Daniel Turner
INC-12917,2023-11-06 11:00:00,LHR-Core-02,Environmental,Water Leakage,Critical,218,332450,Erica Kelly
INC-12918,2023-08-13 12:00:00,DXB-Edge-02,Environmental,Water Leakage,Low,6,0,Sandra Waters
INC-12919,2023-01-07 01:00:00,MUM-Zone-A,Cooling,Chiller Failure,Low,17,51,Scott Perez
INC-12920,2023-04-24 19:00:00,LHR-Core-02,Cooling,CRAC Failure,Medium,32,13024,Michael Mclaughlin
INC-12921,2023-01-27 02:00:00,LHR-Core-02,Cooling,Cooling Pump Failure,Low,14,266,Alexandra Thomas
INC-12922,2023-07-25 22:00:00,SIN-Core-01,Power,Generator Failure,Low,7,147,Wendy Smith
INC-12923,2023-02-21 00:00:00,LHR-Core-02,Network,Router Failure,Low,16,416,Sabrina Knight
INC-12924,2024-01-01 13:00:00,SIN-Core-01,Cooling,CRAC Failure,Critical,505,723665,Emily Conley
INC-12925,2023-07-06 03:00:00,MUM-Zone-A,Power,UPS Failure,Low,9,126,Laura Lewis
INC-12926,2023-01-25 04:00:00,DXB-Core-01,Network,Switch Failure,Medium,55,19525,Melanie Jackson
INC-12927,2023-12-13 06:00:00,DXB-Edge-02,Network,Switch Failure,Low,15,345,Anthony Leonard MD
INC-12928,2023-08-24 20:00:00,MUM-Zone-A,Power,PDU Overload,Medium,52,5772,Paige Bryant
INC-12929,2023-07-21 00:00:00,LHR-Core-02,Environmental,Temperature Spike,Low,7,49,David Kennedy
INC-12930,2023-01-03 09:00:00,MUM-Zone-A,Environmental,Temperature Spike,Medium,51,18615,Kevin Mcdowell
INC-12931,2023-11-06 17:00:00,LHR-Core-02,Power,PDU Overload,Medium,32,14272,Janice Weeks
INC-12932,2023-06-23 17:00:00,DXB-Edge-02,Cooling,Cooling Pump Failure,Critical,461,1336900,Brandon Woods
INC-12933,2023-05-17 04:00:00,MUM-Zone-A,Network,Switch Failure,Medium,25,5825,John Richmond
INC-12934,2023-12-14 23:00:00,LHR-Core-02,Cooling,Chiller Failure,Medium,22,9020,Amanda Beard
INC-12935,2023-02-01 11:00:00,MUM-Zone-A,Power,PDU Overload,Medium,21,10332,Jennifer Fitzgerald
INC-12936,2023-03-27 15:00:00,DXB-Core-01,Power,UPS Failure,Low,13,611,Douglas Yang
INC-12937,2023-10-31 04:00:00,MUM-Zone-A,Cooling,Cooling Pump Failure,Low,12,48,Michael Walker
INC-12938,2023-02-16 21:00:00,SIN-Core-01,Environmental,Water Leakage,High,156,115752,Amanda Rose
INC-12939,2023-02-22 02:00:00,FRA-Core-01,Environmental,Water Leakage,Medium,43,5375,Nicole Guzman
INC-12940,2023-10-16 01:00:00,DXB-Core-01,Power,Generator Failure,Low,13,416,Mike Smith
INC-12941,2023-12-20 19:00:00,LHR-Core-02,Environmental,Temperature Spike,Low,9,387,Janice Bowers
INC-12942,2023-06-10 03:00:00,DXB-Core-01,Cooling,Chiller Failure,Medium,39,14391,Michelle Pratt
INC-12943,2023-08-16 17:00:00,DXB-Core-01,Cooling,Cooling Pump Failure,Low,13,598,Nicholas Lopez
INC-12944,2023-05-01 21:00:00,MUM-Zone-A,Cooling,Cooling Pump Failure,Low,9,297,April Ford
INC-12945,2023-02-19 10:00:00,DXB-Edge-02,Power,UPS Failure,Low,14,588,Timothy Marshall
INC-12946,2023-06-29 20:00:00,FRA-Core-01,Cooling,CRAC Failure,Low,14,98,Benjamin Rodriguez
INC-12947,2023-10-01 12:00:00,DXB-Edge-02,Cooling,Cooling Pump Failure,Low,13,650,Amy Maynard
INC-12948,2023-08-04 15:00:00,SIN-Core-01,Environmental,Temperature Spike,Medium,50,13900,Angela Gentry
INC-12949,2023-05-05 10:00:00,FRA-Core-01,Power,PDU Overload,Low,13,78,Ellen Mendez
INC-12950,2023-04-24 16:00:00,FRA-Core-01,Network,Fiber Cut,Low,7,70,Katherine Harvey
INC-12951,2023-11-26 07:00:00,SIN-Core-01,Network,Router Failure,Critical,221,257244,Mr. Jared Neal DDS
INC-12952,2023-08-15 15:00:00,FRA-Core-01,Network,Router Failure,Critical,212,1022052,Jacob Cook
INC-12953,2023-01-05 19:00:00,MUM-Zone-A,Power,UPS Failure,Low,9,0,Erin Hill
INC-12954,2023-09-14 03:00:00,LHR-Core-02,Environmental,Temperature Spike,Low,15,405,Kevin Arroyo
INC-12955,2023-06-13 08:00:00,LHR-Core-02,Environmental,Water Leakage,Low,10,280,Gina Hill
INC-12956,2023-11-02 22:00:00,SIN-Core-01,Environmental,Water Leakage,High,127,78359,Evan May
INC-12957,2023-03-05 18:00:00,DXB-Core-01,Power,Generator Failure,Medium,37,10212,Catherine Gilmore
INC-12958,2023-11-19 00:00:00,FRA-Core-01,Cooling,Cooling Pump Failure,High,176,105424,Bradley Carter
INC-12959,2023-01-17 15:00:00,MUM-Zone-A,Cooling,Cooling Pump Failure,Critical,204,582828,Krista Smith
INC-12960,2023-05-08 00:00:00,LHR-Core-02,Environmental,Water Leakage,Low,16,144,Darius Williams
INC-12961,2023-05-14 21:00:00,DXB-Core-01,Cooling,Cooling Pump Failure,Low,9,36,Joseph Whitehead
INC-12962,2023-07-17 20:00:00,DXB-Edge-02,Power,UPS Failure,Low,5,165,Jordan Gutierrez
INC-12963,2023-12-22 17:00:00,FRA-Core-01,Environmental,Water Leakage,Low,8,24,Donna Patterson
INC-12964,2023-01-21 00:00:00,DXB-Edge-02,Network,Fiber Cut,Low,16,192,Pamela Reed
INC-12965,2023-04-14 00:00:00,MUM-Zone-A,Power,PDU Overload,Medium,27,10800,Christina Ramos
INC-12966,2023-07-23 20:00:00,SIN-Core-01,Cooling,Chiller Failure,Low,5,5,Mark Carter
INC-12967,2023-12-17 17:00:00,SIN-Core-01,Network,Switch Failure,Low,18,414,Andrew Moreno PhD
INC-12968,2023-02-20 23:00:00,DXB-Core-01,Network,Fiber Cut,Low,11,506,Christina Ruiz
INC-12969,2023-07-16 20:00:00,DXB-Core-01,Network,Switch Failure,Low,14,154,Sara Moore
INC-12970,2023-07-20 04:00:00,SIN-Core-01,Network,Switch Failure,Medium,26,6474,Elizabeth Crawford
INC-12971,2023-12-13 23:00:00,DXB-Edge-02,Cooling,CRAC Failure,Low,5,35,Kevin Johnson
INC-12972,2023-07-13 21:00:00,LHR-Core-02,Network,Fiber Cut,Low,14,84,Oscar Bishop
INC-12973,2023-10-05 12:00:00,SIN-Core-01,Environmental,Temperature Spike,Low,5,115,Mrs. Emily Lutz
INC-12974,2023-09-30 22:00:00,DXB-Edge-02,Power,PDU Overload,Medium,44,6688,Dawn Holland
INC-12975,2023-06-28 18:00:00,SIN-Core-01,Environmental,Water Leakage,Low,6,0,Tammy Stevens
INC-12976,2023-01-25 00:00:00,DXB-Edge-02,Cooling,Cooling Pump Failure,Low,6,72,Anthony Hernandez
INC-12977,2023-05-02 11:00:00,DXB-Edge-02,Environmental,Temperature Spike,Low,5,235,Mr. Corey Obrien PhD
INC-12978,2023-01-22 04:00:00,SIN-Core-01,Environmental,Water Leakage,Low,16,336,Devon Patterson
INC-12979,2023-02-12 13:00:00,DXB-Core-01,Environmental,Temperature Spike,Low,7,322,Erin Lawson
INC-12980,2023-12-10 15:00:00,LHR-Core-02,Power,Generator Failure,Medium,25,5800,Kimberly Turner
INC-12981,2023-03-29 00:00:00,FRA-Core-01,Power,UPS Failure,Low,12,372,Cynthia Russell
INC-12982,2023-02-27 21:00:00,FRA-Core-01,Cooling,Cooling Pump Failure,Low,18,774,Sara Lopez
INC-12983,2023-04-11 20:00:00,FRA-Core-01,Power,PDU Overload,Low,15,90,Amber King
INC-12984,2023-10-25 19:00:00,FRA-Core-01,Power,UPS Failure,Low,16,688,Karen Rodriguez
INC-12985,2023-06-06 14:00:00,MUM-Zone-A,Environmental,Water Leakage,Low,9,54,David Blake
INC-12986,2023-08-14 08:00:00,DXB-Core-01,Power,Generator Failure,High,143,128843,Dominic Fuentes
INC-12987,2023-09-26 19:00:00,MUM-Zone-A,Environmental,Water Leakage,Critical,244,1107028,Maria Erickson
INC-12988,2023-10-09 07:00:00,LHR-Core-02,Network,Router Failure,Low,12,600,Larry Kelly
INC-12989,2023-05-12 04:00:00,LHR-Core-02,Environmental,Water Leakage,Low,6,180,Christopher Hawkins
INC-12990,2023-07-01 22:00:00,DXB-Edge-02,Power,PDU Overload,Low,17,374,Emily Cantrell
INC-12991,2023-08-21 15:00:00,DXB-Core-01,Environmental,Temperature Spike,Low,10,330,Crystal Benitez
INC-12992,2023-12-26 00:00:00,MUM-Zone-A,Environmental,Temperature Spike,Low,13,494,Vicki Frey
INC-12993,2023-07-03 03:00:00,LHR-Core-02,Environmental,Temperature Spike,High,172,115756,Frank Cole
INC-12994,2023-10-16 16:00:00,FRA-Core-01,Environmental,Water Leakage,High,65,37050,Steven Day
INC-12995,2023-06-20 06:00:00,FRA-Core-01,Environmental,Temperature Spike,Low,5,50,Jennifer Wright
INC-12996,2023-02-26 16:00:00,DXB-Core-01,Network,Switch Failure,Low,11,495,Beth Rhodes
INC-12997,2023-09-05 07:00:00,SIN-Core-01,Power,PDU Overload,Low,8,0,Laura Rodriguez
INC-12998,2023-07-11 20:00:00,DXB-Core-01,Cooling,Chiller Failure,Low,10,490,Luke Tyler
INC-12999,2023-10-07 08:00:00,LHR-Core-02,Cooling,CRAC Failure,Low,16,448,Stephen Mckenzie
INC-13000,2023-03-21 09:00:00,SIN-Core-01,Environmental,Water Leakage,Low,14,644,Kendra Glenn
INC-13001,2023-09-17 14:00:00,SIN-Core-01,Environmental,Water Leakage,Low,9,450,Amanda Evans
INC-13002,2023-07-17 12:00:00,SIN-Core-01,Power,PDU Overload,Medium,45,11970,Kristen Acevedo
INC-13003,2023-11-15 22:00:00,SIN-Core-01,Environmental,Water Leakage,Low,17,357,Curtis Miller
INC-13004,2023-06-22 14:00:00,MUM-Zone-A,Cooling,Cooling Pump Failure,Low,6,246,Alexander Neal
INC-13005,2023-02-14 18:00:00,DXB-Core-01,Power,PDU Overload,High,95,53295,Michael Yoder
INC-13006,2023-03-04 15:00:00,MUM-Zone-A,Environmental,Temperature Spike,Low,15,360,John Martin
INC-13007,2023-07-22 10:00:00,LHR-Core-02,Network,Router Failure,Medium,31,4309,Emily Potts
INC-13008,2023-07-31 18:00:00,SIN-Core-01,Cooling,CRAC Failure,Low,8,0,Shannon Ferguson
INC-13009,2023-06-14 22:00:00,DXB-Core-01,Network,Fiber Cut,Low,14,280,Jennifer Barker
INC-13010,2023-07-01 04:00:00,FRA-Core-01,Environmental,Temperature Spike,Low,9,324,Brianna Davis
INC-13011,2023-12-19 06:00:00,LHR-Core-02,Environmental,Temperature Spike,Low,5,130,Peter Alvarado
INC-13012,2023-07-06 17:00:00,DXB-Edge-02,Network,Switch Failure,Low,14,672,Yolanda Farmer
INC-13013,2023-08-25 15:00:00,DXB-Edge-02,Network,Switch Failure,Medium,52,23348,Dr. Zachary Andrews III
INC-13014,2023-01-24 03:00:00,DXB-Core-01,Network,Fiber Cut,Low,19,665,John Hartman
INC-13015,2023-09-20 07:00:00,DXB-Edge-02,Environmental,Water Leakage,Low,8,384,Jennifer Brown
INC-13016,2023-04-18 05:00:00,DXB-Edge-02,Environmental,Water Leakage,Low,7,294,Martin Williams
INC-13017,2023-08-11 08:00:00,DXB-Core-01,Network,Fiber Cut,High,114,80826,Brandon Stewart
INC-13018,2023-06-24 08:00:00,SIN-Core-01,Cooling,Cooling Pump Failure,Low,15,645,Robert Williams
INC-13019,2023-11-01 17:00:00,DXB-Core-01,Network,Router Failure,Low,17,833,Martha White
INC-13020,2023-12-16 18:00:00,SIN-Core-01,Power,Generator Failure,Low,18,648,Michelle Sutton
INC-13021,2023-05-30 09:00:00,DXB-Core-01,Environmental,Water Leakage,Critical,300,448500,Michael Thornton
INC-13022,2023-01-10 07:00:00,DXB-Edge-02,Power,PDU Overload,High,152,85880,Ray Henderson
INC-13023,2023-11-22 19:00:00,MUM-Zone-A,Network,Router Failure,Medium,23,7314,Michele Gibson
INC-13024,2023-07-06 16:00:00,DXB-Edge-02,Power,Generator Failure,Low,7,329,Robert Randall
INC-13025,2023-10-17 09:00:00,LHR-Core-02,Cooling,Chiller Failure,Medium,33,14124,Timothy Wood
INC-13026,2023-06-17 04:00:00,LHR-Core-02,Power,UPS Failure,Low,19,209,Lisa Griffith
INC-13027,2023-05-10 01:00:00,SIN-Core-01,Environmental,Water Leakage,Medium,56,25592,Matthew Mckee
INC-13028,2024-01-01 09:00:00,FRA-Core-01,Environmental,Water Leakage,Medium,23,7291,Jenny English
INC-13029,2023-09-11 20:00:00,SIN-Core-01,Network,Fiber Cut,Low,6,138,Kyle Cameron
INC-13030,2023-05-04 17:00:00,FRA-Core-01,Power,Generator Failure,High,145,77430,Amber Acosta
INC-13031,2023-03-12 17:00:00,SIN-Core-01,Environmental,Water Leakage,Low,15,750,Lisa Liu
INC-13032,2023-12-03 23:00:00,DXB-Edge-02,Environmental,Temperature Spike,Medium,26,12532,Francis Black
INC-13033,2023-03-09 03:00:00,DXB-Core-01,Cooling,Cooling Pump Failure,Low,17,85,Robert Black
INC-13034,2023-08-28 23:00:00,DXB-Edge-02,Network,Router Failure,Low,13,546,Tyler Dunn
INC-13035,2023-10-10 17:00:00,MUM-Zone-A,Network,Switch Failure,Critical,575,713000,Marie Schmitt
INC-13036,2023-07-05 03:00:00,DXB-Edge-02,Cooling,CRAC Failure,Low,18,576,Anna Martin
INC-13037,2023-11-29 11:00:00,SIN-Core-01,Power,UPS Failure,Low,8,360,Renee White
INC-13038,2023-07-19 23:00:00,FRA-Core-01,Network,Fiber Cut,Low,14,448,Christopher Pugh
INC-13039,2023-08-05 03:00:00,MUM-Zone-A,Cooling,Cooling Pump Failure,Low,8,216,Marissa Anderson
INC-13040,2023-02-26 13:00:00,DXB-Core-01,Environmental,Temperature Spike,Low,16,528,Andrea Brock
INC-13041,2023-05-26 14:00:00,LHR-Core-02,Network,Fiber Cut,Low,15,15,Kristy Fletcher
INC-13042,2023-04-15 16:00:00,FRA-Core-01,Network,Switch Failure,Medium,53,17172,Megan Richard
INC-13043,2023-10-29 01:00:00,DXB-Core-01,Power,Generator Failure,Medium,32,7520,Jerry Johns PhD
INC-13044,2023-09-11 00:00:00,DXB-Edge-02,Environmental,Water Leakage,Low,8,280,Thomas Gomez
INC-13045,2023-02-06 06:00:00,LHR-Core-02,Environmental,Temperature Spike,Low,12,420,Dawn Phillips
INC-13046,2023-03-16 17:00:00,DXB-Core-01,Environmental,Water Leakage,Medium,41,11767,Lauren Stone
INC-13047,2023-07-04 17:00:00,DXB-Core-01,Environmental,Water Leakage,Critical,295,349280,Zachary Evans
INC-13048,2023-05-21 02:00:00,DXB-Edge-02,Network,Fiber Cut,Low,11,110,Bryan Walker
INC-13049,2023-09-10 00:00:00,LHR-Core-02,Environmental,Temperature Spike,Medium,54,19926,Brenda Walker
INC-13050,2023-03-14 18:00:00,DXB-Edge-02,Environmental,Temperature Spike,Medium,39,12246,William Mills
INC-13051,2023-04-17 18:00:00,SIN-Core-01,Power,Generator Failure,Medium,34,9282,Eric Brown
INC-13052,2023-10-13 23:00:00,DXB-Edge-02,Cooling,Cooling Pump Failure,Medium,59,18762,James Harris
INC-13053,2023-02-06 14:00:00,DXB-Edge-02,Network,Fiber Cut,Low,18,180,Laura Howard
INC-13054,2023-12-29 22:00:00,SIN-Core-01,Environmental,Temperature Spike,Medium,50,7300,William Sanchez
INC-13055,2023-06-01 01:00:00,LHR-Core-02,Power,PDU Overload,Low,19,190,Travis Roberts
INC-13056,2023-12-15 15:00:00,MUM-Zone-A,Power,UPS Failure,High,117,108810,Kimberly Odonnell
INC-13057,2023-02-17 13:00:00,DXB-Edge-02,Network,Router Failure,Low,7,224,Jennifer Clarke
INC-13058,2023-04-23 01:00:00,LHR-Core-02,Power,PDU Overload,Low,12,60,Krystal Cisneros
INC-13059,2023-06-22 01:00:00,FRA-Core-01,Network,Switch Failure,Low,8,136,Emily Day
INC-13060,2023-12-16 17:00:00,LHR-Core-02,Network,Fiber Cut,Low,6,162,Bryan Gilmore
INC-13061,2023-12-13 09:00:00,LHR-Core-02,Power,PDU Overload,Medium,32,7168,John Jordan
INC-13062,2023-05-27 11:00:00,LHR-Core-02,Environmental,Temperature Spike,Low,8,160,Shannon Figueroa
INC-13063,2023-02-10 18:00:00,LHR-Core-02,Network,Router Failure,Low,12,108,Crystal Malone
INC-13064,2023-03-01 23:00:00,DXB-Edge-02,Cooling,Chiller Failure,Low,17,765,Samantha Sawyer
INC-13065,2023-01-30 11:00:00,DXB-Core-01,Network,Fiber Cut,Low,13,572,Brooke Farley
INC-13066,2023-01-23 21:00:00,FRA-Core-01,Power,PDU Overload,High,107,79608,Allison Mendez
INC-13067,2023-08-05 22:00:00,DXB-Edge-02,Power,Generator Failure,Critical,193,277341,Jessica Whitney
INC-13068,2023-07-24 08:00:00,DXB-Core-01,Environmental,Temperature Spike,Low,19,703,Kurt Brown
INC-13069,2023-05-23 13:00:00,SIN-Core-01,Environmental,Water Leakage,Medium,57,9462,Misty Nguyen
INC-13070,2023-11-28 14:00:00,SIN-Core-01,Environmental,Water Leakage,Medium,42,14070,Brad Hamilton IV
INC-13071,2023-07-11 12:00:00,DXB-Edge-02,Environmental,Water Leakage,Medium,26,8892,Mr. Timothy Dean MD
INC-13072,2023-03-18 05:00:00,DXB-Core-01,Cooling,CRAC Failure,High,119,66402,John Munoz
INC-13073,2023-10-28 15:00:00,DXB-Edge-02,Power,PDU Overload,Low,9,54,Tiffany Horn
INC-13074,2023-08-10 03:00:00,MUM-Zone-A,Power,PDU Overload,High,118,101362,Anthony Cantrell
INC-13075,2023-11-12 06:00:00,DXB-Core-01,Power,UPS Failure,Low,14,252,Ryan Kane
INC-13076,2023-08-10 21:00:00,LHR-Core-02,Power,UPS Failure,Low,9,261,Philip English
INC-13077,2023-04-27 03:00:00,LHR-Core-02,Power,Generator Failure,High,125,66125,Charles Cross
INC-13078,2023-03-13 05:00:00,MUM-Zone-A,Environmental,Water Leakage,High,156,147576,Daniel Kirby
INC-13079,2023-12-20 11:00:00,FRA-Core-01,Power,PDU Overload,Medium,21,5733,Melissa Lewis
INC-13080,2023-02-28 05:00:00,FRA-Core-01,Environmental,Temperature Spike,Low,13,221,Andrew Burns
INC-13081,2023-02-02 09:00:00,SIN-Core-01,Power,Generator Failure,Low,9,441,Anthony Williams
INC-13082,2024-01-01 23:00:00,DXB-Core-01,Environmental,Water Leakage,Medium,49,16709,David Montoya
INC-13083,2023-05-08 22:00:00,MUM-Zone-A,Environmental,Temperature Spike,Low,17,357,Mary Moreno
INC-13084,2023-03-23 03:00:00,MUM-Zone-A,Network,Switch Failure,Low,6,126,Gloria Porter
INC-13085,2023-08-21 18:00:00,SIN-Core-01,Network,Fiber Cut,Low,5,160,Erik Jefferson
INC-13086,2023-02-21 15:00:00,DXB-Edge-02,Cooling,Chiller Failure,Medium,22,2640,Nicole Larson
INC-13087,2023-02-05 14:00:00,MUM-Zone-A,Environmental,Temperature Spike,Low,13,156,Cindy Long
INC-13088,2023-01-19 03:00:00,FRA-Core-01,Network,Router Failure,Low,6,276,Paul Grimes
INC-13089,2023-03-16 15:00:00,FRA-Core-01,Power,UPS Failure,Low,5,55,Mrs. Julie Reynolds
INC-13090,2023-09-12 00:00:00,SIN-Core-01,Cooling,Cooling Pump Failure,Low,17,425,Michael Cortez
INC-13091,2023-01-28 06:00:00,FRA-Core-01,Power,UPS Failure,Low,5,140,Jeffrey Beard
INC-13092,2023-07-30 20:00:00,DXB-Edge-02,Network,Router Failure,High,81,74358,Ashley Crane
INC-13093,2023-07-26 22:00:00,DXB-Edge-02,Environmental,Water Leakage,Medium,52,7748,Linda Briggs
INC-13094,2023-10-05 04:00:00,FRA-Core-01,Environmental,Water Leakage,Low,7,21,Jack Hart
INC-13095,2023-02-27 19:00:00,SIN-Core-01,Cooling,CRAC Failure,Low,9,414,Isaiah Hernandez
INC-13096,2023-08-02 20:00:00,DXB-Core-01,Cooling,CRAC Failure,Low,12,168,David Moreno
INC-13097,2023-01-21 14:00:00,SIN-Core-01,Power,PDU Overload,Low,11,275,Rebekah Jones
INC-13098,2023-03-17 23:00:00,FRA-Core-01,Cooling,CRAC Failure,Low,6,186,Peter Cross
INC-13099,2023-02-03 18:00:00,SIN-Core-01,Network,Router Failure,Low,6,84,Christopher Horton
INC-13100,2023-02-23 00:00:00,LHR-Core-02,Cooling,Cooling Pump Failure,Low,16,256,Kathleen George
INC-13101,2023-10-10 05:00:00,DXB-Core-01,Network,Router Failure,Critical,359,1136235,Margaret Kelley
INC-13102,2023-05-12 20:00:00,MUM-Zone-A,Network,Switch Failure,Medium,50,9200,Isaac Gibson
INC-13103,2023-04-21 03:00:00,DXB-Edge-02,Network,Switch Failure,Low,5,250,Tonya Berry
INC-13104,2023-01-10 12:00:00,DXB-Core-01,Network,Router Failure,Medium,28,10220,Patricia Barker
INC-13105,2023-01-19 04:00:00,SIN-Core-01,Environmental,Temperature Spike,Medium,54,14634,Larry Williams
INC-13106,2023-09-16 05:00:00,DXB-Core-01,Cooling,CRAC Failure,Low,5,215,Nicole Young
INC-13107,2023-12-10 21:00:00,FRA-Core-01,Cooling,Cooling Pump Failure,Medium,30,7230,Lisa Mills
INC-13108,2023-08-17 02:00:00,DXB-Core-01,Power,UPS Failure,Medium,27,5589,Lori Allen
INC-13109,2023-04-07 22:00:00,SIN-Core-01,Environmental,Water Leakage,Low,5,40,Angela Coleman
INC-13110,2023-08-22 12:00:00,SIN-Core-01,Power,PDU Overload,Medium,23,3864,Joseph Nelson
INC-13111,2023-08-17 01:00:00,MUM-Zone-A,Network,Fiber Cut,Low,14,700,Jonathan King
INC-13112,2023-06-08 19:00:00,DXB-Edge-02,Cooling,Chiller Failure,Low,17,357,Catherine Williams
INC-13113,2023-12-22 17:00:00,LHR-Core-02,Power,PDU Overload,Low,7,301,Tracy Pineda
INC-13114,2023-08-09 17:00:00,MUM-Zone-A,Network,Router Failure,Low,5,190,William Pennington
INC-13115,2023-07-02 12:00:00,LHR-Core-02,Power,Generator Failure,Low,10,440,Briana White
INC-13116,2023-09-01 10:00:00,MUM-Zone-A,Network,Fiber Cut,Critical,491,1610971,Adrian Anderson
INC-13117,2023-11-12 03:00:00,MUM-Zone-A,Environmental,Water Leakage,Low,11,55,Kevin Rocha
INC-13118,2023-12-27 15:00:00,SIN-Core-01,Cooling,CRAC Failure,Low,10,150,Destiny Dennis
INC-13119,2023-02-06 05:00:00,MUM-Zone-A,Environmental,Water Leakage,Low,7,77,Jessica Henderson
INC-13120,2023-08-04 08:00:00,LHR-Core-02,Power,UPS Failure,Medium,52,16536,Brandon Brooks
INC-13121,2023-09-29 06:00:00,LHR-Core-02,Network,Switch Failure,Low,18,180,Robert Martinez
INC-13122,2023-02-12 18:00:00,DXB-Core-01,Power,PDU Overload,Medium,57,17898,James Rose
INC-13123,2023-10-07 15:00:00,LHR-Core-02,Network,Router Failure,Medium,47,21620,Glen Martin
INC-13124,2023-11-25 06:00:00,FRA-Core-01,Power,UPS Failure,Medium,44,7436,Nicole Horn
INC-13125,2023-06-19 19:00:00,MUM-Zone-A,Network,Router Failure,High,69,37605,Kayla Finley
INC-13126,2023-06-11 11:00:00,DXB-Core-01,Network,Fiber Cut,Low,5,45,Courtney Smith
INC-13127,2023-03-16 09:00:00,DXB-Core-01,Power,Generator Failure,Low,12,372,Leah Powers
INC-13128,2023-03-16 12:00:00,DXB-Edge-02,Power,UPS Failure,Low,5,190,Cynthia Robinson
INC-13129,2023-07-20 08:00:00,MUM-Zone-A,Network,Switch Failure,Low,14,602,Glenn Sanchez
INC-13130,2023-09-15 18:00:00,LHR-Core-02,Network,Switch Failure,High,169,143312,Mitchell Patterson Jr.
INC-13131,2023-02-22 05:00:00,DXB-Edge-02,Environmental,Temperature Spike,High,74,72594,Denise Joyce
INC-13132,2023-08-30 18:00:00,DXB-Edge-02,Network,Switch Failure,Medium,58,22968,Brianna Watson
INC-13133,2023-09-21 02:00:00,DXB-Core-01,Cooling,Cooling Pump Failure,Low,13,624,Molly Christian
INC-13134,2023-05-22 07:00:00,DXB-Core-01,Network,Fiber Cut,Low,5,25,Patricia Little
INC-13135,2023-01-03 10:00:00,DXB-Core-01,Network,Switch Failure,Low,8,128,Margaret Carlson
INC-13136,2023-10-19 00:00:00,DXB-Edge-02,Power,PDU Overload,High,134,111086,Natalie Rodriguez
INC-13137,2023-03-10 01:00:00,DXB-Edge-02,Power,PDU Overload,High,160,97600,Spencer Anderson
INC-13138,2023-11-07 14:00:00,DXB-Edge-02,Power,UPS Failure,Low,18,612,Dr. Kaitlyn Deleon
INC-13139,2023-03-10 21:00:00,MUM-Zone-A,Network,Switch Failure,High,66,46530,Sarah Wilcox
INC-13140,2023-09-25 05:00:00,DXB-Core-01,Network,Switch Failure,Low,19,171,Tanya Jones MD
INC-13141,2023-11-19 02:00:00,SIN-Core-01,Power,Generator Failure,Low,9,396,Kurt Johnson
INC-13142,2023-05-26 16:00:00,DXB-Edge-02,Environmental,Water Leakage,Low,14,504,Jared Page
INC-13143,2023-03-06 15:00:00,FRA-Core-01,Network,Switch Failure,High,140,117040,Amanda Swanson
INC-13144,2023-02-17 06:00:00,FRA-Core-01,Network,Router Failure,Medium,37,7659,Lindsay Hickman
INC-13145,2023-11-13 05:00:00,FRA-Core-01,Network,Fiber Cut,High,163,146374,Amanda Thornton
INC-13146,2023-05-05 11:00:00,DXB-Core-01,Cooling,CRAC Failure,Medium,22,8118,Erica Jackson
INC-13147,2023-12-19 21:00:00,DXB-Edge-02,Network,Switch Failure,Low,14,266,Michael Cook
INC-13148,2023-06-01 12:00:00,LHR-Core-02,Cooling,Chiller Failure,Low,18,396,William Gentry
INC-13149,2023-10-26 06:00:00,FRA-Core-01,Power,PDU Overload,Low,5,205,Caitlyn Scott DVM
INC-13150,2023-08-27 12:00:00,LHR-Core-02,Cooling,CRAC Failure,High,69,42159,Jodi Curry
INC-13151,2023-11-29 22:00:00,DXB-Core-01,Power,UPS Failure,Medium,36,14940,Peter Flores
INC-13152,2023-02-17 09:00:00,DXB-Core-01,Network,Router Failure,Low,16,240,Vickie Jackson
INC-13153,2023-03-13 01:00:00,MUM-Zone-A,Cooling,CRAC Failure,Medium,36,6732,Renee Long
INC-13154,2023-07-03 20:00:00,FRA-Core-01,Cooling,CRAC Failure,Low,11,297,Ricardo Foster
INC-13155,2023-02-08 09:00:00,FRA-Core-01,Power,UPS Failure,Low,13,338,Jason Reese
INC-13156,2023-08-25 01:00:00,DXB-Edge-02,Environmental,Water Leakage,Low,9,333,Sherry Lucas
INC-13157,2023-10-08 04:00:00,DXB-Core-01,Power,UPS Failure,High,90,64530,Lisa Kelley
INC-13158,2023-01-07 18:00:00,DXB-Edge-02,Environmental,Water Leakage,Medium,46,9798,Heather Coleman
INC-13159,2023-10-07 07:00:00,MUM-Zone-A,Power,Generator Failure,Low,19,589,James Klein
INC-13160,2023-12-07 06:00:00,MUM-Zone-A,Environmental,Water Leakage,Low,12,12,Roberta Thompson PhD
INC-13161,2023-11-20 19:00:00,LHR-Core-02,Cooling,CRAC Failure,Low,9,396,Sean Stewart
INC-13162,2023-03-01 07:00:00,MUM-Zone-A,Network,Switch Failure,Low,7,119,Mark Page
INC-13163,2023-05-20 01:00:00,FRA-Core-01,Network,Fiber Cut,Low,16,464,Richard Chen
INC-13164,2023-09-04 21:00:00,SIN-Core-01,Environmental,Water Leakage,Low,19,475,Mrs. Amanda Bell
INC-13165,2023-05-12 22:00:00,FRA-Core-01,Power,PDU Overload,Low,13,156,William Sutton
INC-13166,2023-11-23 08:00:00,LHR-Core-02,Environmental,Water Leakage,Low,8,176,George Moody
INC-13167,2023-08-07 18:00:00,MUM-Zone-A,Power,UPS Failure,Critical,294,1160712,Jennifer Howard MD
INC-13168,2023-09-08 23:00:00,DXB-Core-01,Network,Fiber Cut,Low,11,319,Theresa Mitchell
INC-13169,2023-10-04 09:00:00,MUM-Zone-A,Network,Fiber Cut,Medium,29,5104,Linda Simon
INC-13170,2023-07-18 10:00:00,DXB-Edge-02,Environmental,Water Leakage,Low,19,836,Jesus Cochran
INC-13171,2023-04-15 11:00:00,DXB-Edge-02,Network,Fiber Cut,High,146,134320,Gina Villarreal
INC-13172,2023-02-16 16:00:00,FRA-Core-01,Cooling,CRAC Failure,Low,6,276,Robert Calderon
INC-13173,2023-01-03 16:00:00,MUM-Zone-A,Cooling,Cooling Pump Failure,Low,15,330,Jessica Anderson
INC-13174,2023-09-22 06:00:00,DXB-Edge-02,Environmental,Water Leakage,Low,19,741,Ann Smith
INC-13175,2023-05-25 10:00:00,SIN-Core-01,Environmental,Water Leakage,Low,19,266,Mary Thomas
INC-13176,2023-11-06 02:00:00,SIN-Core-01,Cooling,CRAC Failure,Medium,39,10647,Christian Williams
INC-13177,2023-02-26 15:00:00,DXB-Edge-02,Power,PDU Overload,Low,8,80,Jose Kline
INC-13178,2023-01-21 05:00:00,LHR-Core-02,Power,PDU Overload,Low,6,228,Jose Molina
INC-13179,2023-06-29 17:00:00,MUM-Zone-A,Cooling,CRAC Failure,Medium,52,25740,Steven Holden
INC-13180,2023-09-12 04:00:00,DXB-Core-01,Network,Fiber Cut,Low,15,45,Michael Huff
INC-13181,2023-10-06 13:00:00,DXB-Core-01,Environmental,Temperature Spike,Low,17,34,Joseph Miller
INC-13182,2023-08-24 18:00:00,LHR-Core-02,Environmental,Water Leakage,Low,16,256,Harold Schultz
INC-13183,2023-09-28 19:00:00,DXB-Edge-02,Environmental,Temperature Spike,Low,5,160,Laura Wolfe
INC-13184,2023-11-21 01:00:00,LHR-Core-02,Power,UPS Failure,Medium,31,8928,Crystal Ross
INC-13185,2023-10-11 23:00:00,DXB-Edge-02,Cooling,CRAC Failure,Low,18,252,Douglas Deleon
INC-13186,2023-08-28 17:00:00,DXB-Edge-02,Network,Switch Failure,Low,5,100,Brandon Banks
INC-13187,2023-03-21 01:00:00,LHR-Core-02,Network,Router Failure,Medium,44,15928,Shannon Espinoza
INC-13188,2023-03-13 10:00:00,DXB-Core-01,Environmental,Water Leakage,Low,19,342,Alexis Washington
INC-13189,2023-10-24 22:00:00,LHR-Core-02,Power,UPS Failure,Medium,51,7140,Sarah Heath
INC-13190,2023-07-17 10:00:00,LHR-Core-02,Environmental,Temperature Spike,High,115,95105,Patricia Young
INC-13191,2023-05-06 19:00:00,DXB-Edge-02,Power,PDU Overload,Low,10,190,Jessica Garza
INC-13192,2023-06-13 00:00:00,MUM-Zone-A,Network,Fiber Cut,Low,17,34,Jerry Bradley
INC-13193,2023-05-07 23:00:00,FRA-Core-01,Network,Fiber Cut,Low,15,405,Dominique White
INC-13194,2023-03-19 22:00:00,DXB-Core-01,Power,Generator Failure,Low,16,288,Daryl Wood
INC-13195,2023-03-05 21:00:00,MUM-Zone-A,Cooling,CRAC Failure,Medium,33,13497,Timothy Wallace
INC-13196,2023-04-19 18:00:00,DXB-Core-01,Cooling,Cooling Pump Failure,Medium,47,17813,Anna Fischer
INC-13197,2023-08-05 13:00:00,MUM-Zone-A,Cooling,CRAC Failure,Low,12,480,Kelli Caldwell
INC-13198,2023-04-29 00:00:00,FRA-Core-01,Power,PDU Overload,Low,15,165,Danielle Moody
INC-13199,2023-09-25 17:00:00,LHR-Core-02,Network,Switch Failure,Medium,35,6580,Devon Martinez
INC-13200,2023-02-21 19:00:00,MUM-Zone-A,Cooling,CRAC Failure,Low,19,190,Paul Jensen
INC-13201,2023-01-18 06:00:00,SIN-Core-01,Cooling,Cooling Pump Failure,High,126,86058,Jennifer Gray
INC-13202,2023-12-20 14:00:00,LHR-Core-02,Network,Fiber Cut,Critical,548,2244608,Crystal Hart
INC-13203,2023-03-20 15:00:00,MUM-Zone-A,Environmental,Water Leakage,High,85,52020,Gina Nguyen
INC-13204,2023-09-30 10:00:00,FRA-Core-01,Network,Router Failure,Critical,524,1769548,Philip Howell
INC-13205,2023-11-06 10:00:00,LHR-Core-02,Environmental,Temperature Spike,Low,15,720,Steven Blackwell
INC-13206,2023-09-22 15:00:00,DXB-Core-01,Cooling,Cooling Pump Failure,Medium,41,10414,Denise Ortiz
INC-13207,2023-07-28 01:00:00,DXB-Core-01,Environmental,Temperature Spike,Low,14,686,Gregory Johnson
INC-13208,2023-04-04 13:00:00,SIN-Core-01,Cooling,CRAC Failure,Low,8,56,William Esparza
INC-13209,2023-07-25 04:00:00,FRA-Core-01,Power,UPS Failure,Critical,236,546812,Meghan Martinez
INC-13210,2023-12-01 20:00:00,MUM-Zone-A,Cooling,CRAC Failure,Low,13,234,Kenneth Warren
INC-13211,2023-08-29 10:00:00,LHR-Core-02,Cooling,Cooling Pump Failure,Low,10,140,Nicole Castaneda
INC-13212,2023-03-26 11:00:00,DXB-Core-01,Network,Router Failure,Low,16,128,Samantha Ross
INC-13213,2023-07-19 19:00:00,MUM-Zone-A,Cooling,Cooling Pump Failure,Low,8,112,Susan Coleman
INC-13214,2023-06-03 00:00:00,SIN-Core-01,Environmental,Temperature Spike,Low,16,400,Jeremy Mccall
INC-13215,2023-11-10 11:00:00,MUM-Zone-A,Power,UPS Failure,Medium,59,26786,Joshua Hull
INC-13216,2023-09-22 08:00:00,LHR-Core-02,Power,UPS Failure,Medium,38,10184,Jacqueline Shepard
INC-13217,2023-04-14 21:00:00,MUM-Zone-A,Power,Generator Failure,Low,12,588,Nicole Johnson
INC-13218,2023-02-08 21:00:00,DXB-Core-01,Cooling,CRAC Failure,Low,12,480,Jeffrey Freeman
INC-13219,2023-01-11 04:00:00,DXB-Core-01,Cooling,Chiller Failure,Medium,59,12331,Michelle Hall
INC-13220,2023-07-07 04:00:00,LHR-Core-02,Environmental,Temperature Spike,High,155,135625,Tiffany Montoya
INC-13221,2023-11-23 06:00:00,DXB-Edge-02,Environmental,Water Leakage,Low,12,204,Christina Stewart
INC-13222,2023-04-14 19:00:00,LHR-Core-02,Power,Generator Failure,Low,16,320,Brittany Smith
INC-13223,2023-10-02 04:00:00,DXB-Core-01,Network,Switch Failure,Low,11,253,Aaron Patrick
INC-13224,2023-06-19 00:00:00,SIN-Core-01,Environmental,Water Leakage,Low,13,364,Devon Alexander
INC-13225,2023-09-17 15:00:00,DXB-Core-01,Network,Router Failure,Medium,32,11168,Terry Vasquez
INC-13226,2023-10-30 18:00:00,SIN-Core-01,Environmental,Temperature Spike,Low,8,400,Andrea Duarte
INC-13227,2023-09-06 15:00:00,FRA-Core-01,Power,Generator Failure,Medium,29,3654,Shannon Elliott
INC-13228,2023-05-07 07:00:00,SIN-Core-01,Power,Generator Failure,Medium,21,7854,Mark Thompson
INC-13229,2023-01-04 01:00:00,DXB-Core-01,Network,Switch Failure,Low,16,448,Steven Barron
INC-13230,2023-06-19 09:00:00,DXB-Core-01,Network,Fiber Cut,Medium,54,20790,Norma Dunn
INC-13231,2023-06-09 23:00:00,MUM-Zone-A,Cooling,CRAC Failure,Low,15,720,Stephen Chan
INC-13232,2023-12-06 20:00:00,DXB-Core-01,Power,PDU Overload,Low,16,208,William Cline
INC-13233,2023-01-23 09:00:00,DXB-Core-01,Network,Fiber Cut,Low,5,115,James Brennan
INC-13234,2023-03-16 20:00:00,LHR-Core-02,Cooling,CRAC Failure,Low,12,168,Ricky Martinez
INC-13235,2023-03-04 15:00:00,SIN-Core-01,Environmental,Temperature Spike,Low,7,70,Timothy Hays
INC-13236,2023-02-28 17:00:00,DXB-Edge-02,Environmental,Water Leakage,Medium,48,6144,Jeanette Bates
INC-13237,2023-07-31 17:00:00,DXB-Edge-02,Network,Switch Failure,Low,16,624,Kimberly Cooper
INC-13238,2023-01-16 15:00:00,DXB-Edge-02,Cooling,Cooling Pump Failure,Medium,33,15378,Brooke Barron
INC-13239,2023-01-29 05:00:00,FRA-Core-01,Power,UPS Failure,Low,8,0,Jamie Mcclure
INC-13240,2023-11-27 06:00:00,SIN-Core-01,Cooling,CRAC Failure,Low,18,828,Denise Winters
INC-13241,2023-01-07 10:00:00,DXB-Core-01,Network,Switch Failure,Low,18,432,Oscar Jacobson
INC-13242,2023-01-30 23:00:00,SIN-Core-01,Power,Generator Failure,Low,11,418,Tracy Townsend
INC-13243,2023-08-07 22:00:00,DXB-Core-01,Power,UPS Failure,Low,13,91,Tonya Zimmerman
INC-13244,2023-03-21 12:00:00,DXB-Core-01,Network,Fiber Cut,Low,13,156,Matthew Castro
INC-13245,2023-01-23 03:00:00,MUM-Zone-A,Environmental,Water Leakage,Low,16,144,Carla Dean
INC-13246,2023-03-02 00:00:00,DXB-Core-01,Environmental,Temperature Spike,Medium,35,12600,Stephanie Lopez
INC-13247,2023-12-27 01:00:00,MUM-Zone-A,Cooling,CRAC Failure,Low,6,198,Doris Diaz
INC-13248,2023-05-05 13:00:00,DXB-Core-01,Environmental,Water Leakage,Low,7,329,Jesus Gonzalez
INC-13249,2023-09-16 06:00:00,DXB-Core-01,Cooling,Chiller Failure,Low,12,504,Mary Rodriguez
INC-13250,2023-03-11 10:00:00,LHR-Core-02,Cooling,Chiller Failure,Medium,40,7760,Jeffrey Dodson
INC-13251,2023-05-17 05:00:00,FRA-Core-01,Environmental,Temperature Spike,Low,6,18,Gina Shaffer
INC-13252,2023-05-01 07:00:00,SIN-Core-01,Cooling,Chiller Failure,Medium,47,11421,James Barnes
INC-13253,2023-07-26 12:00:00,DXB-Edge-02,Power,Generator Failure,Low,16,528,Robert Hill
INC-13254,2023-01-19 01:00:00,MUM-Zone-A,Network,Router Failure,Low,17,646,Tammy Berry
INC-13255,2023-05-11 00:00:00,MUM-Zone-A,Cooling,CRAC Failure,Low,10,460,Lisa Miller
INC-13256,2023-01-19 00:00:00,MUM-Zone-A,Environmental,Water Leakage,Low,8,296,Stephen Powers
INC-13257,2023-11-11 14:00:00,SIN-Core-01,Network,Router Failure,High,153,137700,Laura Norton
INC-13258,2023-04-05 01:00:00,LHR-Core-02,Environmental,Temperature Spike,High,97,91180,Jennifer Cook
INC-13259,2023-01-18 04:00:00,DXB-Edge-02,Cooling,CRAC Failure,Medium,27,8883,Gabriella Morgan
INC-13260,2023-11-04 10:00:00,DXB-Edge-02,Network,Switch Failure,Low,19,399,Paul Wagner
INC-13261,2023-12-25 16:00:00,MUM-Zone-A,Power,Generator Failure,Low,6,174,Jeremy Duke
INC-13262,2023-11-28 01:00:00,SIN-Core-01,Power,UPS Failure,High,69,38364,Mitchell Smith
INC-13263,2023-12-22 19:00:00,MUM-Zone-A,Network,Switch Failure,Medium,53,22790,Eugene Taylor
INC-13264,2023-11-27 10:00:00,MUM-Zone-A,Cooling,Chiller Failure,Low,7,329,George Diaz
INC-13265,2023-07-27 00:00:00,SIN-Core-01,Cooling,Chiller Failure,Medium,40,6720,Javier Garrett
INC-13266,2023-02-17 22:00:00,SIN-Core-01,Network,Switch Failure,Medium,49,11564,Melissa Molina
INC-13267,2023-12-20 07:00:00,SIN-Core-01,Power,Generator Failure,Low,18,180,Ashley Wyatt
INC-13268,2023-09-06 12:00:00,DXB-Core-01,Power,UPS Failure,Low,5,20,Jacob Thompson
INC-13269,2023-11-13 19:00:00,DXB-Core-01,Power,Generator Failure,Critical,367,400030,Chad Miller
INC-13270,2023-05-13 15:00:00,LHR-Core-02,Power,Generator Failure,Low,13,429,Marie Solis
INC-13271,2023-09-02 18:00:00,SIN-Core-01,Environmental,Temperature Spike,Low,5,10,Susan Morrison
INC-13272,2023-09-04 07:00:00,MUM-Zone-A,Power,PDU Overload,Low,15,270,Jared Hall
INC-13273,2023-07-20 03:00:00,MUM-Zone-A,Network,Switch Failure,High,102,84456,Mrs. Lisa Johnson DDS
INC-13274,2023-08-01 08:00:00,DXB-Edge-02,Cooling,Cooling Pump Failure,Low,11,165,Christopher Luna
INC-13275,2023-08-12 11:00:00,LHR-Core-02,Power,UPS Failure,Medium,51,14586,Marcus Acevedo
INC-13276,2023-07-06 08:00:00,MUM-Zone-A,Power,PDU Overload,Low,8,48,Mitchell Howard
INC-13277,2023-04-02 11:00:00,DXB-Core-01,Environmental,Water Leakage,Low,12,576,Michelle Gordon
INC-13278,2023-09-21 21:00:00,MUM-Zone-A,Environmental,Temperature Spike,Low,8,168,Melissa Freeman
INC-13279,2023-04-28 03:00:00,MUM-Zone-A,Network,Fiber Cut,High,106,64236,Jack Adams
INC-13280,2023-10-11 06:00:00,FRA-Core-01,Cooling,CRAC Failure,Low,18,216,Daniel Gibson
INC-13281,2023-07-11 06:00:00,LHR-Core-02,Network,Switch Failure,Low,19,57,Juan Torres
INC-13282,2023-06-24 10:00:00,DXB-Edge-02,Network,Switch Failure,Medium,59,23010,Elizabeth Matthews
INC-13283,2023-03-28 10:00:00,DXB-Edge-02,Cooling,Chiller Failure,Low,6,270,Steven Espinoza
INC-13284,2023-03-22 05:00:00,MUM-Zone-A,Network,Router Failure,Low,19,418,James Smith
INC-13285,2023-01-17 06:00:00,DXB-Edge-02,Power,UPS Failure,Medium,53,19080,Rhonda Clark
INC-13286,2023-02-20 08:00:00,DXB-Edge-02,Cooling,Chiller Failure,Low,11,165,Gary Hernandez
INC-13287,2023-10-16 18:00:00,LHR-Core-02,Cooling,Chiller Failure,Medium,59,20709,Susan Warner
INC-13288,2023-08-27 15:00:00,SIN-Core-01,Environmental,Water Leakage,Low,13,91,Gary Wood
INC-13289,2023-06-04 07:00:00,FRA-Core-01,Network,Switch Failure,Critical,299,649727,Tyler Miller
INC-13290,2023-06-22 03:00:00,DXB-Edge-02,Cooling,CRAC Failure,Low,17,34,Vincent Krause
INC-13291,2023-03-27 10:00:00,LHR-Core-02,Power,PDU Overload,Low,6,300,John Lawrence
INC-13292,2023-10-27 18:00:00,FRA-Core-01,Network,Switch Failure,Low,6,6,Daniel Smith
INC-13293,2023-11-19 14:00:00,DXB-Edge-02,Cooling,CRAC Failure,Medium,29,8091,Michael Buchanan
INC-13294,2023-03-05 20:00:00,DXB-Edge-02,Cooling,Cooling Pump Failure,Low,18,18,Ashlee Olson
INC-13295,2023-10-01 16:00:00,SIN-Core-01,Cooling,Cooling Pump Failure,Low,16,208,James Campbell
INC-13296,2023-04-23 01:00:00,LHR-Core-02,Network,Router Failure,Low,18,900,Juan Barnett
INC-13297,2023-08-05 05:00:00,MUM-Zone-A,Power,PDU Overload,Low,18,270,Aaron Williams
INC-13298,2023-12-30 20:00:00,FRA-Core-01,Network,Fiber Cut,Critical,229,340752,John Cooper
INC-13299,2023-04-28 17:00:00,SIN-Core-01,Power,PDU Overload,Medium,43,11180,Jessica Dixon
INC-13300,2023-07-16 19:00:00,DXB-Edge-02,Network,Fiber Cut,Low,18,198,Emily Rosario
INC-13301,2023-04-04 08:00:00,LHR-Core-02,Cooling,Chiller Failure,Low,14,196,Steven Nguyen
INC-13302,2023-10-26 20:00:00,FRA-Core-01,Power,PDU Overload,Low,5,160,Jamie Lindsey
INC-13303,2023-09-18 09:00:00,MUM-Zone-A,Power,Generator Failure,Medium,41,18942,Bryce Jenkins
INC-13304,2023-05-05 01:00:00,SIN-Core-01,Environmental,Water Leakage,Low,15,720,Larry Bowen
INC-13305,2023-01-23 16:00:00,SIN-Core-01,Cooling,Chiller Failure,Low,12,336,Olivia Cruz
INC-13306,2023-01-05 15:00:00,SIN-Core-01,Network,Switch Failure,Low,17,595,Johnny Robinson
INC-13307,2023-06-06 21:00:00,MUM-Zone-A,Environmental,Water Leakage,Medium,51,10965,Larry Andrews
INC-13308,2023-11-26 07:00:00,FRA-Core-01,Power,UPS Failure,Medium,57,9006,James Hill
INC-13309,2023-09-20 23:00:00,FRA-Core-01,Environmental,Temperature Spike,Low,6,108,Brian Webb
INC-13310,2023-03-19 06:00:00,DXB-Core-01,Cooling,Chiller Failure,Medium,39,7761,Susan Meadows
INC-13311,2023-10-25 19:00:00,DXB-Edge-02,Power,UPS Failure,High,130,108680,Adam Barron
INC-13312,2023-09-05 14:00:00,DXB-Edge-02,Power,Generator Failure,Medium,42,13314,James Owen
INC-13313,2023-01-01 22:00:00,FRA-Core-01,Network,Switch Failure,Low,14,406,Gabriel Miller
INC-13314,2023-11-19 03:00:00,SIN-Core-01,Cooling,Cooling Pump Failure,Low,17,578,David Curtis
INC-13315,2023-08-12 12:00:00,SIN-Core-01,Power,PDU Overload,Low,18,18,Mary Rios
INC-13316,2023-03-13 08:00:00,SIN-Core-01,Network,Fiber Cut,Low,12,276,Sarah Huber
INC-13317,2023-09-04 00:00:00,MUM-Zone-A,Network,Switch Failure,Low,6,222,Susan Johnson
INC-13318,2023-07-24 08:00:00,SIN-Core-01,Network,Fiber Cut,Critical,302,1071194,Megan Guerra
INC-13319,2023-11-26 14:00:00,LHR-Core-02,Power,Generator Failure,Low,12,360,Sarah Taylor
INC-13320,2023-09-30 10:00:00,MUM-Zone-A,Network,Fiber Cut,Low,6,72,Kathryn Woods
INC-13321,2023-03-12 18:00:00,SIN-Core-01,Power,UPS Failure,Low,17,17,Tracy Solis
INC-13322,2023-07-24 03:00:00,FRA-Core-01,Power,PDU Overload,Low,12,192,Jennifer Lewis
INC-13323,2023-05-21 19:00:00,DXB-Core-01,Power,UPS Failure,High,133,83258,Erin Brown
INC-13324,2023-05-20 18:00:00,DXB-Edge-02,Network,Fiber Cut,Medium,49,19159,Kayla Bailey
INC-13325,2023-09-08 02:00:00,DXB-Core-01,Network,Fiber Cut,Medium,40,12000,Sean Clements
INC-13326,2023-07-15 00:00:00,MUM-Zone-A,Network,Switch Failure,Critical,313,1509599,Elaine Kelley
INC-13327,2023-06-21 15:00:00,LHR-Core-02,Power,UPS Failure,Low,14,280,Kyle Johnson
INC-13328,2023-12-01 08:00:00,MUM-Zone-A,Cooling,CRAC Failure,Low,16,336,Brian Wilson
INC-13329,2023-03-10 19:00:00,SIN-Core-01,Power,PDU Overload,Low,15,720,Kristin Hansen
INC-13330,2023-10-11 01:00:00,FRA-Core-01,Environmental,Water Leakage,High,157,80070,Joseph Gonzales MD
INC-13331,2023-09-02 01:00:00,DXB-Core-01,Network,Switch Failure,High,74,41366,Elizabeth Evans
INC-13332,2023-12-10 23:00:00,SIN-Core-01,Cooling,Chiller Failure,Low,11,308,Cheryl Anderson
INC-13333,2023-05-04 22:00:00,DXB-Edge-02,Cooling,CRAC Failure,Low,9,18,Jose Williams
INC-13334,2023-03-22 01:00:00,DXB-Core-01,Power,UPS Failure,Medium,57,17442,Jessica Brown
INC-13335,2023-04-09 03:00:00,MUM-Zone-A,Cooling,Cooling Pump Failure,Low,14,322,Heather Dunn
INC-13336,2023-07-04 02:00:00,FRA-Core-01,Power,PDU Overload,Low,13,611,Jasmine Yang
INC-13337,2023-07-13 12:00:00,LHR-Core-02,Cooling,Cooling Pump Failure,High,178,146494,Latoya Gregory
INC-13338,2023-07-16 20:00:00,SIN-Core-01,Power,PDU Overload,Low,18,504,Jeremy Thompson
INC-13339,2023-06-27 02:00:00,SIN-Core-01,Cooling,Chiller Failure,Low,6,54,Gregory Burns
INC-13340,2023-05-09 06:00:00,DXB-Core-01,Power,UPS Failure,Low,10,290,Peter Koch
INC-13341,2023-01-05 00:00:00,SIN-Core-01,Cooling,Chiller Failure,Low,17,816,Brian Lawson
INC-13342,2023-08-27 10:00:00,SIN-Core-01,Power,UPS Failure,Medium,35,3745,Kayla Gutierrez
INC-13343,2023-03-03 15:00:00,DXB-Edge-02,Power,UPS Failure,Critical,512,512000,Kara Vargas
INC-13344,2023-05-17 11:00:00,SIN-Core-01,Power,PDU Overload,Medium,58,24070,Eric Berger
INC-13345,2023-10-04 07:00:00,MUM-Zone-A,Environmental,Water Leakage,Low,15,15,Julian Jackson
INC-13346,2023-04-14 23:00:00,LHR-Core-02,Cooling,CRAC Failure,Low,8,72,George Gregory
INC-13347,2023-10-28 14:00:00,SIN-Core-01,Environmental,Water Leakage,Medium,48,9696,Gary Wall
INC-13348,2023-11-23 04:00:00,MUM-Zone-A,Power,PDU Overload,Low,19,171,Robert Thomas
INC-13349,2023-07-02 03:00:00,DXB-Edge-02,Environmental,Temperature Spike,Medium,38,15960,Nathan Reid
INC-13350,2023-11-10 09:00:00,LHR-Core-02,Network,Router Failure,High,157,153860,Garrett Stone
INC-13351,2023-04-26 12:00:00,SIN-Core-01,Power,PDU Overload,Medium,29,5365,Roberto Jones
INC-13352,2023-01-08 03:00:00,DXB-Edge-02,Power,PDU Overload,Low,7,84,Megan Lamb
INC-13353,2023-05-08 14:00:00,MUM-Zone-A,Power,UPS Failure,Low,6,198,Gerald Day
INC-13354,2023-02-06 13:00:00,FRA-Core-01,Network,Switch Failure,Low,12,348,Kristina Conner
INC-13355,2023-12-26 09:00:00,DXB-Edge-02,Network,Fiber Cut,Medium,29,5655,Gregory Luna
INC-13356,2023-11-12 07:00:00,SIN-Core-01,Network,Switch Failure,Low,5,250,Wendy Pugh
INC-13357,2023-09-17 17:00:00,MUM-Zone-A,Environmental,Temperature Spike,Low,12,132,Yvonne Tran
INC-13358,2023-01-20 18:00:00,DXB-Edge-02,Network,Fiber Cut,Low,5,40,Ronald Martin
INC-13359,2023-04-22 22:00:00,SIN-Core-01,Cooling,CRAC Failure,Low,18,468,Bryan Thomas
INC-13360,2023-06-06 23:00:00,SIN-Core-01,Network,Router Failure,Low,17,323,John Benton
INC-13361,2023-03-25 07:00:00,DXB-Edge-02,Environmental,Water Leakage,Low,15,330,Gregory Walker
INC-13362,2023-11-02 13:00:00,LHR-Core-02,Cooling,Chiller Failure,Low,7,280,Cindy Conrad
INC-13363,2023-05-17 18:00:00,FRA-Core-01,Power,PDU Overload,Medium,44,20768,Yolanda Farrell
INC-13364,2023-03-03 10:00:00,DXB-Edge-02,Cooling,CRAC Failure,Medium,49,24059,Sharon Brown
INC-13365,2023-01-24 03:00:00,DXB-Core-01,Power,PDU Overload,Critical,522,865998,Kristin Vargas
INC-13366,2023-01-03 12:00:00,LHR-Core-02,Power,Generator Failure,Critical,507,745290,Diana Smith
INC-13367,2023-06-13 11:00:00,DXB-Core-01,Power,UPS Failure,Low,18,792,Nina Parsons
INC-13368,2023-11-08 09:00:00,DXB-Edge-02,Cooling,Chiller Failure,Low,5,45,Patrick Wu
INC-13369,2023-08-25 06:00:00,DXB-Core-01,Network,Switch Failure,Medium,51,10608,Margaret Smith
INC-13370,2023-01-24 08:00:00,MUM-Zone-A,Power,Generator Failure,Low,16,176,Bradley Douglas
INC-13371,2023-08-05 20:00:00,LHR-Core-02,Cooling,Chiller Failure,Critical,412,927824,Robert Short
INC-13372,2023-07-14 11:00:00,DXB-Core-01,Cooling,CRAC Failure,Low,10,330,Ann Campbell
INC-13373,2023-07-05 11:00:00,DXB-Core-01,Network,Switch Failure,Low,19,114,April Walker
INC-13374,2023-07-30 08:00:00,DXB-Edge-02,Network,Router Failure,Low,11,209,Lorraine Brooks
INC-13375,2023-08-28 20:00:00,LHR-Core-02,Cooling,Chiller Failure,Low,19,361,Elizabeth Hardy
INC-13376,2023-03-28 14:00:00,LHR-Core-02,Power,UPS Failure,High,153,130509,Joshua Johnson
INC-13377,2023-08-27 11:00:00,FRA-Core-01,Network,Fiber Cut,Low,14,112,Alexandria Cox PhD
INC-13378,2023-08-05 13:00:00,LHR-Core-02,Environmental,Water Leakage,Medium,52,9464,Brittney Jones
INC-13379,2023-06-05 03:00:00,FRA-Core-01,Power,UPS Failure,Low,12,300,Laura Russell
INC-13380,2023-05-30 16:00:00,DXB-Edge-02,Network,Switch Failure,Low,13,377,Marco Clark
INC-13381,2023-10-20 20:00:00,MUM-Zone-A,Cooling,Cooling Pump Failure,High,79,45978,Amanda Powers
INC-13382,2023-07-24 07:00:00,FRA-Core-01,Cooling,CRAC Failure,Low,6,246,Annette Beltran
INC-13383,2023-11-24 01:00:00,DXB-Core-01,Environmental,Temperature Spike,Low,10,10,Brandi Pennington
INC-13384,2023-10-24 08:00:00,LHR-Core-02,Network,Fiber Cut,Low,5,70,Mallory Jones
INC-13385,2023-07-23 09:00:00,MUM-Zone-A,Environmental,Temperature Spike,High,78,61464,Amanda Anderson
INC-13386,2023-07-02 23:00:00,DXB-Edge-02,Environmental,Temperature Spike,Low,11,495,Erin Higgins
INC-13387,2023-02-11 07:00:00,DXB-Core-01,Environmental,Water Leakage,Low,6,84,Lisa Moore
INC-13388,2023-07-03 08:00:00,SIN-Core-01,Power,UPS Failure,Low,10,470,Aaron Gibson
INC-13389,2023-01-26 15:00:00,LHR-Core-02,Environmental,Water Leakage,Low,10,180,Brian Taylor
INC-13390,2023-09-02 05:00:00,LHR-Core-02,Cooling,CRAC Failure,Low,8,400,Gary Hanna
INC-13391,2023-09-30 01:00:00,FRA-Core-01,Cooling,Chiller Failure,High,76,59432,Troy Rosario
INC-13392,2023-03-24 19:00:00,FRA-Core-01,Power,PDU Overload,Medium,45,10575,Lorraine Jordan
INC-13393,2023-02-01 07:00:00,FRA-Core-01,Power,PDU Overload,Medium,49,9163,John Daniel
INC-13394,2023-07-08 22:00:00,FRA-Core-01,Cooling,CRAC Failure,Low,11,198,David Roberson
INC-13395,2023-04-28 03:00:00,DXB-Core-01,Network,Switch Failure,Low,10,470,Darrell Fox
INC-13396,2023-03-19 20:00:00,DXB-Edge-02,Network,Fiber Cut,Medium,57,13965,Eric Robertson
INC-13397,2023-07-06 15:00:00,SIN-Core-01,Environmental,Water Leakage,Low,14,518,Catherine Torres
INC-13398,2023-07-07 07:00:00,DXB-Edge-02,Environmental,Water Leakage,Low,16,736,Mark Perez
INC-13399,2023-03-24 20:00:00,DXB-Edge-02,Environmental,Water Leakage,Low,10,500,Edward Rich
INC-13400,2023-10-12 17:00:00,FRA-Core-01,Environmental,Water Leakage,Medium,37,6142,Kayla Daniel
INC-13401,2023-01-22 20:00:00,FRA-Core-01,Power,UPS Failure,Medium,25,2500,John Saunders
INC-13402,2023-12-24 18:00:00,FRA-Core-01,Environmental,Temperature Spike,Medium,42,17682,Ashley Miller MD
INC-13403,2023-05-10 22:00:00,MUM-Zone-A,Power,UPS Failure,Medium,41,15170,Michael Nguyen
INC-13404,2023-03-04 17:00:00,FRA-Core-01,Environmental,Water Leakage,Low,17,799,Brooke Young
INC-13405,2023-02-25 19:00:00,SIN-Core-01,Power,PDU Overload,Low,10,180,Christopher White
INC-13406,2023-07-05 14:00:00,LHR-Core-02,Environmental,Water Leakage,High,155,125860,John Hardin
INC-13407,2023-03-10 01:00:00,LHR-Core-02,Network,Router Failure,High,165,133485,Debbie Weaver
INC-13408,2023-04-07 11:00:00,LHR-Core-02,Network,Fiber Cut,Low,5,55,Maria Brady
INC-13409,2023-01-31 10:00:00,DXB-Core-01,Power,PDU Overload,Low,8,24,Steven Castaneda
INC-13410,2023-12-11 21:00:00,MUM-Zone-A,Power,Generator Failure,Low,13,182,Jennifer Munoz
INC-13411,2023-12-27 15:00:00,LHR-Core-02,Network,Router Failure,Low,6,270,Elizabeth Mckinney
INC-13412,2023-10-03 14:00:00,SIN-Core-01,Power,Generator Failure,Medium,41,7339,Benjamin Williamson
INC-13413,2023-04-04 16:00:00,MUM-Zone-A,Cooling,Cooling Pump Failure,Medium,51,22950,Nicholas Horton
INC-13414,2023-09-30 06:00:00,SIN-Core-01,Environmental,Temperature Spike,Medium,20,9960,Alicia Davis
INC-13415,2023-08-06 20:00:00,DXB-Core-01,Cooling,Cooling Pump Failure,Low,15,15,John Castillo
INC-13416,2023-03-05 00:00:00,MUM-Zone-A,Network,Switch Failure,High,140,134120,Elizabeth Reeves
INC-13417,2023-01-17 08:00:00,LHR-Core-02,Power,PDU Overload,Low,5,20,Alexandra Pierce
INC-13418,2023-03-04 09:00:00,FRA-Core-01,Network,Fiber Cut,Low,8,8,Karen Smith
INC-13419,2023-12-22 16:00:00,DXB-Core-01,Power,PDU Overload,Low,18,72,James Frost
INC-13420,2023-08-22 03:00:00,DXB-Core-01,Cooling,Chiller Failure,Low,18,882,Adam Wilson
INC-13421,2023-07-07 01:00:00,FRA-Core-01,Cooling,Chiller Failure,High,117,85995,Ashley Torres
INC-13422,2023-11-11 03:00:00,DXB-Core-01,Cooling,CRAC Failure,High,133,116242,Anthony Kent
INC-13423,2023-12-07 12:00:00,DXB-Edge-02,Power,PDU Overload,Low,7,336,Joseph Baxter
INC-13424,2023-06-20 00:00:00,SIN-Core-01,Network,Switch Failure,Medium,57,21603,Vincent Conrad
INC-13425,2023-05-01 13:00:00,MUM-Zone-A,Power,UPS Failure,High,128,78336,Katie Nielsen
INC-13426,2023-07-31 09:00:00,FRA-Core-01,Environmental,Temperature Spike,Critical,473,946000,Shirley Sampson
INC-13427,2023-05-09 09:00:00,LHR-Core-02,Cooling,CRAC Failure,High,65,58630,Lindsey Rodriguez
INC-13428,2023-04-20 09:00:00,DXB-Edge-02,Cooling,Cooling Pump Failure,High,157,138003,Caleb Wise
INC-13429,2023-07-21 21:00:00,DXB-Edge-02,Network,Fiber Cut,Low,5,160,Carl Hampton
INC-13430,2023-05-17 08:00:00,SIN-Core-01,Cooling,Chiller Failure,Low,13,494,Nathan Jordan
INC-13431,2023-08-31 21:00:00,DXB-Edge-02,Environmental,Temperature Spike,Low,9,351,Helen Rogers PhD
INC-13432,2023-06-06 12:00:00,DXB-Edge-02,Cooling,CRAC Failure,High,127,113030,Anthony Larsen
INC-13433,2023-07-04 06:00:00,MUM-Zone-A,Cooling,CRAC Failure,Medium,58,12586,Steven Johnson
INC-13434,2023-10-27 12:00:00,MUM-Zone-A,Environmental,Temperature Spike,Low,18,792,Tiffany Weeks
INC-13435,2023-05-08 22:00:00,DXB-Core-01,Network,Router Failure,Medium,24,9216,Monica Bowen
INC-13436,2023-06-21 17:00:00,LHR-Core-02,Network,Router Failure,Low,18,288,Alex Pearson
INC-13437,2023-07-01 04:00:00,DXB-Core-01,Environmental,Water Leakage,Low,12,72,Nathaniel Howard
INC-13438,2023-01-22 15:00:00,FRA-Core-01,Network,Fiber Cut,Medium,40,7360,Raymond Nelson
INC-13439,2023-02-23 17:00:00,SIN-Core-01,Cooling,CRAC Failure,Low,19,228,Sharon Gutierrez
INC-13440,2023-02-05 09:00:00,LHR-Core-02,Environmental,Temperature Spike,Low,17,17,Kim Martinez
INC-13441,2023-07-10 21:00:00,FRA-Core-01,Environmental,Water Leakage,Medium,29,5945,Leslie Scott
INC-13442,2023-12-29 03:00:00,DXB-Edge-02,Environmental,Temperature Spike,Low,7,322,Jacqueline Brown
INC-13443,2023-05-10 11:00:00,FRA-Core-01,Power,UPS Failure,Medium,41,16605,Mrs. Morgan Dawson MD
INC-13444,2023-10-21 12:00:00,LHR-Core-02,Network,Switch Failure,Medium,29,12789,Amanda Archer
INC-13445,2023-04-17 16:00:00,DXB-Core-01,Environmental,Water Leakage,Low,9,450,Alisha Mosley
INC-13446,2023-07-24 14:00:00,SIN-Core-01,Power,UPS Failure,Critical,291,980961,Richard Richards
INC-13447,2023-05-24 23:00:00,FRA-Core-01,Network,Fiber Cut,Medium,56,13272,Tina Ellis
INC-13448,2023-12-08 02:00:00,FRA-Core-01,Cooling,Cooling Pump Failure,Medium,53,9752,James Robinson
INC-13449,2023-06-24 15:00:00,LHR-Core-02,Network,Router Failure,Low,7,231,Nicole Ramirez
INC-13450,2023-02-21 09:00:00,MUM-Zone-A,Power,Generator Failure,Low,13,338,Larry Decker
INC-13451,2023-05-10 15:00:00,DXB-Edge-02,Power,Generator Failure,Medium,44,19360,Krista Roberts
INC-13452,2023-08-15 16:00:00,FRA-Core-01,Network,Fiber Cut,High,124,112840,Heather Hughes
INC-13453,2023-08-15 15:00:00,MUM-Zone-A,Cooling,CRAC Failure,Low,11,308,Samantha Smith
INC-13454,2023-10-14 14:00:00,DXB-Edge-02,Power,Generator Failure,Low,17,544,Douglas Page
INC-13455,2023-02-17 09:00:00,SIN-Core-01,Network,Switch Failure,Low,15,60,Melissa Greer
INC-13456,2023-07-21 22:00:00,DXB-Core-01,Cooling,CRAC Failure,Low,15,645,James Peterson
INC-13457,2023-01-11 17:00:00,LHR-Core-02,Environmental,Water Leakage,Low,11,528,Charles Miller
INC-13458,2023-06-13 06:00:00,MUM-Zone-A,Cooling,CRAC Failure,Critical,338,593866,Ann Herman
INC-13459,2023-08-28 11:00:00,SIN-Core-01,Environmental,Water Leakage,High,140,130200,Chris Saunders
INC-13460,2023-11-14 01:00:00,MUM-Zone-A,Cooling,CRAC Failure,Low,14,644,Carla Price
INC-13461,2023-02-20 21:00:00,SIN-Core-01,Power,PDU Overload,Critical,443,962196,Stephen Washington
INC-13462,2023-12-24 23:00:00,DXB-Core-01,Cooling,Cooling Pump Failure,Medium,55,16170,Deborah Oconnor
INC-13463,2023-09-05 16:00:00,FRA-Core-01,Cooling,CRAC Failure,Medium,38,11248,Patricia Schmidt
INC-13464,2023-10-07 16:00:00,DXB-Edge-02,Power,PDU Overload,Low,5,205,Jacqueline Deleon MD
INC-13465,2023-02-18 19:00:00,LHR-Core-02,Network,Router Failure,Low,12,384,Jacqueline Simon
INC-13466,2023-08-04 22:00:00,DXB-Edge-02,Power,Generator Failure,Low,6,60,Sean Fox
INC-13467,2023-10-16 08:00:00,DXB-Core-01,Network,Switch Failure,Critical,339,871569,Darlene Cox
INC-13468,2023-02-23 12:00:00,MUM-Zone-A,Network,Switch Failure,Critical,409,484665,Sheila Mercado
INC-13469,2023-05-02 01:00:00,LHR-Core-02,Network,Router Failure,Low,10,30,Michael Hester
INC-13470,2023-06-07 16:00:00,MUM-Zone-A,Network,Router Failure,High,66,47388,Rachael Bowers
INC-13471,2023-06-07 04:00:00,SIN-Core-01,Cooling,Cooling Pump Failure,High,63,43407,Kara Richards
INC-13472,2023-12-03 23:00:00,DXB-Edge-02,Network,Router Failure,Low,10,370,Heidi Weaver
INC-13473,2023-12-23 00:00:00,FRA-Core-01,Environmental,Water Leakage,High,88,50600,Norma Lopez
INC-13474,2023-07-19 07:00:00,SIN-Core-01,Cooling,Cooling Pump Failure,Low,18,378,Billy Underwood
INC-13475,2023-11-12 19:00:00,DXB-Edge-02,Power,UPS Failure,Low,7,126,Carol Rush
INC-13476,2023-10-31 22:00:00,MUM-Zone-A,Cooling,Chiller Failure,Low,8,176,Larry Blevins
INC-13477,2023-06-13 03:00:00,FRA-Core-01,Power,PDU Overload,Medium,34,13940,Joshua Wilson
INC-13478,2023-02-13 02:00:00,LHR-Core-02,Power,UPS Failure,Critical,493,1285251,Richard Mata
INC-13479,2023-10-22 21:00:00,MUM-Zone-A,Environmental,Temperature Spike,Low,8,304,Robyn Davis
INC-13480,2023-08-13 08:00:00,MUM-Zone-A,Environmental,Water Leakage,Low,7,203,Laura Williams
INC-13481,2023-11-03 00:00:00,DXB-Edge-02,Power,PDU Overload,Low,5,0,Michael Holmes
INC-13482,2023-10-16 05:00:00,FRA-Core-01,Network,Switch Failure,Medium,46,22678,Xavier Hunt DDS
INC-13483,2023-12-29 04:00:00,MUM-Zone-A,Cooling,CRAC Failure,High,85,79645,Charles Garza
INC-13484,2023-08-24 23:00:00,DXB-Edge-02,Network,Router Failure,High,112,65968,Tanya Ho
INC-13485,2023-11-25 07:00:00,DXB-Core-01,Environmental,Temperature Spike,Medium,28,13020,Randall Watkins
INC-13486,2023-07-19 22:00:00,SIN-Core-01,Network,Fiber Cut,High,61,48617,Shawn Barr
INC-13487,2023-04-17 04:00:00,MUM-Zone-A,Environmental,Water Leakage,Low,12,504,Chelsea Rivera
INC-13488,2023-05-14 21:00:00,MUM-Zone-A,Power,UPS Failure,Low,8,160,Michelle Brown
INC-13489,2023-08-25 06:00:00,SIN-Core-01,Environmental,Water Leakage,Medium,38,11020,Julie Brown
INC-13490,2023-02-02 13:00:00,MUM-Zone-A,Cooling,Cooling Pump Failure,Low,12,564,Julia Perez
INC-13491,2023-01-16 07:00:00,DXB-Edge-02,Power,PDU Overload,Medium,24,3576,Robert Foster
INC-13492,2023-02-03 02:00:00,MUM-Zone-A,Power,Generator Failure,Critical,215,899560,Kimberly Pacheco
INC-13493,2023-02-09 18:00:00,DXB-Edge-02,Network,Fiber Cut,Medium,49,22001,Candace Brown
INC-13494,2023-04-04 18:00:00,LHR-Core-02,Environmental,Temperature Spike,Medium,36,7416,Jennifer Yu
INC-13495,2023-05-26 12:00:00,DXB-Edge-02,Cooling,CRAC Failure,Medium,29,6119,Jordan Sandoval
INC-13496,2023-10-31 22:00:00,SIN-Core-01,Power,PDU Overload,Medium,44,12452,Frank Holland
INC-13497,2023-03-05 07:00:00,SIN-Core-01,Environmental,Temperature Spike,Medium,48,12816,Stacey Peck
INC-13498,2023-01-17 21:00:00,FRA-Core-01,Environmental,Water Leakage,Low,7,287,Ashley Smith
INC-13499,2023-06-26 05:00:00,LHR-Core-02,Environmental,Water Leakage,Low,19,855,Elizabeth Martinez
INC-13500,2023-06-16 14:00:00,LHR-Core-02,Environmental,Temperature Spike,High,103,100734,Andrea Russo
INC-13501,2023-01-31 13:00:00,DXB-Edge-02,Environmental,Water Leakage,Low,7,140,Amanda Scott
INC-13502,2023-04-15 18:00:00,LHR-Core-02,Power,Generator Failure,Critical,459,1528470,Madeline Duncan
INC-13503,2023-06-15 00:00:00,MUM-Zone-A,Cooling,Cooling Pump Failure,Critical,519,1062912,Daniel Fisher
INC-13504,2023-03-22 16:00:00,MUM-Zone-A,Network,Fiber Cut,Medium,56,14784,Samantha Wright
INC-13505,2023-01-24 05:00:00,MUM-Zone-A,Cooling,CRAC Failure,Medium,49,6762,Duane Juarez
INC-13506,2023-12-24 00:00:00,MUM-Zone-A,Power,Generator Failure,High,168,143472,Jonathan White
INC-13507,2023-08-31 18:00:00,MUM-Zone-A,Network,Switch Failure,High,62,44640,Rachel Quinn
INC-13508,2023-01-02 13:00:00,MUM-Zone-A,Network,Fiber Cut,Low,12,516,Keith Perez
INC-13509,2023-05-18 19:00:00,SIN-Core-01,Cooling,Cooling Pump Failure,Low,7,322,Denise Ortiz
INC-13510,2023-07-04 02:00:00,DXB-Edge-02,Power,UPS Failure,Low,16,288,Kimberly Martinez
INC-13511,2023-12-22 01:00:00,FRA-Core-01,Cooling,Chiller Failure,Low,14,504,Adam Lopez
INC-13512,2023-10-16 02:00:00,MUM-Zone-A,Power,PDU Overload,High,97,91374,Frank Chan
INC-13513,2023-07-03 23:00:00,FRA-Core-01,Cooling,Cooling Pump Failure,Low,12,504,Carol Doyle
INC-13514,2023-04-14 19:00:00,DXB-Core-01,Environmental,Temperature Spike,Critical,366,1811700,Jon White
INC-13515,2023-04-01 13:00:00,FRA-Core-01,Power,PDU Overload,Medium,47,15886,Alicia Mitchell
INC-13516,2023-02-10 08:00:00,FRA-Core-01,Power,Generator Failure,Medium,29,5655,Paul Rivera
INC-13517,2023-04-19 07:00:00,LHR-Core-02,Network,Fiber Cut,Low,8,64,Rodney Anderson
INC-13518,2023-08-02 01:00:00,SIN-Core-01,Power,Generator Failure,Medium,51,11985,Holly Brooks
INC-13519,2023-06-02 13:00:00,DXB-Core-01,Power,Generator Failure,Low,15,180,Jacqueline Hebert
INC-13520,2023-04-04 18:00:00,DXB-Core-01,Power,UPS Failure,Low,14,350,Christopher Alvarez
INC-13521,2023-11-26 11:00:00,DXB-Edge-02,Cooling,Chiller Failure,High,96,52608,Wendy Carter
INC-13522,2023-04-29 03:00:00,DXB-Edge-02,Cooling,Cooling Pump Failure,Low,13,507,David Lucero
INC-13523,2023-03-26 12:00:00,MUM-Zone-A,Environmental,Water Leakage,Low,10,390,Casey Johnson
INC-13524,2023-02-24 02:00:00,MUM-Zone-A,Power,Generator Failure,Low,13,650,Angela Gray
INC-13525,2023-04-24 03:00:00,DXB-Edge-02,Cooling,Chiller Failure,Low,8,216,Dr. Patricia Jackson
INC-13526,2023-12-08 22:00:00,MUM-Zone-A,Cooling,CRAC Failure,Low,6,138,Brett Duarte
INC-13527,2023-05-07 19:00:00,DXB-Edge-02,Environmental,Water Leakage,Low,19,133,Carol Jordan
INC-13528,2023-04-04 14:00:00,DXB-Edge-02,Power,UPS Failure,Low,7,49,Randy Wu
INC-13529,2023-04-20 21:00:00,MUM-Zone-A,Environmental,Temperature Spike,Low,14,602,Kathy Miranda
INC-13530,2023-05-31 05:00:00,SIN-Core-01,Cooling,Chiller Failure,Medium,38,5548,Holly Smith
INC-13531,2023-12-19 05:00:00,MUM-Zone-A,Environmental,Temperature Spike,Critical,495,2081475,Brandi Allison
INC-13532,2023-12-25 10:00:00,LHR-Core-02,Cooling,Cooling Pump Failure,Critical,368,1619200,Christina Long
INC-13533,2023-04-24 10:00:00,DXB-Edge-02,Cooling,CRAC Failure,Low,16,784,Jodi Valenzuela MD
INC-13534,2023-07-26 13:00:00,LHR-Core-02,Environmental,Water Leakage,Low,17,629,Evan Peterson
INC-13535,2023-09-30 07:00:00,LHR-Core-02,Network,Fiber Cut,Medium,30,13440,Robert Clarke
INC-13536,2023-05-11 00:00:00,MUM-Zone-A,Power,UPS Failure,Low,10,320,Henry Ford
INC-13537,2023-03-10 03:00:00,DXB-Edge-02,Power,Generator Failure,Low,11,22,Daniel Abbott
INC-13538,2023-05-26 23:00:00,MUM-Zone-A,Network,Router Failure,Low,9,378,Alexa Love
INC-13539,2023-09-11 05:00:00,FRA-Core-01,Power,UPS Failure,Low,19,836,Caitlin Johnson
INC-13540,2023-12-09 15:00:00,LHR-Core-02,Network,Router Failure,Low,13,169,Angela Nichols
INC-13541,2023-02-20 09:00:00,FRA-Core-01,Power,Generator Failure,Low,17,408,Renee Wilson
INC-13542,2023-06-08 12:00:00,DXB-Edge-02,Cooling,Chiller Failure,Medium,26,9854,William Pope
INC-13543,2023-12-25 17:00:00,DXB-Edge-02,Cooling,Chiller Failure,Low,10,190,Karen Smith
INC-13544,2023-09-09 01:00:00,FRA-Core-01,Environmental,Water Leakage,Medium,22,10054,Stephanie Leonard
INC-13545,2023-05-25 21:00:00,DXB-Core-01,Environmental,Water Leakage,Medium,34,15402,Anthony Johnson
INC-13546,2023-03-23 02:00:00,DXB-Edge-02,Cooling,Cooling Pump Failure,High,159,107643,Jill Richardson
INC-13547,2023-08-09 13:00:00,SIN-Core-01,Power,Generator Failure,Low,9,441,Larry Reid
INC-13548,2023-03-15 00:00:00,DXB-Edge-02,Power,Generator Failure,Low,17,272,Nicholas Wood
INC-13549,2023-04-12 10:00:00,LHR-Core-02,Environmental,Temperature Spike,Low,11,209,Madeline Allen
INC-13550,2023-04-04 20:00:00,DXB-Core-01,Cooling,Cooling Pump Failure,Low,13,494,Timothy Reed
INC-13551,2023-06-14 09:00:00,FRA-Core-01,Environmental,Temperature Spike,Low,7,161,Leah King
INC-13552,2023-09-18 11:00:00,MUM-Zone-A,Environmental,Water Leakage,Low,9,387,Zachary Andrews
INC-13553,2023-11-13 15:00:00,DXB-Edge-02,Network,Router Failure,Low,9,117,Adam Dickson
INC-13554,2023-12-07 05:00:00,MUM-Zone-A,Network,Router Failure,Medium,43,10019,Tammy Patterson
INC-13555,2023-06-10 10:00:00,MUM-Zone-A,Cooling,Cooling Pump Failure,Low,15,90,Kevin Smith
INC-13556,2023-10-24 05:00:00,MUM-Zone-A,Network,Router Failure,Medium,44,19624,Andrew Henderson
INC-13557,2023-03-17 08:00:00,DXB-Core-01,Cooling,Cooling Pump Failure,Low,19,817,James Hampton
INC-13558,2023-04-16 15:00:00,DXB-Core-01,Environmental,Water Leakage,Low,8,120,Alejandro Diaz
INC-13559,2023-08-14 20:00:00,DXB-Edge-02,Environmental,Water Leakage,Medium,32,10272,Elizabeth Le
INC-13560,2023-02-26 10:00:00,FRA-Core-01,Cooling,Chiller Failure,Medium,27,10044,Anna Rodriguez
INC-13561,2023-08-03 01:00:00,MUM-Zone-A,Cooling,Cooling Pump Failure,High,158,123398,Jonathan Sharp
INC-13562,2023-05-10 08:00:00,MUM-Zone-A,Power,PDU Overload,Low,13,572,Matthew Miller
INC-13563,2023-05-22 06:00:00,MUM-Zone-A,Power,PDU Overload,High,76,64068,Shawn Hutchinson
INC-13564,2023-02-08 09:00:00,FRA-Core-01,Power,UPS Failure,Critical,238,317968,Jared Peterson
INC-13565,2023-08-10 23:00:00,MUM-Zone-A,Environmental,Water Leakage,Low,8,224,Mrs. Margaret York
INC-13566,2023-05-08 22:00:00,LHR-Core-02,Power,UPS Failure,High,130,105430,Hannah Maxwell
INC-13567,2023-10-11 07:00:00,DXB-Edge-02,Environmental,Water Leakage,Critical,430,1256890,Maureen Russo
INC-13568,2023-01-14 04:00:00,MUM-Zone-A,Environmental,Water Leakage,Low,14,350,Leslie Campos
INC-13569,2023-12-05 00:00:00,LHR-Core-02,Environmental,Water Leakage,Medium,48,23280,Michael Shea
INC-13570,2023-05-09 19:00:00,DXB-Edge-02,Cooling,Chiller Failure,Medium,47,22231,Amber Lindsey
INC-13571,2023-04-04 04:00:00,LHR-Core-02,Environmental,Water Leakage,Medium,42,18480,Kevin Gentry
INC-13572,2023-01-21 16:00:00,DXB-Edge-02,Network,Router Failure,Low,7,49,Samuel Williams
INC-13573,2023-04-23 17:00:00,DXB-Core-01,Cooling,Chiller Failure,Medium,26,10062,James Boyer
INC-13574,2023-11-10 00:00:00,FRA-Core-01,Cooling,CRAC Failure,Medium,25,3425,Michael Carter
INC-13575,2023-02-02 20:00:00,MUM-Zone-A,Cooling,CRAC Failure,Low,6,204,Logan Smith
INC-13576,2023-08-15 00:00:00,SIN-Core-01,Cooling,Cooling Pump Failure,Medium,27,11799,Jimmy Daniels
INC-13577,2023-03-04 08:00:00,LHR-Core-02,Power,Generator Failure,Low,10,270,Brandon Williams
INC-13578,2023-07-06 19:00:00,DXB-Edge-02,Power,UPS Failure,Low,8,48,Shawn Livingston
INC-13579,2023-12-11 15:00:00,DXB-Core-01,Environmental,Temperature Spike,Medium,54,5562,Rachel Russell
INC-13580,2023-09-03 22:00:00,DXB-Core-01,Power,Generator Failure,Medium,38,6574,Amy Nguyen
INC-13581,2023-09-16 07:00:00,LHR-Core-02,Environmental,Water Leakage,Low,14,392,Brandy Trevino
INC-13582,2023-07-30 03:00:00,DXB-Edge-02,Environmental,Water Leakage,Medium,49,21364,Sarah Davis
INC-13583,2023-01-18 08:00:00,MUM-Zone-A,Power,PDU Overload,Low,18,900,Craig Bradley
INC-13584,2023-11-04 16:00:00,DXB-Core-01,Cooling,CRAC Failure,Low,7,161,Richard Randolph
INC-13585,2023-03-23 00:00:00,MUM-Zone-A,Network,Switch Failure,Critical,542,573436,Denise Kelly
INC-13586,2023-03-20 20:00:00,MUM-Zone-A,Environmental,Water Leakage,Low,8,24,Theresa Jones
INC-13587,2023-12-07 07:00:00,LHR-Core-02,Network,Router Failure,Low,15,255,Corey Boone
INC-13588,2023-06-28 03:00:00,DXB-Edge-02,Power,PDU Overload,Low,12,60,Dana Tran
INC-13589,2023-11-30 05:00:00,DXB-Core-01,Power,Generator Failure,Medium,23,11293,Christopher Burke
INC-13590,2023-11-15 18:00:00,SIN-Core-01,Cooling,CRAC Failure,Low,10,20,Ricardo Johnson
INC-13591,2023-07-23 06:00:00,MUM-Zone-A,Cooling,Cooling Pump Failure,Low,13,195,Nancy Ramirez
INC-13592,2023-08-14 22:00:00,LHR-Core-02,Network,Switch Failure,Medium,29,12876,Deborah Robertson
INC-13593,2023-06-26 23:00:00,DXB-Edge-02,Power,UPS Failure,High,172,104232,Jessica Kelly
INC-13594,2023-12-02 09:00:00,MUM-Zone-A,Cooling,CRAC Failure,Low,16,416,David Jackson
INC-13595,2023-12-29 11:00:00,DXB-Core-01,Power,Generator Failure,High,107,63772,Daniel Thompson
INC-13596,2023-01-26 03:00:00,FRA-Core-01,Environmental,Temperature Spike,High,65,64480,Justin Lopez MD
INC-13597,2023-08-15 02:00:00,DXB-Edge-02,Environmental,Temperature Spike,Medium,50,15100,Donna Hunter
INC-13598,2023-08-24 16:00:00,MUM-Zone-A,Environmental,Temperature Spike,Low,16,736,Katherine Larson
INC-13599,2023-06-05 22:00:00,FRA-Core-01,Environmental,Temperature Spike,Low,6,120,William Taylor
INC-13600,2023-04-08 05:00:00,DXB-Core-01,Power,UPS Failure,Low,16,768,Claudia Mcmahon
INC-13601,2023-06-17 10:00:00,FRA-Core-01,Cooling,CRAC Failure,High,72,39384,Jorge Lewis
INC-13602,2023-10-25 10:00:00,MUM-Zone-A,Environmental,Temperature Spike,Low,7,14,Tyler Rodriguez
INC-13603,2023-09-11 20:00:00,LHR-Core-02,Environmental,Temperature Spike,Low,11,209,Rebecca Howard
INC-13604,2023-12-20 23:00:00,MUM-Zone-A,Environmental,Water Leakage,Low,6,42,Ryan Bauer
INC-13605,2023-10-23 10:00:00,LHR-Core-02,Cooling,Chiller Failure,Medium,30,4380,Catherine Evans
INC-13606,2023-09-25 16:00:00,FRA-Core-01,Power,Generator Failure,Medium,24,6048,John Curry
INC-13607,2023-05-26 08:00:00,LHR-Core-02,Cooling,Chiller Failure,Low,9,144,Laura Jordan
INC-13608,2023-02-05 09:00:00,DXB-Core-01,Power,Generator Failure,Low,5,225,Holly Williamson
INC-13609,2023-05-15 06:00:00,LHR-Core-02,Environmental,Temperature Spike,Low,17,187,Lori Brock
INC-13610,2023-07-06 14:00:00,DXB-Edge-02,Power,PDU Overload,Medium,31,15221,Jesus Morgan
INC-13611,2023-07-07 03:00:00,DXB-Edge-02,Network,Fiber Cut,Low,15,390,Jessica Hanson
INC-13612,2023-05-23 06:00:00,MUM-Zone-A,Cooling,CRAC Failure,Low,11,0,Jaclyn Jones
INC-13613,2023-03-04 14:00:00,SIN-Core-01,Network,Fiber Cut,Low,8,8,Crystal Rogers
INC-13614,2023-07-02 03:00:00,SIN-Core-01,Cooling,Cooling Pump Failure,Low,18,792,James Butler
INC-13615,2023-03-19 12:00:00,FRA-Core-01,Cooling,Chiller Failure,Low,18,90,Steven Brown
INC-13616,2023-05-06 05:00:00,SIN-Core-01,Environmental,Water Leakage,Low,9,414,Ronald Durham
INC-13617,2023-02-26 04:00:00,SIN-Core-01,Power,Generator Failure,Low,9,9,Christopher Ray
INC-13618,2023-04-03 17:00:00,LHR-Core-02,Environmental,Temperature Spike,Low,6,18,Timothy Huerta
INC-13619,2023-01-21 20:00:00,FRA-Core-01,Cooling,Chiller Failure,Medium,42,10542,Lisa Smith
INC-13620,2023-03-29 23:00:00,LHR-Core-02,Network,Router Failure,Low,5,65,Bryce Elliott
INC-13621,2023-12-16 17:00:00,LHR-Core-02,Network,Fiber Cut,Low,6,12,Susan Hernandez
INC-13622,2023-08-24 09:00:00,LHR-Core-02,Environmental,Temperature Spike,Medium,23,4025,Chase Hawkins
INC-13623,2023-03-04 01:00:00,DXB-Core-01,Network,Fiber Cut,High,136,76568,Steve Rodriguez
INC-13624,2023-04-13 00:00:00,DXB-Edge-02,Network,Switch Failure,High,173,153105,Charles Fisher
INC-13625,2023-03-16 22:00:00,SIN-Core-01,Environmental,Water Leakage,Medium,41,12054,Alicia Green
INC-13626,2023-02-08 11:00:00,FRA-Core-01,Power,UPS Failure,Low,12,276,Michael Mullins
INC-13627,2023-06-12 10:00:00,SIN-Core-01,Cooling,Chiller Failure,Medium,56,19040,Steven Fleming
INC-13628,2023-08-16 03:00:00,DXB-Edge-02,Power,PDU Overload,Low,18,108,Emily Rodriguez
INC-13629,2023-08-18 21:00:00,MUM-Zone-A,Network,Switch Failure,Low,6,96,Jane Banks
INC-13630,2023-07-12 08:00:00,SIN-Core-01,Network,Router Failure,Low,5,225,Joanna Lane
INC-13631,2023-12-04 11:00:00,SIN-Core-01,Power,Generator Failure,Low,10,230,Andrea Coleman
INC-13632,2023-06-10 22:00:00,FRA-Core-01,Network,Router Failure,Medium,53,20670,Deborah Brown
INC-13633,2023-12-12 00:00:00,LHR-Core-02,Cooling,Cooling Pump Failure,Medium,46,4876,Cynthia Conway
INC-13634,2023-03-31 10:00:00,DXB-Core-01,Environmental,Temperature Spike,Low,19,114,Connor Gregory
INC-13635,2023-10-02 04:00:00,DXB-Edge-02,Cooling,Chiller Failure,Critical,306,757656,Cory Tate
INC-13636,2023-03-03 02:00:00,FRA-Core-01,Environmental,Water Leakage,Low,5,155,Austin Fisher
INC-13637,2023-02-15 07:00:00,MUM-Zone-A,Cooling,CRAC Failure,Medium,47,18941,Briana Brock
INC-13638,2023-11-10 03:00:00,DXB-Edge-02,Environmental,Water Leakage,Low,13,39,Chelsea Walter
INC-13639,2023-11-14 00:00:00,DXB-Edge-02,Power,Generator Failure,Low,7,154,Cindy Stevens
INC-13640,2023-04-21 05:00:00,DXB-Edge-02,Cooling,CRAC Failure,Low,8,48,Shaun Johnson
INC-13641,2023-01-04 13:00:00,DXB-Core-01,Environmental,Temperature Spike,Low,12,144,Tina Kent
INC-13642,2023-12-11 17:00:00,DXB-Edge-02,Power,Generator Failure,Low,15,345,Gregory Ward
INC-13643,2023-02-18 23:00:00,MUM-Zone-A,Environmental,Water Leakage,Low,13,104,Ronald Hanson
INC-13644,2023-11-01 10:00:00,DXB-Edge-02,Cooling,Chiller Failure,Low,11,121,Ashley Vega
INC-13645,2023-06-28 20:00:00,MUM-Zone-A,Network,Fiber Cut,Medium,27,3672,Megan Floyd
INC-13646,2023-01-19 05:00:00,LHR-Core-02,Network,Fiber Cut,Low,19,133,Raymond Wade
INC-13647,2023-04-13 14:00:00,DXB-Core-01,Cooling,Chiller Failure,High,132,67980,Sarah Salinas
INC-13648,2023-12-13 13:00:00,DXB-Core-01,Cooling,Chiller Failure,Low,17,629,Megan Foley
INC-13649,2023-01-22 02:00:00,DXB-Edge-02,Environmental,Temperature Spike,Low,7,322,Jessica Martin
INC-13650,2023-03-19 10:00:00,MUM-Zone-A,Environmental,Temperature Spike,Low,15,660,Daniel Atkinson
INC-13651,2023-04-15 06:00:00,FRA-Core-01,Power,Generator Failure,Low,11,209,Kevin Keith
INC-13652,2023-04-08 20:00:00,FRA-Core-01,Power,Generator Failure,Medium,50,20500,Craig Lara
INC-13653,2023-08-18 01:00:00,MUM-Zone-A,Environmental,Water Leakage,Low,9,306,Cathy Jackson
INC-13654,2023-01-18 16:00:00,SIN-Core-01,Environmental,Water Leakage,Low,17,323,Tricia Sanchez
INC-13655,2023-09-11 20:00:00,DXB-Edge-02,Network,Switch Failure,Low,10,180,Caroline Vazquez
INC-13656,2023-09-09 20:00:00,SIN-Core-01,Network,Router Failure,Medium,24,7752,Joseph Robertson
INC-13657,2023-10-11 10:00:00,FRA-Core-01,Power,PDU Overload,Low,11,33,Dakota Franco
INC-13658,2023-04-13 23:00:00,DXB-Edge-02,Network,Switch Failure,Low,13,429,Patricia Figueroa
INC-13659,2023-11-13 12:00:00,LHR-Core-02,Cooling,Cooling Pump Failure,Low,5,170,Tristan Davis
INC-13660,2023-03-11 09:00:00,SIN-Core-01,Cooling,Cooling Pump Failure,Low,5,35,Samantha Brown
INC-13661,2023-03-14 09:00:00,DXB-Edge-02,Cooling,Cooling Pump Failure,Low,9,144,Emily Bradley
INC-13662,2023-12-08 20:00:00,LHR-Core-02,Network,Fiber Cut,Medium,29,5945,Nicole Harris
INC-13663,2023-09-16 15:00:00,MUM-Zone-A,Network,Router Failure,High,122,109556,Angel Carson
INC-13664,2023-04-04 11:00:00,MUM-Zone-A,Cooling,Cooling Pump Failure,Low,12,0,Ann Smith
INC-13665,2023-04-25 04:00:00,LHR-Core-02,Cooling,CRAC Failure,Low,10,230,Timothy Conway
INC-13666,2023-09-03 18:00:00,MUM-Zone-A,Network,Router Failure,Low,8,360,Alvin Williams
INC-13667,2023-10-25 20:00:00,SIN-Core-01,Cooling,CRAC Failure,High,76,70756,William Blevins
INC-13668,2023-06-11 22:00:00,MUM-Zone-A,Cooling,CRAC Failure,Low,5,200,Jessica Thompson
INC-13669,2023-04-30 05:00:00,MUM-Zone-A,Power,Generator Failure,Low,13,260,Cathy Humphrey
INC-13670,2023-01-15 16:00:00,DXB-Edge-02,Power,PDU Overload,Low,16,288,Adam Sanchez
INC-13671,2023-09-13 03:00:00,DXB-Edge-02,Cooling,Cooling Pump Failure,Medium,48,15984,Shannon Reynolds
INC-13672,2023-09-26 08:00:00,MUM-Zone-A,Power,Generator Failure,Low,9,54,Rachel Grimes
INC-13673,2023-10-24 00:00:00,MUM-Zone-A,Network,Switch Failure,Low,7,84,Robert Gonzalez
INC-13674,2023-10-25 19:00:00,LHR-Core-02,Environmental,Temperature Spike,Medium,33,6039,Andrew May
INC-13675,2023-09-05 23:00:00,DXB-Core-01,Network,Router Failure,High,176,146080,Maria Willis
INC-13676,2023-03-18 16:00:00,DXB-Edge-02,Cooling,Chiller Failure,High,61,58072,Kyle Richardson
INC-13677,2023-09-11 21:00:00,MUM-Zone-A,Environmental,Temperature Spike,High,88,48048,Kim Willis
INC-13678,2023-11-14 01:00:00,FRA-Core-01,Environmental,Temperature Spike,High,132,73524,Duane Hancock
INC-13679,2023-02-03 11:00:00,DXB-Core-01,Network,Fiber Cut,Low,16,544,David Scott
INC-13680,2023-04-06 11:00:00,LHR-Core-02,Environmental,Water Leakage,Medium,35,16170,Megan Smith
INC-13681,2023-12-30 05:00:00,DXB-Core-01,Environmental,Temperature Spike,Low,16,736,Kenneth Glover
INC-13682,2023-12-06 10:00:00,DXB-Core-01,Power,PDU Overload,Low,18,522,Amy Price
INC-13683,2023-06-21 18:00:00,LHR-Core-02,Network,Fiber Cut,Low,12,0,Alejandro Robinson
INC-13684,2023-09-28 22:00:00,DXB-Core-01,Network,Fiber Cut,High,134,68876,Paul Ballard
INC-13685,2023-09-08 16:00:00,MUM-Zone-A,Cooling,CRAC Failure,High,131,117114,Candace Ramos
INC-13686,2023-12-09 15:00:00,LHR-Core-02,Network,Fiber Cut,Low,15,315,Nicholas Ryan
INC-13687,2023-09-12 14:00:00,DXB-Edge-02,Power,UPS Failure,Low,13,455,Victoria Brown
INC-13688,2023-04-03 17:00:00,DXB-Core-01,Environmental,Water Leakage,Low,19,19,Michael Wallace
INC-13689,2023-03-19 18:00:00,LHR-Core-02,Power,UPS Failure,Medium,25,3825,Dylan Miller
INC-13690,2023-03-31 22:00:00,LHR-Core-02,Environmental,Water Leakage,High,113,59664,Brian Mcclure
INC-13691,2023-07-15 22:00:00,LHR-Core-02,Environmental,Water Leakage,Critical,193,682641,Andrea Atkins
INC-13692,2023-10-01 21:00:00,DXB-Core-01,Power,PDU Overload,Medium,44,13508,Sandra Lawrence
INC-13693,2023-09-12 13:00:00,MUM-Zone-A,Environmental,Temperature Spike,Low,16,352,Justin Valdez
INC-13694,2023-01-18 07:00:00,LHR-Core-02,Cooling,CRAC Failure,Low,11,209,Sally Bryant
INC-13695,2023-10-23 10:00:00,DXB-Core-01,Power,Generator Failure,High,153,105417,Jennifer Hensley
INC-13696,2023-12-25 06:00:00,FRA-Core-01,Power,PDU Overload,Low,8,48,Margaret Ashley
INC-13697,2023-05-03 01:00:00,SIN-Core-01,Environmental,Water Leakage,Low,9,450,Katherine Smith
INC-13698,2023-04-30 18:00:00,LHR-Core-02,Cooling,Chiller Failure,High,173,124387,Susan Sharp
INC-13699,2023-08-06 23:00:00,DXB-Edge-02,Power,PDU Overload,Medium,40,13040,Jennifer West
INC-13700,2023-05-10 09:00:00,SIN-Core-01,Network,Fiber Cut,Low,17,357,Ashley Davis
INC-13701,2023-07-08 17:00:00,SIN-Core-01,Power,Generator Failure,Low,15,450,Brian Petersen
INC-13702,2023-04-28 22:00:00,FRA-Core-01,Cooling,Chiller Failure,Low,6,6,Clarence Dyer DVM
INC-13703,2023-09-09 22:00:00,MUM-Zone-A,Cooling,Chiller Failure,Medium,39,8931,Sara Mosley
INC-13704,2023-05-31 03:00:00,DXB-Edge-02,Environmental,Water Leakage,High,149,144977,Amber King
INC-13705,2023-09-20 10:00:00,LHR-Core-02,Environmental,Water Leakage,Low,15,390,Chloe Patterson
INC-13706,2023-11-07 06:00:00,FRA-Core-01,Network,Fiber Cut,Medium,35,15330,Frank Hawkins
INC-13707,2023-09-22 20:00:00,SIN-Core-01,Network,Fiber Cut,Low,7,175,David Harrison
INC-13708,2023-04-08 10:00:00,FRA-Core-01,Network,Router Failure,Medium,56,10360,Christopher Romero
INC-13709,2023-02-01 19:00:00,MUM-Zone-A,Environmental,Water Leakage,High,84,55440,Jason Lang MD
INC-13710,2023-09-10 22:00:00,LHR-Core-02,Environmental,Water Leakage,Medium,59,28733,Diane Lawrence
INC-13711,2023-09-07 23:00:00,SIN-Core-01,Cooling,Chiller Failure,Low,16,416,Nicholas Johnson
INC-13712,2023-02-09 00:00:00,SIN-Core-01,Cooling,Chiller Failure,Low,8,24,Michael Lopez
INC-13713,2023-02-18 18:00:00,DXB-Core-01,Network,Switch Failure,Low,8,8,Lisa Turner
INC-13714,2023-01-31 12:00:00,DXB-Core-01,Network,Switch Failure,Low,10,240,Darlene Montes
INC-13715,2023-08-11 12:00:00,MUM-Zone-A,Network,Router Failure,Critical,370,1387500,Oscar Nichols
INC-13716,2023-11-06 03:00:00,LHR-Core-02,Network,Fiber Cut,Low,12,204,Ann Scott
INC-13717,2023-06-24 14:00:00,SIN-Core-01,Cooling,Chiller Failure,Low,10,360,Mark Curtis
INC-13718,2023-12-31 01:00:00,LHR-Core-02,Network,Router Failure,High,98,82614,Pamela Taylor
INC-13719,2023-06-20 21:00:00,LHR-Core-02,Cooling,Chiller Failure,Low,9,198,Kelly Burnett
INC-13720,2023-10-03 02:00:00,FRA-Core-01,Environmental,Temperature Spike,Medium,47,4982,Patrick Newton
INC-13721,2023-12-03 18:00:00,SIN-Core-01,Power,PDU Overload,High,138,95772,Vanessa Reed
INC-13722,2023-12-24 07:00:00,MUM-Zone-A,Cooling,Cooling Pump Failure,Medium,49,11025,Monica Smith
INC-13723,2023-05-13 11:00:00,DXB-Core-01,Cooling,Cooling Pump Failure,Medium,47,22701,Michael Bell
INC-13724,2023-09-30 23:00:00,LHR-Core-02,Cooling,Chiller Failure,Low,17,782,Larry Barrera
INC-13725,2023-05-10 16:00:00,DXB-Edge-02,Environmental,Water Leakage,Low,6,102,Robert Bailey
INC-13726,2023-09-22 00:00:00,DXB-Edge-02,Power,Generator Failure,Low,10,140,Joanne Walton
INC-13727,2023-06-02 18:00:00,DXB-Edge-02,Network,Switch Failure,Low,11,418,Megan Crane
INC-13728,2023-11-25 09:00:00,DXB-Edge-02,Network,Fiber Cut,Critical,392,1566040,Lori Bentley
INC-13729,2023-10-13 04:00:00,LHR-Core-02,Environmental,Water Leakage,Low,10,450,Adam Lindsey
INC-13730,2023-08-06 07:00:00,LHR-Core-02,Cooling,Cooling Pump Failure,Low,16,512,Jeffrey Hart
INC-13731,2023-06-02 22:00:00,LHR-Core-02,Environmental,Temperature Spike,Low,10,180,Carolyn Lucas
INC-13732,2023-09-25 11:00:00,DXB-Edge-02,Network,Router Failure,Low,11,77,Matthew Norton
INC-13733,2023-01-21 22:00:00,LHR-Core-02,Power,Generator Failure,Low,12,408,Tiffany Flowers
INC-13734,2023-06-14 21:00:00,DXB-Core-01,Network,Fiber Cut,Low,10,410,Heather Griffin
INC-13735,2023-09-27 13:00:00,MUM-Zone-A,Environmental,Temperature Spike,Low,13,234,Cindy Foster
INC-13736,2023-01-10 18:00:00,FRA-Core-01,Power,UPS Failure,Medium,52,5252,Mrs. Jacqueline Howard DDS
INC-13737,2023-01-26 08:00:00,SIN-Core-01,Cooling,Cooling Pump Failure,Low,6,6,Andrea Weber
INC-13738,2023-07-18 11:00:00,DXB-Edge-02,Environmental,Water Leakage,Low,15,465,Peter Williams
INC-13739,2023-04-03 03:00:00,MUM-Zone-A,Cooling,CRAC Failure,Low,17,119,Joseph Monroe
INC-13740,2023-02-23 13:00:00,SIN-Core-01,Power,Generator Failure,Low,17,612,Matthew Gutierrez
INC-13741,2023-09-11 05:00:00,SIN-Core-01,Network,Router Failure,Medium,31,10199,John Henderson
INC-13742,2023-04-21 13:00:00,FRA-Core-01,Cooling,Chiller Failure,Medium,36,6480,Christina Davis
INC-13743,2023-06-30 19:00:00,FRA-Core-01,Power,PDU Overload,Low,11,88,Alexander Hicks
INC-13744,2023-11-15 09:00:00,SIN-Core-01,Cooling,CRAC Failure,Low,13,39,Jessica Barnett
INC-13745,2023-04-10 21:00:00,MUM-Zone-A,Network,Fiber Cut,Low,6,210,Raymond Cline
INC-13746,2023-12-09 05:00:00,DXB-Core-01,Power,Generator Failure,High,72,70200,Mrs. Christine Fritz
INC-13747,2023-12-06 04:00:00,MUM-Zone-A,Power,UPS Failure,Low,9,153,Ann Ware
INC-13748,2023-11-26 20:00:00,LHR-Core-02,Network,Fiber Cut,Medium,32,3264,John Diaz
INC-13749,2023-09-18 01:00:00,MUM-Zone-A,Cooling,Cooling Pump Failure,Low,15,150,Sara Jackson
INC-13750,2023-10-10 10:00:00,DXB-Edge-02,Network,Switch Failure,Medium,27,10773,William Evans
INC-13751,2023-09-09 00:00:00,SIN-Core-01,Cooling,Cooling Pump Failure,Low,7,0,Tim Peters
INC-13752,2023-11-06 22:00:00,DXB-Edge-02,Network,Router Failure,Medium,54,9882,Jennifer Ward
INC-13753,2023-07-22 11:00:00,SIN-Core-01,Cooling,CRAC Failure,Low,12,384,Mark Roberson
INC-13754,2023-08-30 22:00:00,LHR-Core-02,Cooling,CRAC Failure,Low,13,169,Julie Jones
INC-13755,2023-12-28 22:00:00,SIN-Core-01,Cooling,CRAC Failure,Low,9,9,Richard Martin
INC-13756,2023-05-24 18:00:00,DXB-Core-01,Cooling,Cooling Pump Failure,Low,10,260,William Hanson
INC-13757,2023-12-14 19:00:00,DXB-Edge-02,Network,Switch Failure,High,155,102455,Sherri Craig
INC-13758,2023-07-29 05:00:00,DXB-Edge-02,Network,Router Failure,Medium,23,3220,Jennifer Payne
INC-13759,2023-12-16 19:00:00,LHR-Core-02,Cooling,Chiller Failure,Low,16,64,Carrie Craig
INC-13760,2023-10-28 13:00:00,LHR-Core-02,Power,UPS Failure,High,138,104328,Eric Hanson
INC-13761,2023-04-13 23:00:00,DXB-Edge-02,Network,Router Failure,Low,16,800,Stanley Williams
INC-13762,2023-02-14 13:00:00,FRA-Core-01,Power,UPS Failure,Low,6,36,Tony Smith
INC-13763,2023-07-04 12:00:00,FRA-Core-01,Cooling,Cooling Pump Failure,Medium,48,4800,Cathy Turner
INC-13764,2023-03-03 17:00:00,DXB-Edge-02,Cooling,Chiller Failure,Low,9,0,Leslie Fisher
INC-13765,2023-07-09 04:00:00,FRA-Core-01,Power,Generator Failure,High,129,126549,Cheryl Smith
INC-13766,2023-04-22 02:00:00,DXB-Edge-02,Environmental,Temperature Spike,Low,9,18,Regina Mcdonald
INC-13767,2023-01-31 08:00:00,LHR-Core-02,Environmental,Temperature Spike,Low,17,459,Joy Gardner
INC-13768,2023-09-22 11:00:00,FRA-Core-01,Power,Generator Failure,Medium,35,12425,Luke Larson
INC-13769,2023-12-10 15:00:00,DXB-Edge-02,Power,UPS Failure,Medium,55,14300,Natalie Werner
INC-13770,2023-11-01 04:00:00,LHR-Core-02,Network,Router Failure,High,73,52341,Michael Gray
INC-13771,2023-10-16 18:00:00,LHR-Core-02,Network,Router Failure,Low,17,442,Randy Christensen
INC-13772,2023-04-21 20:00:00,SIN-Core-01,Power,PDU Overload,Low,8,400,Nicolas Martinez
INC-13773,2023-07-08 13:00:00,LHR-Core-02,Network,Fiber Cut,Low,13,234,Cathy Hernandez
INC-13774,2023-03-31 10:00:00,DXB-Core-01,Power,UPS Failure,High,132,117348,Jody Cortez
INC-13775,2023-02-14 08:00:00,DXB-Edge-02,Cooling,CRAC Failure,Low,5,230,John Lawson
INC-13776,2023-11-15 08:00:00,FRA-Core-01,Network,Fiber Cut,Low,15,525,Nichole Davis
INC-13777,2023-03-18 03:00:00,DXB-Core-01,Environmental,Water Leakage,Low,14,56,Erik Sellers
INC-13778,2023-03-28 21:00:00,DXB-Core-01,Network,Router Failure,High,76,72428,Hannah Powell
INC-13779,2023-07-14 11:00:00,LHR-Core-02,Power,PDU Overload,Medium,54,12150,Cody Allison
INC-13780,2023-11-12 22:00:00,DXB-Edge-02,Network,Router Failure,Low,8,232,Victoria Myers
INC-13781,2023-10-06 12:00:00,FRA-Core-01,Power,Generator Failure,Critical,493,651253,Michelle Wang
INC-13782,2023-02-13 17:00:00,MUM-Zone-A,Environmental,Water Leakage,Low,16,704,Mark Phillips
INC-13783,2023-10-27 12:00:00,DXB-Edge-02,Network,Switch Failure,Medium,29,3799,David Roberts
INC-13784,2023-12-26 01:00:00,LHR-Core-02,Cooling,Cooling Pump Failure,High,150,88800,Eric Francis
INC-13785,2023-10-24 22:00:00,SIN-Core-01,Environmental,Temperature Spike,Medium,48,11856,Joseph Stevens
INC-13786,2023-10-02 07:00:00,DXB-Edge-02,Power,PDU Overload,Low,13,117,Gregory Anderson
INC-13787,2023-08-13 01:00:00,DXB-Core-01,Power,PDU Overload,Low,7,133,Derek Haas
INC-13788,2023-05-20 16:00:00,SIN-Core-01,Power,UPS Failure,Low,8,320,Molly Garza
INC-13789,2023-01-01 07:00:00,SIN-Core-01,Network,Router Failure,Medium,41,17507,Shelly Simmons
INC-13790,2023-05-07 21:00:00,DXB-Core-01,Environmental,Temperature Spike,Low,12,492,Matthew Rodriguez
INC-13791,2023-08-21 09:00:00,MUM-Zone-A,Cooling,Chiller Failure,Medium,36,16488,Monica Wood
INC-13792,2023-08-28 18:00:00,FRA-Core-01,Network,Switch Failure,Low,10,220,Rebecca Williams
INC-13793,2023-06-05 12:00:00,LHR-Core-02,Network,Fiber Cut,Low,18,324,Renee Howard
INC-13794,2023-05-28 23:00:00,FRA-Core-01,Power,PDU Overload,Low,7,217,Tara Sanders
INC-13795,2023-12-16 08:00:00,DXB-Edge-02,Power,PDU Overload,Low,14,616,Melissa Lindsey
INC-13796,2023-12-21 18:00:00,SIN-Core-01,Cooling,Chiller Failure,Low,6,156,Tanner Cook
INC-13797,2023-12-07 08:00:00,DXB-Edge-02,Environmental,Temperature Spike,Low,6,18,David Gonzalez
INC-13798,2023-11-26 09:00:00,FRA-Core-01,Environmental,Temperature Spike,High,154,99484,Gabriela Marquez
INC-13799,2023-04-09 05:00:00,SIN-Core-01,Environmental,Temperature Spike,Critical,468,809172,Tiffany Hernandez
INC-13800,2023-04-15 07:00:00,SIN-Core-01,Environmental,Temperature Spike,Low,19,323,Ricardo Gordon
INC-13801,2023-07-10 17:00:00,DXB-Edge-02,Environmental,Water Leakage,Medium,24,5592,Brenda Lucas
INC-13802,2023-07-17 03:00:00,LHR-Core-02,Cooling,Cooling Pump Failure,Low,5,120,Shawn Wells
INC-13803,2023-07-30 22:00:00,FRA-Core-01,Cooling,CRAC Failure,Medium,22,7898,Daniel Carpenter
INC-13804,2023-01-25 11:00:00,LHR-Core-02,Network,Fiber Cut,Low,17,187,Richard Clarke
INC-13805,2023-01-02 07:00:00,DXB-Edge-02,Cooling,CRAC Failure,Low,14,420,Daniel Allison
INC-13806,2023-06-29 05:00:00,FRA-Core-01,Cooling,Chiller Failure,Low,14,574,Danielle Vargas
INC-13807,2023-10-28 03:00:00,DXB-Edge-02,Cooling,Cooling Pump Failure,Low,9,324,John Cole
INC-13808,2023-04-09 13:00:00,DXB-Core-01,Cooling,Cooling Pump Failure,Low,14,112,David Gregory
INC-13809,2023-06-05 16:00:00,SIN-Core-01,Network,Fiber Cut,Low,16,80,Nicholas Boyd
INC-13810,2023-07-05 21:00:00,DXB-Edge-02,Network,Router Failure,Medium,51,23052,Austin Hill
INC-13811,2023-03-25 04:00:00,LHR-Core-02,Cooling,Chiller Failure,Medium,44,6688,Patricia Martinez
INC-13812,2023-07-22 12:00:00,MUM-Zone-A,Network,Fiber Cut,Medium,27,6318,Brenda Graham
INC-13813,2023-07-17 07:00:00,MUM-Zone-A,Network,Fiber Cut,Low,16,16,Rebecca Cobb
INC-13814,2023-11-18 20:00:00,MUM-Zone-A,Power,UPS Failure,Low,6,30,Jonathan Sims
INC-13815,2023-11-25 16:00:00,LHR-Core-02,Power,PDU Overload,Medium,57,9804,Mary Watson
INC-13816,2023-09-03 05:00:00,LHR-Core-02,Environmental,Temperature Spike,Medium,43,15652,Pamela Evans
INC-13817,2023-10-19 20:00:00,FRA-Core-01,Environmental,Water Leakage,Low,17,119,Michelle Torres
INC-13818,2023-12-03 04:00:00,FRA-Core-01,Network,Switch Failure,Low,18,90,Joshua Joseph
INC-13819,2023-04-14 03:00:00,SIN-Core-01,Power,PDU Overload,Low,15,210,Robert Bridges
INC-13820,2023-03-10 16:00:00,MUM-Zone-A,Environmental,Water Leakage,Low,9,45,Mary Erickson
INC-13821,2023-02-19 00:00:00,DXB-Core-01,Network,Fiber Cut,Low,14,98,Nathan Dawson
INC-13822,2023-01-04 05:00:00,DXB-Edge-02,Network,Switch Failure,Low,15,420,Steven Alexander
INC-13823,2023-11-10 11:00:00,DXB-Edge-02,Network,Fiber Cut,Medium,28,11032,Gabrielle Butler
INC-13824,2023-08-18 23:00:00,DXB-Edge-02,Power,Generator Failure,Medium,51,24684,Amy Cox
INC-13825,2023-02-17 17:00:00,SIN-Core-01,Network,Router Failure,Low,17,323,Mary Singh
INC-13826,2023-11-08 09:00:00,LHR-Core-02,Cooling,Chiller Failure,Medium,44,17512,Jennifer Castillo
INC-13827,2023-08-19 10:00:00,MUM-Zone-A,Network,Switch Failure,High,104,81536,Wayne Clements
INC-13828,2023-10-18 20:00:00,DXB-Core-01,Cooling,Cooling Pump Failure,Low,18,360,Maria Spencer
INC-13829,2023-07-24 07:00:00,LHR-Core-02,Power,UPS Failure,High,149,146765,Kelly Rhodes
INC-13830,2023-07-30 17:00:00,DXB-Core-01,Network,Switch Failure,Low,15,570,David Anderson
INC-13831,2023-03-05 21:00:00,SIN-Core-01,Environmental,Temperature Spike,Medium,58,13224,Ronald Newton
INC-13832,2023-01-13 14:00:00,FRA-Core-01,Network,Router Failure,Low,15,60,Bradley Moody
INC-13833,2023-07-29 22:00:00,MUM-Zone-A,Power,PDU Overload,Low,17,221,Robert Russo
INC-13834,2023-11-25 12:00:00,SIN-Core-01,Power,PDU Overload,Low,6,240,Martin Scott
INC-13835,2023-05-30 22:00:00,DXB-Core-01,Cooling,CRAC Failure,Medium,58,13224,Anthony Patton
INC-13836,2023-07-31 23:00:00,DXB-Edge-02,Power,PDU Overload,Medium,29,11049,Tiffany Hernandez
INC-13837,2023-10-03 17:00:00,DXB-Edge-02,Power,Generator Failure,Low,5,65,Billy Horn
INC-13838,2023-02-21 13:00:00,MUM-Zone-A,Power,PDU Overload,Medium,55,6435,Kari Jordan
INC-13839,2023-04-24 04:00:00,MUM-Zone-A,Cooling,Chiller Failure,Low,10,50,Kathleen Dougherty
INC-13840,2023-11-05 21:00:00,MUM-Zone-A,Environmental,Temperature Spike,Low,7,322,Zachary Hahn
INC-13841,2023-12-04 21:00:00,SIN-Core-01,Power,UPS Failure,Low,5,170,Amanda Lopez
INC-13842,2023-02-01 07:00:00,FRA-Core-01,Network,Router Failure,Critical,216,593352,Tyler Cox
INC-13843,2023-03-02 03:00:00,DXB-Edge-02,Cooling,Chiller Failure,Low,16,528,Stacey Jenkins
INC-13844,2023-05-19 09:00:00,FRA-Core-01,Network,Router Failure,Low,15,300,Cole Smith
INC-13845,2023-03-18 19:00:00,FRA-Core-01,Power,PDU Overload,Low,11,495,Andrea Bass
INC-13846,2023-02-11 02:00:00,DXB-Edge-02,Environmental,Water Leakage,Medium,49,21021,Corey Aguilar
INC-13847,2023-11-15 05:00:00,DXB-Edge-02,Power,UPS Failure,Medium,24,9168,Kyle Gill
INC-13848,2023-09-06 10:00:00,DXB-Core-01,Network,Switch Failure,Low,19,798,Aaron Lang
INC-13849,2023-01-01 17:00:00,LHR-Core-02,Cooling,Chiller Failure,Medium,29,3915,Yvette Baker
INC-13850,2023-07-30 23:00:00,DXB-Edge-02,Cooling,Chiller Failure,Low,18,630,Dustin Andrews
INC-13851,2023-08-20 11:00:00,FRA-Core-01,Cooling,Chiller Failure,Low,16,784,Noah Farmer
INC-13852,2023-11-26 12:00:00,DXB-Core-01,Environmental,Temperature Spike,Medium,20,8280,Daniel Thomas
INC-13853,2023-03-08 22:00:00,LHR-Core-02,Environmental,Water Leakage,Low,11,550,Eric Roberts
INC-13854,2023-11-05 23:00:00,DXB-Core-01,Network,Router Failure,Low,8,344,Jason Cardenas
INC-13855,2023-05-15 23:00:00,LHR-Core-02,Network,Router Failure,Low,16,304,Candace Taylor
INC-13856,2023-10-06 16:00:00,MUM-Zone-A,Environmental,Water Leakage,Critical,306,365670,Sherri Brown
INC-13857,2023-08-31 16:00:00,MUM-Zone-A,Power,UPS Failure,Low,9,270,Lisa Powell
INC-13858,2023-10-26 12:00:00,FRA-Core-01,Environmental,Water Leakage,Critical,328,338496,Jeremiah Bush
INC-13859,2023-10-02 13:00:00,FRA-Core-01,Cooling,Chiller Failure,Medium,40,14800,Bradley Foster
INC-13860,2023-03-09 01:00:00,SIN-Core-01,Cooling,Cooling Pump Failure,Medium,23,6371,Jeffrey Smith
INC-13861,2023-01-25 11:00:00,DXB-Core-01,Power,Generator Failure,Critical,334,1236802,Brad Hanson
INC-13862,2023-10-10 22:00:00,DXB-Edge-02,Network,Router Failure,Medium,39,11934,Ryan Pierce
INC-13863,2023-04-03 16:00:00,DXB-Edge-02,Network,Fiber Cut,Low,5,235,Taylor Harmon
INC-13864,2023-09-13 13:00:00,SIN-Core-01,Cooling,Chiller Failure,High,138,104604,Ronald Torres
INC-13865,2023-05-14 14:00:00,MUM-Zone-A,Power,UPS Failure,Low,15,60,Ryan Roberson
INC-13866,2023-02-20 17:00:00,FRA-Core-01,Cooling,Chiller Failure,Low,15,210,Maurice Warren
INC-13867,2023-05-23 13:00:00,FRA-Core-01,Power,UPS Failure,Low,5,215,Mary Welch
INC-13868,2023-06-29 15:00:00,LHR-Core-02,Power,Generator Failure,Medium,44,7612,David Wright
INC-13869,2023-01-05 18:00:00,DXB-Core-01,Power,UPS Failure,Medium,31,7781,Elizabeth Flores
INC-13870,2023-07-27 09:00:00,DXB-Edge-02,Environmental,Water Leakage,Medium,32,12320,Nathan Norman
INC-13871,2023-04-22 10:00:00,FRA-Core-01,Power,Generator Failure,Low,17,68,James Anderson
INC-13872,2023-08-16 12:00:00,DXB-Edge-02,Network,Router Failure,Low,13,403,Ashley Parker
INC-13873,2023-09-08 21:00:00,SIN-Core-01,Environmental,Water Leakage,Medium,28,8092,Amanda Watts
INC-13874,2023-05-01 08:00:00,DXB-Core-01,Network,Switch Failure,High,112,108080,Misty Watkins
INC-13875,2023-05-02 04:00:00,FRA-Core-01,Network,Fiber Cut,Low,14,238,Nicole Thomas
INC-13876,2023-01-19 11:00:00,SIN-Core-01,Environmental,Water Leakage,Low,13,403,Sarah Howell
INC-13877,2023-08-19 05:00:00,DXB-Core-01,Cooling,CRAC Failure,High,60,30900,Miranda Ali
INC-13878,2023-05-10 12:00:00,LHR-Core-02,Power,Generator Failure,Medium,30,4950,Morgan Hartman
INC-13879,2023-03-15 05:00:00,DXB-Edge-02,Cooling,CRAC Failure,Low,9,72,Rachel Novak
INC-13880,2023-12-23 11:00:00,SIN-Core-01,Environmental,Water Leakage,Medium,25,5600,Evan Wood
INC-13881,2023-11-11 11:00:00,SIN-Core-01,Power,PDU Overload,Low,7,126,Amber Hill
INC-13882,2023-02-22 17:00:00,LHR-Core-02,Network,Router Failure,Low,10,240,Willie Le
INC-13883,2023-03-17 11:00:00,SIN-Core-01,Cooling,Cooling Pump Failure,Low,18,108,Laura Johnson
INC-13884,2023-06-24 17:00:00,DXB-Core-01,Network,Router Failure,Medium,39,6396,Annette Peterson
INC-13885,2023-11-02 05:00:00,DXB-Core-01,Cooling,Chiller Failure,Medium,36,12528,Lori Maldonado
INC-13886,2023-10-15 12:00:00,DXB-Core-01,Network,Fiber Cut,Low,11,231,James Morrison
INC-13887,2023-08-31 16:00:00,DXB-Core-01,Environmental,Water Leakage,Low,8,176,Michele Campbell
INC-13888,2023-04-09 22:00:00,SIN-Core-01,Power,Generator Failure,Low,16,336,John Bradley
INC-13889,2023-05-16 23:00:00,SIN-Core-01,Power,PDU Overload,Low,16,672,Michelle Mckinney
INC-13890,2023-02-09 22:00:00,LHR-Core-02,Cooling,Cooling Pump Failure,Medium,36,17388,Maria Mills
INC-13891,2023-05-11 03:00:00,FRA-Core-01,Network,Fiber Cut,Low,13,247,Joshua Henderson
INC-13892,2023-01-25 16:00:00,MUM-Zone-A,Environmental,Water Leakage,Low,14,308,Aaron Carter
INC-13893,2023-12-28 22:00:00,DXB-Core-01,Cooling,CRAC Failure,Low,13,611,Kimberly Lopez
INC-13894,2023-01-29 02:00:00,MUM-Zone-A,Cooling,Chiller Failure,Low,7,273,Debra Holder
INC-13895,2023-08-07 11:00:00,MUM-Zone-A,Network,Fiber Cut,Low,18,234,Ethan Ramsey
INC-13896,2023-04-29 04:00:00,MUM-Zone-A,Cooling,CRAC Failure,Low,9,90,Marc Craig
INC-13897,2023-09-07 07:00:00,FRA-Core-01,Power,UPS Failure,Medium,55,8745,Casey Smith
INC-13898,2023-11-27 16:00:00,MUM-Zone-A,Network,Fiber Cut,Low,6,96,Jessica Moses
INC-13899,2023-12-23 22:00:00,FRA-Core-01,Environmental,Water Leakage,Low,10,380,Michael Moon
INC-13900,2023-08-05 16:00:00,FRA-Core-01,Network,Router Failure,Low,11,264,Ashley White
INC-13901,2023-09-21 11:00:00,DXB-Edge-02,Cooling,Chiller Failure,Low,7,147,Steven Pham
INC-13902,2023-11-03 02:00:00,DXB-Core-01,Cooling,CRAC Failure,Low,12,552,Melanie Young
INC-13903,2023-11-29 19:00:00,FRA-Core-01,Environmental,Water Leakage,Low,18,378,Terry Johnson
INC-13904,2023-06-20 18:00:00,DXB-Edge-02,Network,Switch Failure,Low,18,792,Brian Duncan
INC-13905,2023-02-05 21:00:00,LHR-Core-02,Cooling,Chiller Failure,Low,16,656,Melanie Mcdonald
INC-13906,2023-10-28 12:00:00,DXB-Core-01,Cooling,Chiller Failure,Low,11,154,Kathryn White
INC-13907,2023-01-09 18:00:00,SIN-Core-01,Network,Router Failure,Low,6,138,Daniel Barnes
INC-13908,2023-09-30 21:00:00,SIN-Core-01,Power,PDU Overload,Medium,28,12880,Ebony Trujillo
INC-13909,2023-08-06 00:00:00,DXB-Core-01,Environmental,Temperature Spike,High,161,140392,Kimberly Brown
INC-13910,2023-01-22 06:00:00,MUM-Zone-A,Network,Switch Failure,Medium,44,4576,Lisa Daniel
INC-13911,2023-11-05 01:00:00,FRA-Core-01,Network,Fiber Cut,Medium,37,4995,Dr. Jeffrey Holmes
INC-13912,2023-05-27 15:00:00,SIN-Core-01,Network,Router Failure,Low,10,190,Paul Valdez
INC-13913,2023-11-22 14:00:00,LHR-Core-02,Power,PDU Overload,Medium,56,15624,Vanessa Nelson
INC-13914,2023-08-10 14:00:00,SIN-Core-01,Cooling,Chiller Failure,Medium,52,21112,Tonya Hines
INC-13915,2023-04-06 10:00:00,LHR-Core-02,Network,Router Failure,Low,15,45,Richard Harris
INC-13916,2023-05-19 21:00:00,MUM-Zone-A,Network,Fiber Cut,Low,14,658,Jessica Anderson
INC-13917,2023-02-08 11:00:00,LHR-Core-02,Network,Router Failure,Low,10,500,Stephen Martin
INC-13918,2023-06-07 08:00:00,DXB-Edge-02,Network,Fiber Cut,Low,13,598,James Hood
INC-13919,2023-02-19 12:00:00,FRA-Core-01,Power,PDU Overload,Low,7,0,Joseph Gonzalez
INC-13920,2023-03-30 06:00:00,MUM-Zone-A,Power,PDU Overload,Medium,52,5980,Amy Willis
INC-13921,2023-03-18 01:00:00,DXB-Core-01,Network,Fiber Cut,Low,5,250,Daniel Burgess
INC-13922,2023-02-26 17:00:00,DXB-Core-01,Power,Generator Failure,Low,15,0,Kimberly Jefferson
INC-13923,2023-08-10 03:00:00,DXB-Edge-02,Power,UPS Failure,Low,19,513,Sean Smith
INC-13924,2023-12-23 16:00:00,LHR-Core-02,Power,Generator Failure,Low,5,75,Alexandra Brown
INC-13925,2023-05-14 12:00:00,FRA-Core-01,Network,Fiber Cut,Critical,387,927252,Sandra Jackson
INC-13926,2023-03-11 17:00:00,SIN-Core-01,Environmental,Temperature Spike,Low,7,161,Michael Jenkins
INC-13927,2023-05-24 06:00:00,SIN-Core-01,Cooling,Chiller Failure,Medium,25,11275,Jennifer Torres
INC-13928,2024-01-01 18:00:00,FRA-Core-01,Power,UPS Failure,Medium,43,9460,Dr. Matthew Ramirez
INC-13929,2023-01-07 03:00:00,DXB-Core-01,Cooling,Cooling Pump Failure,Low,7,217,Wayne Robbins
INC-13930,2023-04-28 07:00:00,DXB-Edge-02,Power,UPS Failure,Medium,48,7200,Victoria Dudley
INC-13931,2023-05-20 12:00:00,SIN-Core-01,Environmental,Temperature Spike,Low,9,279,Christopher Carlson
INC-13932,2023-11-12 15:00:00,LHR-Core-02,Environmental,Temperature Spike,Low,5,195,Mrs. Stephanie Miller
INC-13933,2023-01-18 11:00:00,FRA-Core-01,Power,UPS Failure,Low,11,374,Sarah Thompson
INC-13934,2023-09-17 18:00:00,LHR-Core-02,Environmental,Temperature Spike,Medium,24,5208,Clayton Anderson
INC-13935,2023-11-21 00:00:00,DXB-Edge-02,Power,Generator Failure,Low,5,120,Richard Patterson
INC-13936,2023-01-30 21:00:00,DXB-Core-01,Power,PDU Overload,High,106,57982,Laura Huynh
INC-13937,2023-08-22 02:00:00,DXB-Core-01,Cooling,Cooling Pump Failure,Low,10,330,Alyssa Johnson
INC-13938,2023-09-17 03:00:00,DXB-Core-01,Network,Fiber Cut,Low,7,28,Rebecca Henderson
INC-13939,2023-07-22 16:00:00,DXB-Edge-02,Cooling,Chiller Failure,Medium,40,12440,William Willis
INC-13940,2023-07-02 10:00:00,MUM-Zone-A,Cooling,Cooling Pump Failure,Medium,56,18648,Jeffery Ramos
INC-13941,2023-01-17 10:00:00,MUM-Zone-A,Network,Router Failure,Low,16,624,Amanda Garcia
INC-13942,2023-02-15 20:00:00,LHR-Core-02,Power,UPS Failure,Critical,536,2297296,Christy Weaver
INC-13943,2023-11-20 11:00:00,MUM-Zone-A,Power,Generator Failure,Medium,31,3224,Carlos Davila
INC-13944,2023-09-21 06:00:00,SIN-Core-01,Cooling,Chiller Failure,Medium,45,15930,Sara York
INC-13945,2023-10-07 01:00:00,DXB-Edge-02,Network,Switch Failure,Low,7,182,Christopher Proctor
INC-13946,2023-12-31 03:00:00,LHR-Core-02,Power,Generator Failure,Critical,438,1467738,Cathy Bailey
INC-13947,2023-05-04 08:00:00,FRA-Core-01,Environmental,Temperature Spike,Low,17,289,Benjamin Gordon
INC-13948,2023-05-11 07:00:00,LHR-Core-02,Network,Fiber Cut,Low,15,135,Madison Martin
INC-13949,2023-05-29 12:00:00,MUM-Zone-A,Cooling,Chiller Failure,Medium,40,11880,Aaron Miller
INC-13950,2023-08-04 06:00:00,SIN-Core-01,Environmental,Water Leakage,Low,11,440,Jeremiah Mora
INC-13951,2023-04-19 05:00:00,MUM-Zone-A,Power,Generator Failure,Low,18,738,Ian Chan
INC-13952,2023-01-21 01:00:00,DXB-Edge-02,Environmental,Temperature Spike,Medium,25,7000,Kristen Boyle
INC-13953,2023-07-23 10:00:00,DXB-Core-01,Power,Generator Failure,Low,17,204,Angela Wilson
INC-13954,2023-02-01 03:00:00,DXB-Core-01,Power,UPS Failure,Medium,47,17860,Lisa Keller
INC-13955,2023-08-19 13:00:00,DXB-Edge-02,Network,Switch Failure,High,108,72792,Alyssa Campbell
INC-13956,2023-04-06 22:00:00,DXB-Core-01,Environmental,Water Leakage,High,109,77499,Donna Weber
INC-13957,2023-10-07 04:00:00,FRA-Core-01,Power,PDU Overload,High,148,97828,Larry Greene
INC-13958,2023-11-30 20:00:00,DXB-Edge-02,Power,Generator Failure,Low,15,615,Jacob Warren
INC-13959,2023-12-31 15:00:00,MUM-Zone-A,Environmental,Water Leakage,Low,7,119,Earl Wade
INC-13960,2023-08-08 06:00:00,SIN-Core-01,Power,UPS Failure,High,118,83898,Mrs. Diane Hernandez MD
INC-13961,2023-02-03 08:00:00,FRA-Core-01,Cooling,Cooling Pump Failure,Low,15,180,Christopher Trujillo
INC-13962,2023-03-14 21:00:00,DXB-Edge-02,Power,UPS Failure,Low,8,32,Manuel Perez
INC-13963,2023-12-07 05:00:00,MUM-Zone-A,Network,Router Failure,Low,12,384,Kristy Bird
INC-13964,2023-06-21 15:00:00,SIN-Core-01,Cooling,Cooling Pump Failure,Medium,33,9108,Maria Oneal
INC-13965,2023-10-25 04:00:00,SIN-Core-01,Environmental,Water Leakage,Low,18,342,Ashley Thomas
INC-13966,2023-07-26 01:00:00,SIN-Core-01,Power,PDU Overload,Medium,31,6758,Sherry King
INC-13967,2023-12-30 02:00:00,FRA-Core-01,Cooling,Cooling Pump Failure,Low,7,266,Brandy Wilson
INC-13968,2023-12-31 11:00:00,MUM-Zone-A,Cooling,CRAC Failure,Low,17,187,Billy Harding
INC-13969,2023-10-07 23:00:00,DXB-Edge-02,Cooling,CRAC Failure,Medium,53,20935,Sara Smith
INC-13970,2023-10-20 03:00:00,FRA-Core-01,Environmental,Water Leakage,Low,14,434,Roger Ballard
INC-13971,2023-04-29 10:00:00,MUM-Zone-A,Power,PDU Overload,Medium,51,14943,Lisa Cardenas
INC-13972,2023-02-13 18:00:00,DXB-Edge-02,Network,Switch Failure,Medium,57,7239,Amy Hill
INC-13973,2023-04-10 04:00:00,LHR-Core-02,Environmental,Water Leakage,Low,18,72,Tina Campbell
INC-13974,2023-10-01 19:00:00,DXB-Core-01,Environmental,Temperature Spike,Low,5,10,Amanda Estrada
INC-13975,2023-05-01 09:00:00,LHR-Core-02,Power,Generator Failure,Low,13,65,Denise Martin
INC-13976,2023-09-13 21:00:00,FRA-Core-01,Cooling,CRAC Failure,Critical,529,2544490,Grant Mccoy
INC-13977,2023-12-25 02:00:00,DXB-Edge-02,Cooling,Cooling Pump Failure,Low,16,432,Robert Gonzalez
INC-13978,2023-04-29 15:00:00,SIN-Core-01,Network,Router Failure,Low,19,551,Brad Salas
INC-13979,2023-12-25 15:00:00,DXB-Core-01,Network,Router Failure,High,146,102638,Joy Hall
INC-13980,2023-04-28 01:00:00,DXB-Core-01,Cooling,Chiller Failure,Low,12,192,Joshua Powers
INC-13981,2023-06-15 02:00:00,MUM-Zone-A,Cooling,CRAC Failure,High,84,68208,John Fowler MD
INC-13982,2023-03-19 05:00:00,DXB-Edge-02,Environmental,Temperature Spike,Low,16,400,Patrick Villa
INC-13983,2023-10-05 14:00:00,MUM-Zone-A,Power,UPS Failure,Low,17,544,Julie Aguirre
INC-13984,2023-01-11 17:00:00,DXB-Core-01,Cooling,CRAC Failure,Low,12,36,Victoria Hall
INC-13985,2023-09-17 01:00:00,DXB-Core-01,Power,PDU Overload,High,75,59325,Walter Greene
INC-13986,2023-01-12 01:00:00,LHR-Core-02,Cooling,Chiller Failure,Low,11,143,Kathryn Hill
INC-13987,2023-04-01 00:00:00,DXB-Edge-02,Cooling,Cooling Pump Failure,Low,19,608,Beth White
INC-13988,2023-09-15 09:00:00,FRA-Core-01,Cooling,CRAC Failure,Medium,55,26620,Toni Mack
INC-13989,2023-09-03 13:00:00,LHR-Core-02,Environmental,Water Leakage,Low,5,110,Tracy Smith
INC-13990,2023-11-08 07:00:00,MUM-Zone-A,Environmental,Temperature Spike,Critical,195,479895,Amanda Fisher
INC-13991,2023-01-20 12:00:00,FRA-Core-01,Network,Router Failure,Low,15,630,Gloria Lee
INC-13992,2023-11-28 13:00:00,SIN-Core-01,Network,Router Failure,Low,10,0,Stephen Kim
INC-13993,2023-01-27 20:00:00,DXB-Edge-02,Network,Switch Failure,Medium,31,6076,Mark Sloan
INC-13994,2023-03-29 03:00:00,FRA-Core-01,Environmental,Water Leakage,Medium,49,12152,April Casey
INC-13995,2023-05-13 21:00:00,LHR-Core-02,Cooling,Cooling Pump Failure,Low,8,336,Alex Cummings MD
INC-13996,2023-05-19 04:00:00,DXB-Edge-02,Network,Switch Failure,Low,12,324,Donna Carrillo
INC-13997,2023-03-15 07:00:00,SIN-Core-01,Environmental,Water Leakage,High,97,91374,Mr. James Cohen DDS
INC-13998,2023-12-07 02:00:00,LHR-Core-02,Cooling,CRAC Failure,High,175,100625,Katelyn Harmon
INC-13999,2023-06-20 06:00:00,FRA-Core-01,Network,Switch Failure,Low,15,465,Luke Taylor
INC-14000,2023-06-20 11:00:00,LHR-Core-02,Environmental,Water Leakage,High,144,77472,Elijah Li
INC-14001,2023-08-19 07:00:00,DXB-Edge-02,Network,Router Failure,Medium,40,19440,Charles Wilson
INC-14002,2023-09-22 13:00:00,LHR-Core-02,Cooling,Cooling Pump Failure,Medium,53,23373,Steven Flores
INC-14003,2023-02-08 18:00:00,MUM-Zone-A,Cooling,Cooling Pump Failure,Low,13,364,Lisa Guerra
INC-14004,2023-09-06 02:00:00,DXB-Core-01,Network,Router Failure,Medium,31,13113,Ashley Moore
INC-14005,2023-11-06 07:00:00,SIN-Core-01,Environmental,Temperature Spike,Medium,28,8372,Amy George
INC-14006,2023-10-28 08:00:00,DXB-Core-01,Environmental,Water Leakage,Low,13,286,Erika Jones
INC-14007,2023-06-25 02:00:00,SIN-Core-01,Environmental,Water Leakage,Low,18,684,Holly Cox
INC-14008,2023-04-02 17:00:00,LHR-Core-02,Environmental,Temperature Spike,High,85,66555,Laurie Vargas
INC-14009,2023-08-24 07:00:00,DXB-Edge-02,Power,Generator Failure,Low,19,38,Kelly Powell
INC-14010,2023-07-08 21:00:00,LHR-Core-02,Power,Generator Failure,Low,14,588,Richard White
INC-14011,2023-11-19 08:00:00,MUM-Zone-A,Cooling,Chiller Failure,Low,9,153,Shelby Garcia
INC-14012,2023-01-04 00:00:00,LHR-Core-02,Network,Fiber Cut,Medium,40,16160,Ryan Johnson
INC-14013,2023-07-02 16:00:00,FRA-Core-01,Network,Router Failure,Low,7,301,Connie Nichols
INC-14014,2023-06-07 09:00:00,FRA-Core-01,Power,Generator Failure,Low,10,290,Kaitlyn Martin
INC-14015,2023-10-04 08:00:00,SIN-Core-01,Network,Fiber Cut,Low,13,312,Dr. Jason Petty
INC-14016,2023-05-19 12:00:00,DXB-Edge-02,Environmental,Water Leakage,Low,8,80,Candice Hopkins DVM
INC-14017,2023-09-13 14:00:00,FRA-Core-01,Environmental,Temperature Spike,Low,18,162,Jeffrey Ingram
INC-14018,2023-07-29 05:00:00,MUM-Zone-A,Environmental,Temperature Spike,Medium,26,3848,Ariana Morgan
INC-14019,2023-06-20 22:00:00,DXB-Edge-02,Network,Fiber Cut,Low,18,648,Darlene Walker
INC-14020,2023-09-14 05:00:00,LHR-Core-02,Power,Generator Failure,Medium,25,3600,Erin Johnson
INC-14021,2023-04-28 22:00:00,LHR-Core-02,Power,UPS Failure,Medium,39,18213,Matthew Williamson
INC-14022,2023-07-01 00:00:00,DXB-Edge-02,Power,Generator Failure,Low,10,0,Marcus Hunt
INC-14023,2023-09-25 02:00:00,SIN-Core-01,Environmental,Water Leakage,Low,15,345,Bobby Pratt
INC-14024,2023-02-11 07:00:00,MUM-Zone-A,Environmental,Temperature Spike,Low,19,836,Kathy Moore
INC-14025,2023-03-11 02:00:00,DXB-Edge-02,Network,Switch Failure,Low,11,66,John Morgan
INC-14026,2023-06-23 06:00:00,FRA-Core-01,Environmental,Water Leakage,Low,17,357,Jennifer West
INC-14027,2023-03-10 00:00:00,LHR-Core-02,Network,Switch Failure,Low,6,240,Miranda Jordan
INC-14028,2023-09-25 13:00:00,DXB-Edge-02,Environmental,Water Leakage,Low,16,528,Marc Kelly
INC-14029,2023-04-11 14:00:00,FRA-Core-01,Environmental,Temperature Spike,Medium,29,9889,Gregory Parsons
INC-14030,2023-04-18 09:00:00,SIN-Core-01,Cooling,Chiller Failure,Low,14,392,James Dawson
INC-14031,2023-12-14 00:00:00,LHR-Core-02,Cooling,Cooling Pump Failure,Medium,36,16164,Dawn Thomas
INC-14032,2023-01-26 17:00:00,SIN-Core-01,Cooling,Cooling Pump Failure,Low,7,168,Kiara Coleman
INC-14033,2023-05-18 23:00:00,MUM-Zone-A,Network,Router Failure,Low,12,36,James Williams
INC-14034,2023-08-10 02:00:00,SIN-Core-01,Cooling,CRAC Failure,Medium,58,8352,Charles Ortega
INC-14035,2023-12-07 23:00:00,MUM-Zone-A,Environmental,Temperature Spike,Medium,30,6150,Thomas Jackson
INC-14036,2023-01-22 10:00:00,MUM-Zone-A,Power,UPS Failure,Low,11,121,Emily Ray
INC-14037,2023-09-07 03:00:00,DXB-Core-01,Power,Generator Failure,Medium,39,11154,Michael Smith
INC-14038,2023-04-28 12:00:00,DXB-Core-01,Power,PDU Overload,Low,17,374,Andrea Howard
INC-14039,2023-10-01 01:00:00,MUM-Zone-A,Power,PDU Overload,Low,16,688,Mr. Michael Horton
INC-14040,2023-10-01 21:00:00,DXB-Core-01,Environmental,Water Leakage,Low,18,216,Joseph Patel
INC-14041,2023-12-27 22:00:00,FRA-Core-01,Power,PDU Overload,Low,11,187,Kathy Foster
INC-14042,2023-03-23 13:00:00,FRA-Core-01,Cooling,Cooling Pump Failure,Low,7,42,Benjamin Allen
INC-14043,2023-08-17 06:00:00,SIN-Core-01,Environmental,Temperature Spike,Medium,39,4251,Kristen Lee
INC-14044,2023-03-14 10:00:00,DXB-Core-01,Environmental,Water Leakage,Low,10,110,Rachel Martinez
INC-14045,2023-11-25 11:00:00,DXB-Edge-02,Environmental,Water Leakage,Medium,51,21165,Mariah Davis
INC-14046,2023-07-19 01:00:00,DXB-Core-01,Environmental,Temperature Spike,Critical,250,285000,Dustin Aguirre
INC-14047,2023-10-17 15:00:00,SIN-Core-01,Network,Fiber Cut,Low,8,184,Jacqueline Price
INC-14048,2023-12-23 23:00:00,SIN-Core-01,Cooling,Cooling Pump Failure,Low,14,266,Brian Grant
INC-14049,2023-07-16 02:00:00,LHR-Core-02,Power,Generator Failure,Low,8,344,Kenneth Perry
INC-14050,2023-11-12 00:00:00,MUM-Zone-A,Network,Router Failure,High,146,138992,Erica Jones
INC-14051,2023-11-20 21:00:00,SIN-Core-01,Network,Fiber Cut,Low,12,192,Veronica Thomas
INC-14052,2023-07-29 21:00:00,SIN-Core-01,Power,Generator Failure,High,107,88596,Tina Miles
INC-14053,2023-05-21 06:00:00,FRA-Core-01,Network,Router Failure,Medium,22,3850,Charles Rogers
INC-14054,2023-05-26 20:00:00,MUM-Zone-A,Power,UPS Failure,Low,14,490,Rachel Valdez
INC-14055,2023-07-05 11:00:00,DXB-Core-01,Power,Generator Failure,Medium,26,4212,Samantha Kent
INC-14056,2023-04-24 17:00:00,DXB-Core-01,Environmental,Water Leakage,Low,15,90,Luis Kramer
INC-14057,2023-03-09 20:00:00,DXB-Core-01,Environmental,Temperature Spike,Low,18,108,Olivia Rose
INC-14058,2023-03-10 00:00:00,SIN-Core-01,Environmental,Water Leakage,High,113,81473,Janet Hall
INC-14059,2023-05-07 18:00:00,FRA-Core-01,Environmental,Temperature Spike,Low,19,532,Thomas Young Jr.
INC-14060,2023-05-05 16:00:00,SIN-Core-01,Network,Router Failure,Low,7,343,Nancy Ford
INC-14061,2023-07-03 08:00:00,DXB-Core-01,Power,PDU Overload,Medium,25,5875,Victoria Kline
INC-14062,2023-09-07 04:00:00,SIN-Core-01,Power,UPS Failure,Low,5,120,Luis Nelson
INC-14063,2023-12-29 05:00:00,FRA-Core-01,Network,Router Failure,High,85,63495,Kelly Hampton
INC-14064,2023-07-21 06:00:00,MUM-Zone-A,Cooling,Chiller Failure,Low,14,238,Cameron Brooks
INC-14065,2023-07-20 20:00:00,FRA-Core-01,Network,Switch Failure,Critical,513,2352618,Victoria Porter
INC-14066,2023-01-25 01:00:00,MUM-Zone-A,Power,Generator Failure,Low,15,30,Lisa Hill
INC-14067,2023-08-22 01:00:00,SIN-Core-01,Network,Switch Failure,Medium,49,5635,Lisa Mckee
INC-14068,2023-06-06 11:00:00,MUM-Zone-A,Network,Switch Failure,Low,12,552,Scott Bullock
INC-14069,2023-05-14 12:00:00,SIN-Core-01,Power,Generator Failure,Medium,46,7958,Amber Hendrix
INC-14070,2023-06-22 19:00:00,DXB-Edge-02,Power,PDU Overload,Low,10,100,Monica Brown
INC-14071,2023-09-29 01:00:00,DXB-Core-01,Power,UPS Failure,Low,6,228,Jamie Smith
INC-14072,2023-07-13 17:00:00,SIN-Core-01,Power,PDU Overload,Low,16,656,Joseph May
INC-14073,2023-03-13 02:00:00,LHR-Core-02,Power,PDU Overload,Low,8,136,Amanda Hayes
INC-14074,2023-10-06 08:00:00,DXB-Core-01,Cooling,Chiller Failure,High,93,79515,Christopher Brown
INC-14075,2023-10-23 00:00:00,SIN-Core-01,Environmental,Water Leakage,Low,12,528,Jennifer Abbott
INC-14076,2023-08-20 07:00:00,FRA-Core-01,Cooling,Cooling Pump Failure,Low,6,132,Crystal Davis
INC-14077,2023-04-22 14:00:00,LHR-Core-02,Cooling,Chiller Failure,Medium,24,11760,Brad Chandler
INC-14078,2023-03-19 11:00:00,FRA-Core-01,Environmental,Temperature Spike,Low,6,234,Brittany Bell
INC-14079,2023-03-17 21:00:00,DXB-Core-01,Cooling,Cooling Pump Failure,Medium,47,14100,Larry White
INC-14080,2023-04-29 17:00:00,MUM-Zone-A,Power,PDU Overload,Low,6,138,Melissa Day
INC-14081,2023-03-29 21:00:00,DXB-Edge-02,Cooling,Cooling Pump Failure,Critical,474,1952880,Karen Perkins
INC-14082,2023-01-27 19:00:00,FRA-Core-01,Network,Fiber Cut,Medium,38,5358,Noah Henry
INC-14083,2023-02-05 15:00:00,DXB-Edge-02,Cooling,CRAC Failure,Low,7,231,Philip Harris
INC-14084,2023-05-15 19:00:00,DXB-Edge-02,Network,Fiber Cut,Critical,216,449928,Patricia Davis
INC-14085,2023-10-10 14:00:00,SIN-Core-01,Network,Switch Failure,Medium,23,2323,Walter Martin
INC-14086,2023-07-15 05:00:00,LHR-Core-02,Power,PDU Overload,Low,5,90,Jason Bishop
INC-14087,2023-11-08 09:00:00,FRA-Core-01,Power,UPS Failure,Medium,38,14364,Tina Adams
INC-14088,2023-01-16 19:00:00,DXB-Core-01,Network,Fiber Cut,Low,9,171,Nicole Sanders
INC-14089,2023-02-02 00:00:00,DXB-Edge-02,Environmental,Water Leakage,Low,11,220,Crystal Salas
INC-14090,2023-06-22 14:00:00,FRA-Core-01,Cooling,Chiller Failure,High,158,125610,Stacy Suarez
INC-14091,2023-04-09 07:00:00,SIN-Core-01,Network,Fiber Cut,Critical,344,1435168,Angelica Patton
INC-14092,2023-06-01 18:00:00,DXB-Edge-02,Network,Fiber Cut,High,130,100360,Jared Wright
INC-14093,2023-10-11 18:00:00,LHR-Core-02,Environmental,Temperature Spike,Low,6,204,Andrew Weaver
INC-14094,2023-05-30 00:00:00,LHR-Core-02,Network,Switch Failure,Medium,58,28652,David Wright
INC-14095,2023-12-03 19:00:00,DXB-Edge-02,Network,Router Failure,Low,10,190,Alyssa Wright
INC-14096,2023-08-25 13:00:00,FRA-Core-01,Cooling,Cooling Pump Failure,Low,15,195,Ronald Ramos
INC-14097,2023-06-29 19:00:00,LHR-Core-02,Power,Generator Failure,Medium,24,11880,Kathleen Williams
INC-14098,2023-05-06 10:00:00,LHR-Core-02,Power,PDU Overload,Low,6,288,Andrea Hendrix
INC-14099,2023-09-26 00:00:00,SIN-Core-01,Cooling,Cooling Pump Failure,Low,6,192,Sandra Hoffman
INC-14100,2023-08-20 20:00:00,FRA-Core-01,Environmental,Water Leakage,Medium,42,12012,Jacob Anderson
INC-14101,2023-11-30 02:00:00,DXB-Core-01,Cooling,Chiller Failure,Medium,27,13446,Rachel Anderson
INC-14102,2023-09-20 11:00:00,LHR-Core-02,Network,Switch Failure,Low,18,468,Sheri Miller
INC-14103,2023-12-02 21:00:00,SIN-Core-01,Power,UPS Failure,High,90,65790,Jill Payne
INC-14104,2023-07-06 18:00:00,FRA-Core-01,Power,UPS Failure,Low,14,392,Paul Cohen
INC-14105,2023-07-19 17:00:00,DXB-Edge-02,Power,PDU Overload,Low,7,168,Daniel Dillon
INC-14106,2023-01-31 21:00:00,SIN-Core-01,Environmental,Water Leakage,High,111,73704,Brenda Olsen
INC-14107,2023-01-03 04:00:00,DXB-Core-01,Environmental,Water Leakage,Low,16,432,Bobby Lindsey
INC-14108,2023-05-22 23:00:00,DXB-Core-01,Environmental,Temperature Spike,High,98,64680,Dr. Brian Nielsen DDS
INC-14109,2023-08-20 10:00:00,DXB-Edge-02,Network,Switch Failure,Low,16,288,Todd Adams
INC-14110,2023-10-10 17:00:00,MUM-Zone-A,Network,Router Failure,Low,6,150,Allison Duke
INC-14111,2023-10-31 12:00:00,DXB-Edge-02,Cooling,CRAC Failure,Medium,31,6014,Robert Smith
INC-14112,2023-09-08 23:00:00,DXB-Core-01,Power,Generator Failure,High,105,97020,Jose Mullins
INC-14113,2023-09-29 15:00:00,LHR-Core-02,Environmental,Water Leakage,Critical,356,1389112,Selena Howell
INC-14114,2023-07-26 10:00:00,FRA-Core-01,Cooling,CRAC Failure,Critical,370,1271320,Timothy Bell
INC-14115,2023-10-06 02:00:00,DXB-Core-01,Cooling,Chiller Failure,Low,19,836,Peter Wilson
INC-14116,2023-01-18 05:00:00,FRA-Core-01,Environmental,Water Leakage,Medium,37,10693,Joseph Campbell
INC-14117,2023-02-24 16:00:00,MUM-Zone-A,Power,PDU Overload,Low,15,360,Jeremy Sullivan
INC-14118,2023-10-10 01:00:00,MUM-Zone-A,Network,Router Failure,Medium,38,9728,Jonathan Anderson
INC-14119,2023-12-27 14:00:00,LHR-Core-02,Environmental,Temperature Spike,Low,11,0,Ross Burke DVM
INC-14120,2023-04-18 04:00:00,FRA-Core-01,Power,Generator Failure,Low,6,222,Sheila Jackson
INC-14121,2023-02-06 21:00:00,FRA-Core-01,Network,Fiber Cut,Medium,48,17328,Michael Jordan
INC-14122,2023-02-07 07:00:00,SIN-Core-01,Network,Switch Failure,Low,16,688,Robert Romero
INC-14123,2023-09-08 05:00:00,LHR-Core-02,Network,Switch Failure,Critical,422,583204,Destiny Donovan
INC-14124,2023-07-23 20:00:00,MUM-Zone-A,Network,Switch Failure,Medium,39,6708,Alexander Russell
INC-14125,2023-07-11 13:00:00,LHR-Core-02,Network,Switch Failure,Medium,38,5852,Michael Brown
INC-14126,2023-07-16 19:00:00,DXB-Core-01,Cooling,Chiller Failure,Low,10,420,Timothy Ayers
INC-14127,2023-11-04 02:00:00,SIN-Core-01,Cooling,CRAC Failure,Low,12,420,Joseph Phelps
INC-14128,2023-05-26 00:00:00,LHR-Core-02,Cooling,Chiller Failure,Low,13,182,Francis Olson
INC-14129,2023-12-20 00:00:00,FRA-Core-01,Network,Fiber Cut,Low,12,144,Elizabeth Mitchell
INC-14130,2023-08-16 03:00:00,MUM-Zone-A,Network,Router Failure,Low,9,144,Cynthia Carter
INC-14131,2023-01-06 00:00:00,SIN-Core-01,Power,Generator Failure,Critical,540,831060,Derek Wagner
INC-14132,2023-05-11 13:00:00,LHR-Core-02,Cooling,CRAC Failure,Medium,58,24302,Heidi Henry
INC-14133,2023-02-27 03:00:00,SIN-Core-01,Environmental,Temperature Spike,Low,10,410,Kari Davis
INC-14134,2023-09-19 02:00:00,DXB-Core-01,Power,Generator Failure,Low,15,600,Paul Anderson
INC-14135,2023-04-15 18:00:00,MUM-Zone-A,Network,Router Failure,Medium,51,21471,Paula Sparks
INC-14136,2023-07-08 12:00:00,MUM-Zone-A,Cooling,Cooling Pump Failure,Low,15,585,Angel Hodges
INC-14137,2023-01-22 22:00:00,DXB-Edge-02,Network,Router Failure,Medium,48,15024,Amy White
INC-14138,2023-02-10 21:00:00,LHR-Core-02,Power,PDU Overload,High,177,143547,Emily Clark
INC-14139,2023-02-14 19:00:00,DXB-Edge-02,Environmental,Temperature Spike,Medium,53,11236,Francisco Richmond
INC-14140,2023-09-23 17:00:00,DXB-Edge-02,Environmental,Temperature Spike,Low,16,480,Charles Frederick
INC-14141,2023-09-11 05:00:00,LHR-Core-02,Network,Switch Failure,Low,17,697,Richard Kaufman
INC-14142,2023-03-05 10:00:00,LHR-Core-02,Environmental,Temperature Spike,Low,16,432,Amy Bird
INC-14143,2023-02-26 06:00:00,DXB-Core-01,Environmental,Water Leakage,Low,15,15,Jeremy Powell
INC-14144,2023-12-22 00:00:00,DXB-Core-01,Power,UPS Failure,High,72,40536,John Moody
INC-14145,2023-01-21 22:00:00,SIN-Core-01,Cooling,Cooling Pump Failure,Low,8,88,Taylor Anderson
INC-14146,2023-09-12 14:00:00,DXB-Edge-02,Network,Router Failure,Medium,33,10824,Charles Brown
INC-14147,2023-11-19 20:00:00,MUM-Zone-A,Network,Fiber Cut,Medium,56,7056,Donald Floyd
INC-14148,2023-09-22 17:00:00,DXB-Edge-02,Network,Fiber Cut,Medium,25,4775,Bryan Johnson
INC-14149,2023-09-14 05:00:00,MUM-Zone-A,Power,UPS Failure,Medium,37,4736,Cynthia Lawrence
INC-14150,2023-03-23 10:00:00,DXB-Core-01,Environmental,Water Leakage,Medium,25,8450,Alison Heath
INC-14151,2023-01-02 22:00:00,MUM-Zone-A,Power,PDU Overload,Low,5,40,Barry Kerr
INC-14152,2023-09-15 22:00:00,LHR-Core-02,Network,Switch Failure,Medium,46,7084,Destiny Farley
INC-14153,2023-02-16 04:00:00,LHR-Core-02,Cooling,Chiller Failure,Low,19,665,Ashley Brooks
INC-14154,2023-09-04 11:00:00,LHR-Core-02,Cooling,Cooling Pump Failure,Low,10,70,Garrett Sexton
INC-14155,2023-10-27 00:00:00,LHR-Core-02,Power,Generator Failure,Medium,55,24090,George Pearson
INC-14156,2023-09-25 21:00:00,FRA-Core-01,Network,Fiber Cut,Low,11,264,Gary Black
INC-14157,2023-01-28 22:00:00,FRA-Core-01,Power,UPS Failure,Low,11,341,Kayla Morrow
INC-14158,2023-06-23 15:00:00,SIN-Core-01,Environmental,Temperature Spike,Low,5,165,Cassandra Mcdonald
INC-14159,2023-05-28 13:00:00,MUM-Zone-A,Network,Router Failure,Medium,57,27075,Douglas Davidson Jr.
INC-14160,2023-08-25 23:00:00,DXB-Core-01,Environmental,Temperature Spike,Low,10,180,Eugene Olson
INC-14161,2023-11-02 05:00:00,DXB-Core-01,Cooling,Chiller Failure,Low,10,360,Mary Mcgrath
INC-14162,2023-10-11 04:00:00,MUM-Zone-A,Environmental,Temperature Spike,Low,5,200,Michele Tate
INC-14163,2023-05-12 21:00:00,SIN-Core-01,Power,Generator Failure,High,69,68103,Austin Kemp
INC-14164,2023-01-20 14:00:00,LHR-Core-02,Power,Generator Failure,Low,6,180,Patricia Smith
INC-14165,2023-02-06 04:00:00,MUM-Zone-A,Power,UPS Failure,Medium,39,16029,William Stout
INC-14166,2023-06-14 02:00:00,LHR-Core-02,Network,Switch Failure,Low,12,24,Lucas Shepherd
INC-14167,2023-01-04 04:00:00,DXB-Core-01,Power,Generator Failure,Low,19,19,Sarah Williams
INC-14168,2023-02-18 16:00:00,FRA-Core-01,Network,Router Failure,Low,14,504,Melissa Torres
INC-14169,2023-04-24 16:00:00,FRA-Core-01,Power,PDU Overload,Low,16,336,William Shah
INC-14170,2023-03-29 17:00:00,DXB-Edge-02,Cooling,Cooling Pump Failure,Low,5,110,Jasmine Smith
INC-14171,2023-12-23 09:00:00,FRA-Core-01,Network,Router Failure,Low,5,185,Thomas Edwards
INC-14172,2023-12-17 10:00:00,DXB-Core-01,Cooling,Chiller Failure,Low,18,828,Rodney Lee
INC-14173,2023-05-21 14:00:00,MUM-Zone-A,Power,PDU Overload,Critical,213,422166,Chase Thompson
INC-14174,2023-09-22 02:00:00,LHR-Core-02,Environmental,Temperature Spike,Low,15,720,Kevin Young
INC-14175,2023-01-13 16:00:00,SIN-Core-01,Cooling,Chiller Failure,Low,19,171,Curtis Yates
INC-14176,2023-11-05 21:00:00,DXB-Core-01,Network,Fiber Cut,High,106,67310,Lori Gomez
INC-14177,2023-09-27 06:00:00,MUM-Zone-A,Network,Router Failure,Medium,40,7240,Peter Sloan
INC-14178,2023-04-02 11:00:00,DXB-Edge-02,Network,Switch Failure,Low,6,6,Daniel Stewart
INC-14179,2023-11-19 17:00:00,DXB-Core-01,Environmental,Water Leakage,Low,11,0,David Buck
INC-14180,2023-02-05 19:00:00,DXB-Core-01,Cooling,Cooling Pump Failure,Low,8,112,Sandra Cochran
INC-14181,2023-09-29 03:00:00,DXB-Edge-02,Power,PDU Overload,Low,16,432,Robert Robinson
INC-14182,2023-02-12 02:00:00,MUM-Zone-A,Environmental,Temperature Spike,High,96,95808,Regina Fernandez
INC-14183,2023-12-24 11:00:00,LHR-Core-02,Cooling,Chiller Failure,High,137,69048,Ann Benitez
INC-14184,2023-01-17 12:00:00,MUM-Zone-A,Power,Generator Failure,Critical,206,436926,Kristine Brown
INC-14185,2023-11-15 01:00:00,DXB-Edge-02,Cooling,Cooling Pump Failure,Low,17,561,Ashley Martin
INC-14186,2023-09-16 13:00:00,MUM-Zone-A,Network,Switch Failure,High,108,71280,Ms. Victoria Williams MD
INC-14187,2023-11-13 04:00:00,DXB-Core-01,Cooling,CRAC Failure,Low,12,432,Olivia Hill
INC-14188,2023-12-10 11:00:00,LHR-Core-02,Power,Generator Failure,Critical,424,2045376,Shawn Jones
INC-14189,2023-02-14 13:00:00,DXB-Core-01,Environmental,Water Leakage,Low,14,28,David Leonard
INC-14190,2023-08-19 12:00:00,FRA-Core-01,Environmental,Temperature Spike,Low,12,180,Dana Thomas
INC-14191,2023-03-07 02:00:00,FRA-Core-01,Cooling,CRAC Failure,Low,9,279,James Martinez
INC-14192,2023-10-09 18:00:00,DXB-Core-01,Power,UPS Failure,Low,13,507,James Christian
INC-14193,2023-06-06 05:00:00,FRA-Core-01,Cooling,Chiller Failure,Low,12,60,Mark Rasmussen
INC-14194,2023-04-05 21:00:00,DXB-Edge-02,Environmental,Water Leakage,Low,7,133,Billy Odonnell
INC-14195,2023-04-23 12:00:00,MUM-Zone-A,Environmental,Water Leakage,Medium,47,11797,Paul Chan
INC-14196,2023-03-03 15:00:00,FRA-Core-01,Cooling,CRAC Failure,Low,8,320,Margaret Young
INC-14197,2023-06-20 01:00:00,DXB-Core-01,Environmental,Water Leakage,High,157,146167,Sarah Robinson
INC-14198,2023-05-07 00:00:00,FRA-Core-01,Network,Switch Failure,Low,14,266,David King
INC-14199,2023-09-02 10:00:00,FRA-Core-01,Cooling,CRAC Failure,Low,8,192,Amanda Perkins
INC-14200,2023-07-03 01:00:00,FRA-Core-01,Environmental,Water Leakage,Low,7,182,William Mccormick
INC-14201,2023-10-01 01:00:00,DXB-Core-01,Cooling,CRAC Failure,Low,17,255,Adam White
INC-14202,2023-05-06 10:00:00,DXB-Core-01,Network,Switch Failure,Medium,36,10260,Alex Stevens
INC-14203,2023-01-19 12:00:00,SIN-Core-01,Network,Router Failure,High,60,43320,Shelby Kramer
INC-14204,2023-01-25 16:00:00,FRA-Core-01,Network,Switch Failure,Low,8,392,Mary Rogers
INC-14205,2023-12-30 08:00:00,SIN-Core-01,Cooling,Chiller Failure,Low,5,65,Ricardo Young
INC-14206,2023-09-18 09:00:00,DXB-Edge-02,Power,Generator Failure,Medium,46,10534,Steven Davis
INC-14207,2023-07-25 22:00:00,MUM-Zone-A,Environmental,Temperature Spike,Low,16,672,Daniel Lee
INC-14208,2023-09-29 20:00:00,FRA-Core-01,Power,Generator Failure,High,154,99946,Jesse Peterson Jr.
INC-14209,2023-04-25 03:00:00,DXB-Core-01,Power,PDU Overload,Medium,31,9982,Miss Angela Santos MD
INC-14210,2023-06-18 13:00:00,LHR-Core-02,Cooling,Cooling Pump Failure,Critical,456,559968,Lee Meyer
INC-14211,2023-07-17 22:00:00,MUM-Zone-A,Power,UPS Failure,High,65,34970,Alexander Foster
INC-14212,2023-04-11 10:00:00,SIN-Core-01,Network,Switch Failure,Low,12,120,Leslie Cardenas
INC-14213,2023-12-24 13:00:00,DXB-Edge-02,Environmental,Temperature Spike,Medium,53,26500,Rachel Reese
INC-14214,2023-03-26 23:00:00,MUM-Zone-A,Power,Generator Failure,Low,16,224,Justin Hall
INC-14215,2023-05-14 02:00:00,SIN-Core-01,Network,Fiber Cut,Critical,494,2065414,Sandra Anderson
INC-14216,2023-04-05 11:00:00,DXB-Edge-02,Cooling,Chiller Failure,Medium,58,8410,Crystal Reeves
INC-14217,2023-04-19 07:00:00,DXB-Core-01,Power,PDU Overload,Low,7,301,Dustin Maddox
INC-14218,2023-11-18 23:00:00,LHR-Core-02,Power,Generator Failure,Low,10,210,Marcus Williams
INC-14219,2023-06-25 19:00:00,FRA-Core-01,Cooling,CRAC Failure,Medium,56,22176,Ann Hardin
INC-14220,2023-07-28 17:00:00,LHR-Core-02,Environmental,Water Leakage,High,107,69015,Mary Daniel
INC-14221,2023-01-12 09:00:00,MUM-Zone-A,Cooling,Chiller Failure,Low,5,220,Daniel Dominguez
INC-14222,2023-01-18 03:00:00,FRA-Core-01,Environmental,Water Leakage,Low,6,264,Alexis Nunez
INC-14223,2023-09-25 19:00:00,LHR-Core-02,Network,Router Failure,Medium,44,19316,Richard Jones
INC-14224,2023-03-09 09:00:00,DXB-Edge-02,Environmental,Water Leakage,Low,6,282,Jeffery Holland
INC-14225,2023-01-21 18:00:00,LHR-Core-02,Network,Fiber Cut,Critical,215,319490,Kelsey Mcgee
INC-14226,2023-10-21 03:00:00,MUM-Zone-A,Cooling,Chiller Failure,Low,12,156,Jennifer Stephens
INC-14227,2023-08-06 17:00:00,MUM-Zone-A,Cooling,CRAC Failure,Low,16,160,Heather Wilson
INC-14228,2023-07-20 14:00:00,FRA-Core-01,Cooling,CRAC Failure,Low,14,280,Brenda Baker
INC-14229,2023-02-22 01:00:00,DXB-Core-01,Power,Generator Failure,Low,7,91,Christopher Evans
INC-14230,2023-10-19 08:00:00,DXB-Core-01,Cooling,Cooling Pump Failure,Low,14,420,Anthony Garcia DDS
INC-14231,2023-04-04 06:00:00,FRA-Core-01,Environmental,Water Leakage,Medium,33,3597,Emily Vega
INC-14232,2023-07-20 20:00:00,SIN-Core-01,Environmental,Water Leakage,Low,7,350,Ronald Roy
INC-14233,2023-03-08 23:00:00,FRA-Core-01,Power,PDU Overload,Medium,29,13746,Jennifer Palmer
INC-14234,2023-06-30 03:00:00,LHR-Core-02,Cooling,Chiller Failure,High,99,72072,Kelly Scott
INC-14235,2023-11-15 14:00:00,DXB-Core-01,Power,PDU Overload,Low,8,296,Anthony Dudley MD
INC-14236,2023-03-07 04:00:00,SIN-Core-01,Network,Fiber Cut,Low,10,410,Joseph Rogers
INC-14237,2023-09-23 19:00:00,SIN-Core-01,Cooling,Chiller Failure,Low,5,95,Jason Munoz
INC-14238,2023-12-03 07:00:00,DXB-Edge-02,Environmental,Water Leakage,Low,8,328,Melanie Perry
INC-14239,2023-04-07 02:00:00,SIN-Core-01,Environmental,Temperature Spike,High,123,118941,Dr. Lisa Harris
INC-14240,2023-01-14 03:00:00,SIN-Core-01,Network,Fiber Cut,Low,18,630,Joseph Jones
INC-14241,2023-10-26 00:00:00,SIN-Core-01,Cooling,CRAC Failure,Low,10,270,Abigail Davis
INC-14242,2023-06-17 21:00:00,DXB-Core-01,Cooling,CRAC Failure,Low,5,5,Debbie Clark
INC-14243,2023-09-09 12:00:00,DXB-Edge-02,Environmental,Temperature Spike,Low,6,162,Joshua Escobar
INC-14244,2023-07-22 10:00:00,SIN-Core-01,Network,Fiber Cut,Low,15,735,Mark Miranda
INC-14245,2023-07-18 03:00:00,FRA-Core-01,Cooling,Cooling Pump Failure,High,138,86802,Tracy Andrews
INC-14246,2023-07-20 05:00:00,FRA-Core-01,Environmental,Water Leakage,High,150,127800,Willie Smith
INC-14247,2023-11-04 21:00:00,DXB-Core-01,Network,Fiber Cut,Medium,44,18172,Cheryl Hart
INC-14248,2023-12-30 16:00:00,DXB-Edge-02,Environmental,Temperature Spike,Low,14,406,Martin Mcdaniel
INC-14249,2023-06-18 22:00:00,FRA-Core-01,Network,Fiber Cut,Medium,43,10148,Erica Nelson
INC-14250,2023-03-21 11:00:00,FRA-Core-01,Network,Switch Failure,Low,8,320,Christopher Stephens
INC-14251,2023-04-18 05:00:00,DXB-Edge-02,Environmental,Water Leakage,High,63,62055,Donald Levy
INC-14252,2023-10-03 04:00:00,MUM-Zone-A,Cooling,Chiller Failure,Medium,26,9282,Steven Castro
INC-14253,2023-02-25 05:00:00,DXB-Core-01,Cooling,Cooling Pump Failure,Low,5,40,Samantha Kelley
INC-14254,2023-07-15 11:00:00,DXB-Edge-02,Power,Generator Failure,Low,15,615,Yesenia Hawkins
INC-14255,2023-06-17 10:00:00,DXB-Edge-02,Network,Switch Failure,Low,17,680,Brittany Simon
INC-14256,2023-02-23 04:00:00,LHR-Core-02,Power,Generator Failure,Critical,557,2774417,Mr. Alexander Rose
INC-14257,2023-12-22 04:00:00,DXB-Core-01,Network,Switch Failure,Low,17,221,Brent Gutierrez
INC-14258,2023-06-02 17:00:00,SIN-Core-01,Network,Fiber Cut,Low,5,145,Monica Howard
INC-14259,2023-10-16 22:00:00,FRA-Core-01,Environmental,Temperature Spike,Low,17,714,Stephanie Barker
INC-14260,2023-07-02 02:00:00,MUM-Zone-A,Cooling,Cooling Pump Failure,Medium,49,11907,Donna Parks
INC-14261,2023-05-20 10:00:00,FRA-Core-01,Cooling,Cooling Pump Failure,Low,18,648,Morgan Hampton
INC-14262,2023-03-26 12:00:00,DXB-Core-01,Cooling,CRAC Failure,Medium,30,9960,Lauren Barker
INC-14263,2023-02-07 19:00:00,DXB-Core-01,Environmental,Temperature Spike,Low,12,552,Cody Kelly
INC-14264,2023-02-04 07:00:00,FRA-Core-01,Environmental,Water Leakage,Low,8,144,Michelle Camacho
INC-14265,2023-10-25 17:00:00,LHR-Core-02,Cooling,Chiller Failure,Low,15,510,Laura Mcgrath
INC-14266,2023-06-22 11:00:00,SIN-Core-01,Environmental,Water Leakage,High,158,125610,Tyler Fuentes
INC-14267,2023-06-29 22:00:00,SIN-Core-01,Cooling,Chiller Failure,Low,11,330,Daniel Porter
INC-14268,2023-05-28 16:00:00,FRA-Core-01,Network,Switch Failure,Low,18,756,Rebecca Ingram
INC-14269,2023-08-11 15:00:00,DXB-Core-01,Network,Router Failure,High,110,74470,Jermaine Shelton
INC-14270,2023-10-01 14:00:00,DXB-Core-01,Network,Switch Failure,Low,18,900,Charles Poole
INC-14271,2023-02-01 00:00:00,SIN-Core-01,Environmental,Water Leakage,Medium,33,11616,Micheal Johnston
INC-14272,2023-02-05 06:00:00,DXB-Core-01,Network,Switch Failure,Medium,31,6510,Margaret White
INC-14273,2023-07-06 22:00:00,LHR-Core-02,Network,Fiber Cut,Low,12,204,Kelly Davis
INC-14274,2023-08-05 19:00:00,MUM-Zone-A,Environmental,Temperature Spike,Low,6,0,Mr. Daniel Martinez
INC-14275,2023-06-18 17:00:00,DXB-Edge-02,Environmental,Temperature Spike,Medium,24,6504,Laura Chaney
INC-14276,2023-01-02 15:00:00,DXB-Core-01,Environmental,Temperature Spike,Low,11,132,Dana Richards
INC-14277,2023-03-08 09:00:00,DXB-Core-01,Power,Generator Failure,High,79,51745,Casey Davidson
INC-14278,2023-09-02 18:00:00,FRA-Core-01,Power,Generator Failure,Medium,43,10492,Adam Lewis
INC-14279,2023-08-07 10:00:00,DXB-Core-01,Environmental,Water Leakage,Low,19,285,Amanda Collins
INC-14280,2023-12-23 02:00:00,MUM-Zone-A,Power,PDU Overload,Critical,459,861543,Sara Anderson
INC-14281,2023-02-03 20:00:00,FRA-Core-01,Power,UPS Failure,High,65,42510,Kevin Beck
INC-14282,2023-11-15 18:00:00,MUM-Zone-A,Network,Fiber Cut,Low,15,105,Wanda Thomas
INC-14283,2023-02-20 12:00:00,MUM-Zone-A,Environmental,Water Leakage,Low,11,264,Melissa Carroll
INC-14284,2023-11-25 17:00:00,DXB-Edge-02,Network,Fiber Cut,Low,17,102,Margaret Horton
INC-14285,2023-07-08 01:00:00,DXB-Core-01,Network,Router Failure,Medium,48,14496,Timothy Moore
INC-14286,2023-11-08 05:00:00,LHR-Core-02,Environmental,Water Leakage,High,137,121930,Andrew Nash
INC-14287,2023-03-08 00:00:00,DXB-Core-01,Network,Router Failure,High,61,55998,Stacy Lane
INC-14288,2023-09-12 14:00:00,SIN-Core-01,Environmental,Temperature Spike,Low,9,441,Michael Owens
INC-14289,2023-09-11 04:00:00,MUM-Zone-A,Cooling,CRAC Failure,Low,17,561,Aaron Moore
INC-14290,2023-10-17 13:00:00,MUM-Zone-A,Network,Fiber Cut,Low,9,405,Cheyenne Miller
INC-14291,2023-06-01 15:00:00,DXB-Core-01,Cooling,CRAC Failure,Medium,53,6837,Janet Cross
INC-14292,2023-06-27 04:00:00,SIN-Core-01,Network,Router Failure,High,120,110280,James Wilson
INC-14293,2023-07-29 04:00:00,SIN-Core-01,Cooling,Chiller Failure,Medium,21,6321,Thomas Richardson
INC-14294,2023-01-02 07:00:00,FRA-Core-01,Network,Router Failure,Medium,21,9114,Michael Wilson
INC-14295,2023-10-16 14:00:00,DXB-Core-01,Power,UPS Failure,Low,15,90,Joseph Mcdonald
INC-14296,2023-07-28 09:00:00,DXB-Core-01,Power,PDU Overload,High,97,65087,Sharon Davis
INC-14297,2023-10-30 16:00:00,SIN-Core-01,Cooling,Chiller Failure,Low,8,160,Jennifer Church
INC-14298,2023-08-29 02:00:00,FRA-Core-01,Cooling,Cooling Pump Failure,Low,11,253,Steven Sanchez
INC-14299,2023-05-20 10:00:00,MUM-Zone-A,Environmental,Temperature Spike,Low,18,288,Samantha Smith
INC-14300,2023-05-05 23:00:00,DXB-Core-01,Network,Switch Failure,Medium,40,7240,David Martinez
INC-14301,2023-12-12 13:00:00,DXB-Edge-02,Cooling,CRAC Failure,High,97,58394,Willie Robertson
INC-14302,2023-05-15 10:00:00,MUM-Zone-A,Power,Generator Failure,Medium,36,9684,Joseph Buck
INC-14303,2023-05-19 09:00:00,DXB-Edge-02,Environmental,Temperature Spike,Medium,31,3503,Dr. Mary Andersen MD
INC-14304,2023-08-10 14:00:00,LHR-Core-02,Power,UPS Failure,Low,17,816,Hannah Rivera
INC-14305,2023-10-31 13:00:00,FRA-Core-01,Environmental,Temperature Spike,Medium,38,18164,Timothy Jackson
INC-14306,2023-11-13 22:00:00,MUM-Zone-A,Environmental,Temperature Spike,Medium,35,16135,Jeffrey Love
INC-14307,2023-08-30 19:00:00,DXB-Edge-02,Environmental,Temperature Spike,High,115,92000,Austin Singleton
INC-14308,2023-05-15 06:00:00,DXB-Edge-02,Environmental,Temperature Spike,Low,8,184,Benjamin Pierce
INC-14309,2023-09-10 09:00:00,LHR-Core-02,Cooling,Chiller Failure,Low,18,342,Gregory Humphrey
INC-14310,2023-05-10 08:00:00,DXB-Core-01,Network,Switch Failure,Low,6,66,Mary Hale
INC-14311,2023-07-21 09:00:00,DXB-Edge-02,Environmental,Water Leakage,Low,15,495,Michael Marsh
INC-14312,2023-06-29 14:00:00,LHR-Core-02,Environmental,Temperature Spike,Low,11,165,Mr. Duane Adkins
INC-14313,2023-11-09 06:00:00,SIN-Core-01,Power,PDU Overload,Low,13,481,Kenneth Stevens
INC-14314,2023-12-22 15:00:00,MUM-Zone-A,Cooling,Cooling Pump Failure,Low,8,104,Derek Singleton
INC-14315,2023-10-25 20:00:00,LHR-Core-02,Environmental,Temperature Spike,Medium,42,18942,Luke Phelps
INC-14316,2023-09-07 14:00:00,FRA-Core-01,Network,Fiber Cut,Medium,20,8520,Stephanie West
INC-14317,2023-08-21 22:00:00,MUM-Zone-A,Network,Fiber Cut,Medium,57,11514,Ricardo Campos
INC-14318,2023-02-12 11:00:00,DXB-Core-01,Power,Generator Failure,Low,12,516,Paul West
INC-14319,2023-05-26 17:00:00,LHR-Core-02,Power,UPS Failure,Low,7,301,Tommy Lewis
INC-14320,2023-10-30 09:00:00,DXB-Core-01,Network,Fiber Cut,Medium,53,11130,Christopher Taylor
INC-14321,2023-01-08 01:00:00,DXB-Core-01,Cooling,Chiller Failure,Medium,42,17262,Lisa Smith
INC-14322,2023-07-19 19:00:00,MUM-Zone-A,Network,Fiber Cut,Medium,26,3562,Elizabeth Jones
INC-14323,2023-12-13 01:00:00,DXB-Core-01,Environmental,Temperature Spike,Low,17,680,Frances Hall
INC-14324,2023-01-28 23:00:00,DXB-Core-01,Network,Switch Failure,Medium,39,6747,Tiffany Goodman
INC-14325,2023-08-28 07:00:00,SIN-Core-01,Power,Generator Failure,Low,12,468,Anthony Walsh
INC-14326,2023-10-20 10:00:00,FRA-Core-01,Cooling,Chiller Failure,Low,19,437,Kevin Scott
INC-14327,2023-01-02 14:00:00,DXB-Edge-02,Environmental,Temperature Spike,Medium,43,18748,Melvin Estes
INC-14328,2023-06-12 15:00:00,DXB-Core-01,Cooling,CRAC Failure,Low,11,11,Sara Knight
INC-14329,2023-12-09 17:00:00,DXB-Core-01,Environmental,Water Leakage,Low,5,35,Scott Holt
INC-14330,2023-08-12 19:00:00,DXB-Edge-02,Cooling,CRAC Failure,Low,8,120,April Adams
INC-14331,2023-01-17 18:00:00,SIN-Core-01,Power,PDU Overload,Low,7,182,Zachary Stevenson
INC-14332,2023-10-08 16:00:00,FRA-Core-01,Environmental,Water Leakage,Critical,481,1045213,Jeremy Moyer
INC-14333,2023-10-23 18:00:00,FRA-Core-01,Environmental,Water Leakage,Low,14,476,Lisa Ramirez
INC-14334,2023-07-02 20:00:00,DXB-Core-01,Network,Router Failure,Low,10,400,Anthony Henry
INC-14335,2023-08-12 10:00:00,MUM-Zone-A,Power,Generator Failure,Low,14,210,Jeremiah Scott
INC-14336,2023-03-16 07:00:00,DXB-Edge-02,Network,Switch Failure,Medium,24,11160,Megan Schmitt
INC-14337,2023-11-30 05:00:00,DXB-Edge-02,Environmental,Temperature Spike,Low,16,32,Wesley Palmer
INC-14338,2023-03-11 08:00:00,FRA-Core-01,Power,PDU Overload,Medium,46,7912,Gina Anderson
INC-14339,2023-11-20 09:00:00,DXB-Edge-02,Power,Generator Failure,Low,11,429,Andrew Yoder
INC-14340,2023-02-18 01:00:00,DXB-Core-01,Power,UPS Failure,Medium,23,6785,Dr. Richard Cole
INC-14341,2023-12-02 07:00:00,LHR-Core-02,Cooling,CRAC Failure,Critical,258,1057800,Melissa Jensen
INC-14342,2023-09-23 04:00:00,MUM-Zone-A,Cooling,Chiller Failure,High,80,79120,Danielle Garza
INC-14343,2023-11-09 15:00:00,SIN-Core-01,Network,Fiber Cut,Low,11,286,Robert Thomas
INC-14344,2023-06-01 05:00:00,MUM-Zone-A,Cooling,CRAC Failure,Low,15,570,Evan Smith
INC-14345,2024-01-01 09:00:00,MUM-Zone-A,Environmental,Temperature Spike,Low,14,182,Lisa Hart
INC-14346,2023-04-17 00:00:00,MUM-Zone-A,Power,Generator Failure,Medium,23,3542,Linda Flynn
INC-14347,2023-09-19 15:00:00,LHR-Core-02,Power,PDU Overload,Low,9,252,Jennifer Byrd
INC-14348,2023-11-20 10:00:00,DXB-Edge-02,Network,Fiber Cut,Low,13,650,Patrick Higgins
INC-14349,2023-09-27 16:00:00,FRA-Core-01,Cooling,Chiller Failure,Medium,37,12839,Stephanie Davis
INC-14350,2023-01-06 12:00:00,DXB-Core-01,Power,Generator Failure,Low,6,240,Melanie Hopkins
INC-14351,2023-05-17 08:00:00,DXB-Core-01,Cooling,CRAC Failure,High,143,76934,Christine Berry
INC-14352,2023-07-15 01:00:00,DXB-Core-01,Network,Fiber Cut,Low,10,430,Joan Bell
INC-14353,2023-05-28 10:00:00,MUM-Zone-A,Environmental,Temperature Spike,Medium,51,13515,Angela Forbes
INC-14354,2023-08-27 05:00:00,FRA-Core-01,Environmental,Water Leakage,Medium,25,11325,Jasmine Davis
INC-14355,2023-12-03 19:00:00,FRA-Core-01,Environmental,Water Leakage,Low,17,527,Christopher Wilkins
INC-14356,2023-11-27 13:00:00,LHR-Core-02,Cooling,CRAC Failure,Low,10,350,Dean Rogers
INC-14357,2023-01-16 19:00:00,LHR-Core-02,Network,Switch Failure,Low,15,375,Kathryn Bryant
INC-14358,2023-04-06 18:00:00,DXB-Edge-02,Environmental,Water Leakage,Medium,57,7524,Lori Vega
INC-14359,2023-10-10 19:00:00,MUM-Zone-A,Environmental,Temperature Spike,High,60,58860,Rebecca Peterson
INC-14360,2023-06-28 21:00:00,MUM-Zone-A,Environmental,Temperature Spike,Medium,56,20048,Lisa Valencia
INC-14361,2023-05-02 09:00:00,MUM-Zone-A,Environmental,Temperature Spike,Low,16,512,Derek Christian
INC-14362,2023-01-20 16:00:00,FRA-Core-01,Cooling,Cooling Pump Failure,Low,18,126,Michael Sullivan
INC-14363,2023-08-13 08:00:00,DXB-Edge-02,Environmental,Water Leakage,Low,11,352,Michelle Roberts
INC-14364,2023-04-16 21:00:00,MUM-Zone-A,Power,PDU Overload,Low,5,5,Ashley Horton
INC-14365,2023-09-13 03:00:00,DXB-Edge-02,Power,UPS Failure,Low,14,126,Carol Briggs
INC-14366,2023-08-27 17:00:00,MUM-Zone-A,Cooling,Chiller Failure,Low,18,108,Jordan Benton
INC-14367,2023-04-08 08:00:00,SIN-Core-01,Network,Fiber Cut,Low,13,169,Joseph Stewart
INC-14368,2023-11-06 07:00:00,MUM-Zone-A,Network,Fiber Cut,Low,11,0,Suzanne Hudson
INC-14369,2023-11-04 14:00:00,DXB-Edge-02,Network,Router Failure,Low,5,170,Patty Graves
INC-14370,2023-12-09 14:00:00,FRA-Core-01,Cooling,Cooling Pump Failure,Low,5,35,Chelsea Rodriguez
INC-14371,2023-04-23 05:00:00,DXB-Edge-02,Network,Router Failure,Low,9,351,Robert Boyd
INC-14372,2023-12-05 19:00:00,SIN-Core-01,Cooling,Cooling Pump Failure,Low,18,252,Chelsea Grimes
INC-14373,2023-02-17 23:00:00,SIN-Core-01,Environmental,Water Leakage,High,98,86044,Lauren Frazier
INC-14374,2023-04-04 10:00:00,DXB-Core-01,Power,UPS Failure,Low,13,364,Aaron Reeves
INC-14375,2023-08-09 11:00:00,DXB-Core-01,Network,Fiber Cut,Medium,57,14991,Carla Mills
INC-14376,2023-05-05 05:00:00,MUM-Zone-A,Network,Fiber Cut,Low,6,120,Carol Brock
INC-14377,2023-09-07 12:00:00,DXB-Edge-02,Power,UPS Failure,High,129,100362,Daniel Thompson
INC-14378,2023-10-15 05:00:00,FRA-Core-01,Power,PDU Overload,High,103,84460,Joshua Reed
INC-14379,2023-06-22 07:00:00,SIN-Core-01,Power,UPS Failure,Medium,31,3162,Cheryl Patterson
INC-14380,2023-11-29 06:00:00,DXB-Edge-02,Power,PDU Overload,Low,18,450,James Harris
INC-14381,2023-11-29 06:00:00,SIN-Core-01,Cooling,Chiller Failure,Medium,47,11844,John Lewis
INC-14382,2023-05-22 19:00:00,FRA-Core-01,Power,Generator Failure,Low,5,250,Jorge Morgan
INC-14383,2023-10-31 22:00:00,SIN-Core-01,Cooling,CRAC Failure,Medium,46,19182,Jonathan Allen
INC-14384,2023-02-14 23:00:00,FRA-Core-01,Environmental,Water Leakage,Critical,466,1966054,Kevin Richardson
INC-14385,2023-03-20 10:00:00,DXB-Edge-02,Environmental,Water Leakage,Medium,25,11175,Elizabeth Garcia
INC-14386,2023-07-14 03:00:00,DXB-Edge-02,Cooling,Cooling Pump Failure,Low,13,572,Nancy Cummings
INC-14387,2023-09-03 23:00:00,DXB-Core-01,Cooling,CRAC Failure,Low,9,126,Gary Sandoval
INC-14388,2023-10-17 12:00:00,LHR-Core-02,Environmental,Temperature Spike,High,111,58719,Jonathan Bruce
INC-14389,2023-04-30 09:00:00,SIN-Core-01,Environmental,Temperature Spike,Critical,217,723261,Patricia Ferguson DVM
INC-14390,2023-05-12 23:00:00,DXB-Edge-02,Power,UPS Failure,Low,15,480,Michelle Smith
INC-14391,2023-05-31 08:00:00,LHR-Core-02,Network,Router Failure,Low,15,585,Justin Bryant
INC-14392,2023-07-13 15:00:00,MUM-Zone-A,Power,PDU Overload,Low,11,264,Walter Murray
INC-14393,2023-07-11 02:00:00,LHR-Core-02,Power,PDU Overload,Low,16,736,Samantha Reed
INC-14394,2023-11-12 09:00:00,SIN-Core-01,Network,Fiber Cut,Medium,51,6324,Claudia Randall
INC-14395,2023-08-26 00:00:00,SIN-Core-01,Environmental,Temperature Spike,Low,14,140,Caleb Johnson
INC-14396,2023-03-07 05:00:00,LHR-Core-02,Network,Switch Failure,Low,16,160,William Lynn DDS
INC-14397,2023-12-19 08:00:00,DXB-Edge-02,Cooling,CRAC Failure,Low,12,576,Gwendolyn Walsh
INC-14398,2023-11-25 16:00:00,DXB-Core-01,Cooling,Cooling Pump Failure,Low,5,25,Candice Schroeder
INC-14399,2023-04-22 17:00:00,LHR-Core-02,Power,Generator Failure,Medium,29,11600,Felicia Hammond
INC-14400,2023-02-16 14:00:00,DXB-Core-01,Cooling,Cooling Pump Failure,Low,11,374,Tamara Smith
INC-14401,2023-06-25 04:00:00,SIN-Core-01,Network,Fiber Cut,Medium,45,13005,Stephanie White
INC-14402,2023-05-28 18:00:00,DXB-Edge-02,Power,PDU Overload,Low,16,48,Tyler Hayden
INC-14403,2023-11-07 14:00:00,FRA-Core-01,Power,UPS Failure,Low,19,228,Dawn Adams
INC-14404,2023-10-11 11:00:00,MUM-Zone-A,Environmental,Water Leakage,Critical,300,1206300,Teresa Hess
INC-14405,2023-06-08 01:00:00,FRA-Core-01,Network,Router Failure,Medium,47,10998,Isaac Lawrence
INC-14406,2023-08-09 10:00:00,SIN-Core-01,Environmental,Temperature Spike,Medium,55,26675,Sandra Mahoney
INC-14407,2023-02-05 23:00:00,DXB-Edge-02,Cooling,Cooling Pump Failure,High,99,61974,Jason Thompson
INC-14408,2023-03-01 18:00:00,LHR-Core-02,Power,PDU Overload,Critical,222,1029192,John Hall
INC-14409,2023-08-17 00:00:00,FRA-Core-01,Cooling,Chiller Failure,Low,18,900,Cody Schultz
INC-14410,2023-09-12 20:00:00,LHR-Core-02,Network,Fiber Cut,Low,6,192,Melissa Booker
INC-14411,2023-01-12 04:00:00,SIN-Core-01,Cooling,CRAC Failure,Low,13,468,Ashley Figueroa
INC-14412,2023-03-21 22:00:00,DXB-Edge-02,Environmental,Water Leakage,Low,19,247,Michael Barnes
INC-14413,2023-08-11 16:00:00,DXB-Edge-02,Power,Generator Failure,Low,15,690,Garrett Lewis
INC-14414,2023-04-21 05:00:00,SIN-Core-01,Environmental,Water Leakage,Low,8,264,Benjamin Beltran
INC-14415,2023-06-19 08:00:00,MUM-Zone-A,Network,Switch Failure,Low,19,627,Kelsey Page
INC-14416,2023-03-27 18:00:00,DXB-Edge-02,Power,Generator Failure,Medium,37,11803,Monica Molina
INC-14417,2023-12-19 01:00:00,DXB-Core-01,Environmental,Water Leakage,Medium,23,2990,Jeremy Quinn
INC-14418,2023-06-19 13:00:00,SIN-Core-01,Environmental,Temperature Spike,Low,8,8,Michael Gates
INC-14419,2023-08-03 11:00:00,MUM-Zone-A,Environmental,Temperature Spike,High,104,75088,Jennifer Moore
INC-14420,2023-04-09 09:00:00,DXB-Edge-02,Power,UPS Failure,Low,14,294,Amanda Mason
INC-14421,2023-04-17 23:00:00,DXB-Core-01,Environmental,Temperature Spike,Low,12,336,Karen Roth
INC-14422,2023-09-19 03:00:00,MUM-Zone-A,Power,UPS Failure,Low,11,165,Jonathan Meyer
INC-14423,2023-05-23 13:00:00,FRA-Core-01,Network,Router Failure,Medium,28,5656,Colleen Ortiz
INC-14424,2023-12-31 05:00:00,SIN-Core-01,Cooling,Chiller Failure,Low,12,264,Melanie Perez
INC-14425,2023-12-17 00:00:00,FRA-Core-01,Cooling,Chiller Failure,Low,10,290,Samuel Johnson
INC-14426,2023-11-18 06:00:00,LHR-Core-02,Environmental,Temperature Spike,Medium,27,9153,Gerald Gutierrez
INC-14427,2023-07-13 16:00:00,DXB-Edge-02,Network,Fiber Cut,Medium,55,12815,Jeffrey Leon
INC-14428,2023-11-05 04:00:00,LHR-Core-02,Environmental,Water Leakage,Medium,44,10516,Susan Mullins
INC-14429,2023-12-14 04:00:00,SIN-Core-01,Power,Generator Failure,Low,6,216,Catherine Thompson
INC-14430,2023-05-27 08:00:00,FRA-Core-01,Environmental,Water Leakage,High,172,117304,Robert Gomez
INC-14431,2023-09-13 19:00:00,LHR-Core-02,Power,UPS Failure,Low,7,224,Barbara Nelson
INC-14432,2023-05-11 02:00:00,DXB-Core-01,Environmental,Water Leakage,Low,9,234,Cory May
INC-14433,2023-09-22 05:00:00,FRA-Core-01,Cooling,Chiller Failure,Low,13,507,Nicole Walter
INC-14434,2023-10-19 14:00:00,MUM-Zone-A,Network,Router Failure,Medium,28,7896,Kevin Hart
INC-14435,2023-04-04 09:00:00,DXB-Edge-02,Network,Router Failure,Low,6,138,Jennifer Branch
INC-14436,2023-05-30 04:00:00,DXB-Edge-02,Cooling,CRAC Failure,High,167,139946,James Peterson
INC-14437,2023-10-12 08:00:00,SIN-Core-01,Network,Router Failure,Low,10,210,Michael Cole
INC-14438,2023-03-17 20:00:00,FRA-Core-01,Network,Fiber Cut,Low,7,210,Danielle Hogan
INC-14439,2023-01-17 13:00:00,MUM-Zone-A,Network,Router Failure,Low,6,72,Cassie Williams
INC-14440,2023-04-25 23:00:00,DXB-Edge-02,Environmental,Water Leakage,Medium,53,19610,Paul Herman
INC-14441,2023-04-08 19:00:00,DXB-Core-01,Cooling,Chiller Failure,Medium,42,7434,Jordan Wolfe
INC-14442,2023-05-28 08:00:00,SIN-Core-01,Power,UPS Failure,Critical,292,1074268,Kathryn Ruiz
INC-14443,2023-01-23 17:00:00,FRA-Core-01,Environmental,Temperature Spike,Medium,30,10650,Tammy Nelson
INC-14444,2023-08-20 20:00:00,DXB-Core-01,Network,Switch Failure,Low,17,170,Bob Lopez
INC-14445,2023-10-29 08:00:00,DXB-Core-01,Environmental,Temperature Spike,Medium,36,15552,Steven Cook
INC-14446,2023-03-16 19:00:00,SIN-Core-01,Environmental,Water Leakage,Medium,43,13072,Michael Wall
INC-14447,2023-04-02 01:00:00,DXB-Edge-02,Cooling,Cooling Pump Failure,Medium,21,6762,Jennifer Blair
INC-14448,2023-06-21 10:00:00,SIN-Core-01,Network,Switch Failure,Medium,37,4366,Monique Gomez
INC-14449,2023-09-16 19:00:00,SIN-Core-01,Network,Switch Failure,Low,15,690,Rachel Marsh
INC-14450,2023-12-05 21:00:00,DXB-Core-01,Network,Switch Failure,Low,5,205,Susan Rodriguez
INC-14451,2023-09-12 02:00:00,DXB-Core-01,Cooling,Chiller Failure,Medium,20,3320,Dr. Gina Peterson
INC-14452,2023-03-28 03:00:00,DXB-Core-01,Cooling,CRAC Failure,Low,9,36,Jason Ford
INC-14453,2023-05-28 22:00:00,DXB-Edge-02,Environmental,Water Leakage,Critical,242,953238,Keith Higgins
INC-14454,2023-12-13 17:00:00,FRA-Core-01,Cooling,Chiller Failure,Medium,54,6912,Larry Goodwin
INC-14455,2023-10-19 13:00:00,SIN-Core-01,Environmental,Water Leakage,Low,6,126,Taylor Jordan
INC-14456,2023-02-03 08:00:00,FRA-Core-01,Environmental,Water Leakage,Medium,51,9588,Joseph Bennett
INC-14457,2023-07-05 15:00:00,DXB-Edge-02,Cooling,Cooling Pump Failure,Low,7,196,Michael Thompson
INC-14458,2023-11-13 09:00:00,FRA-Core-01,Power,UPS Failure,Low,14,420,Cynthia Haynes
INC-14459,2023-09-02 21:00:00,DXB-Edge-02,Cooling,CRAC Failure,Medium,46,15870,Erin Robles
INC-14460,2023-10-30 19:00:00,LHR-Core-02,Power,UPS Failure,Low,14,658,Valerie Adams
INC-14461,2023-01-28 19:00:00,DXB-Edge-02,Cooling,Cooling Pump Failure,Low,8,224,Amanda Pierce
INC-14462,2023-04-04 00:00:00,LHR-Core-02,Power,Generator Failure,Low,18,558,Travis Patton
INC-14463,2023-01-31 21:00:00,FRA-Core-01,Power,Generator Failure,Low,7,126,Maria Rivas
INC-14464,2023-01-07 17:00:00,FRA-Core-01,Network,Switch Failure,Medium,44,9152,Derrick Spencer
INC-14465,2023-02-16 21:00:00,LHR-Core-02,Cooling,Cooling Pump Failure,Low,5,140,Andrew Bowen
INC-14466,2023-08-26 16:00:00,MUM-Zone-A,Power,UPS Failure,Low,14,294,Latoya Berry
INC-14467,2023-11-11 18:00:00,SIN-Core-01,Environmental,Water Leakage,Medium,38,12160,Candace Park
INC-14468,2023-11-01 01:00:00,MUM-Zone-A,Cooling,CRAC Failure,Medium,48,10608,April Nelson
INC-14469,2023-12-25 19:00:00,DXB-Edge-02,Network,Router Failure,Low,7,280,Catherine Graves
INC-14470,2023-12-10 17:00:00,SIN-Core-01,Cooling,CRAC Failure,Medium,49,22099,Jamie Bell
INC-14471,2023-05-14 18:00:00,DXB-Core-01,Network,Fiber Cut,Low,8,312,William Miller
INC-14472,2023-02-09 06:00:00,LHR-Core-02,Environmental,Temperature Spike,High,116,95816,Christopher Lewis
INC-14473,2023-03-26 21:00:00,DXB-Core-01,Network,Router Failure,Medium,25,11050,Michael Campbell
INC-14474,2023-09-29 10:00:00,FRA-Core-01,Environmental,Temperature Spike,Medium,20,7700,Kyle Rodriguez
INC-14475,2023-12-21 04:00:00,FRA-Core-01,Network,Fiber Cut,Low,5,205,Beth Maxwell
INC-14476,2023-05-08 12:00:00,FRA-Core-01,Cooling,CRAC Failure,Low,16,176,Sean Martinez
INC-14477,2023-03-17 04:00:00,DXB-Core-01,Cooling,Chiller Failure,Low,17,765,James Clay
INC-14478,2023-02-20 04:00:00,FRA-Core-01,Power,PDU Overload,Low,5,30,Kevin Middleton
INC-14479,2023-12-27 12:00:00,DXB-Core-01,Environmental,Water Leakage,Medium,24,3048,Sharon Adams
INC-14480,2023-11-14 16:00:00,MUM-Zone-A,Environmental,Water Leakage,Low,5,60,Theodore Reilly
INC-14481,2023-03-20 00:00:00,FRA-Core-01,Power,PDU Overload,Medium,29,5684,Shannon Singh
INC-14482,2023-01-22 18:00:00,SIN-Core-01,Cooling,CRAC Failure,High,65,33280,Shannon Arias
INC-14483,2023-08-31 20:00:00,FRA-Core-01,Network,Fiber Cut,Low,15,195,Donna Hahn
INC-14484,2023-10-25 09:00:00,MUM-Zone-A,Cooling,CRAC Failure,Low,19,95,Elizabeth Johnson
INC-14485,2023-05-05 06:00:00,DXB-Edge-02,Network,Fiber Cut,Low,10,50,Matthew Stevenson
INC-14486,2023-02-14 00:00:00,DXB-Edge-02,Cooling,Chiller Failure,Low,7,63,Jared Ross
INC-14487,2023-06-27 09:00:00,DXB-Core-01,Power,UPS Failure,Medium,22,10736,Michael Buck
INC-14488,2023-09-30 22:00:00,FRA-Core-01,Environmental,Water Leakage,Critical,534,1032756,Laura Wilson
INC-14489,2023-05-23 17:00:00,FRA-Core-01,Power,Generator Failure,Low,16,592,Tracy Cobb
INC-14490,2023-10-06 04:00:00,FRA-Core-01,Environmental,Temperature Spike,High,157,137218,Kristen Cain
INC-14491,2023-02-16 21:00:00,LHR-Core-02,Power,PDU Overload,Low,12,408,Alexandra Smith
INC-14492,2023-06-12 01:00:00,DXB-Core-01,Power,UPS Failure,Low,11,484,Amber Davila
INC-14493,2023-11-04 08:00:00,LHR-Core-02,Cooling,Cooling Pump Failure,Low,8,72,Alex Williams
INC-14494,2023-07-18 22:00:00,DXB-Core-01,Power,PDU Overload,Low,9,432,Jennifer Jackson
INC-14495,2023-12-28 18:00:00,DXB-Core-01,Power,PDU Overload,Low,9,405,Jodi Williams
INC-14496,2023-02-23 11:00:00,LHR-Core-02,Power,UPS Failure,Low,8,80,Tina Smith
INC-14497,2023-01-06 02:00:00,MUM-Zone-A,Network,Fiber Cut,Critical,523,1299132,Margaret Stewart
INC-14498,2023-09-29 19:00:00,MUM-Zone-A,Cooling,Cooling Pump Failure,Critical,233,984425,Jeffrey Campbell
INC-14499,2023-04-12 01:00:00,SIN-Core-01,Network,Fiber Cut,Medium,54,13392,Kerry Monroe
INC-14500,2023-11-27 09:00:00,SIN-Core-01,Cooling,Chiller Failure,Low,19,760,Debbie Paul
INC-14501,2023-03-10 02:00:00,MUM-Zone-A,Network,Switch Failure,Medium,44,21252,John Richard
INC-14502,2023-06-17 11:00:00,DXB-Core-01,Power,Generator Failure,Low,10,360,Katherine Davis
INC-14503,2023-12-15 13:00:00,DXB-Core-01,Power,PDU Overload,Low,14,378,Sara Hernandez
INC-14504,2023-05-18 23:00:00,DXB-Edge-02,Cooling,Chiller Failure,Low,9,360,Brittany Richardson
INC-14505,2023-08-01 02:00:00,FRA-Core-01,Network,Switch Failure,Critical,407,1265363,Sarah Patterson
INC-14506,2023-10-07 13:00:00,SIN-Core-01,Power,UPS Failure,Low,6,168,Daniel Oliver
INC-14507,2023-09-16 07:00:00,LHR-Core-02,Cooling,Cooling Pump Failure,Medium,30,4800,Emily Moss
INC-14508,2023-06-21 14:00:00,DXB-Edge-02,Power,Generator Failure,Critical,322,531622,Leslie Callahan
INC-14509,2023-05-20 06:00:00,DXB-Core-01,Cooling,Chiller Failure,Low,17,306,Jose Jacobs
INC-14510,2023-03-07 02:00:00,MUM-Zone-A,Cooling,Cooling Pump Failure,Medium,40,13760,David Barnes
INC-14511,2023-03-26 23:00:00,DXB-Edge-02,Power,Generator Failure,Medium,42,6972,Roberta Weber
INC-14512,2023-09-09 23:00:00,MUM-Zone-A,Network,Fiber Cut,Medium,49,14749,Travis Morgan
INC-14513,2023-12-10 12:00:00,SIN-Core-01,Power,Generator Failure,Medium,38,10602,Lynn Hamilton
INC-14514,2023-03-31 10:00:00,SIN-Core-01,Cooling,Chiller Failure,High,108,61560,Cynthia Campos
INC-14515,2023-05-01 23:00:00,LHR-Core-02,Cooling,Cooling Pump Failure,Low,5,200,Javier Williams
INC-14516,2023-12-16 15:00:00,FRA-Core-01,Cooling,CRAC Failure,Low,18,756,Maria Wilson
INC-14517,2023-03-21 03:00:00,SIN-Core-01,Power,UPS Failure,Low,7,0,Carlos Stewart
INC-14518,2023-12-28 20:00:00,SIN-Core-01,Environmental,Water Leakage,Medium,44,14124,Cory Adams
INC-14519,2023-11-05 19:00:00,SIN-Core-01,Environmental,Temperature Spike,Medium,28,10752,John Allen
INC-14520,2023-02-22 03:00:00,SIN-Core-01,Network,Router Failure,Low,5,70,Eric Acevedo
INC-14521,2023-04-30 16:00:00,MUM-Zone-A,Cooling,CRAC Failure,Medium,45,8190,Steven Vasquez
INC-14522,2023-09-08 02:00:00,DXB-Edge-02,Environmental,Temperature Spike,Low,11,286,Brianna Harvey
INC-14523,2023-05-19 01:00:00,DXB-Edge-02,Cooling,CRAC Failure,Low,16,768,Amy Castaneda
INC-14524,2023-11-29 10:00:00,DXB-Edge-02,Cooling,Chiller Failure,Low,16,640,Natalie Fox
INC-14525,2023-01-24 02:00:00,MUM-Zone-A,Environmental,Water Leakage,Medium,20,9640,Michael Weaver
INC-14526,2023-11-09 18:00:00,SIN-Core-01,Power,PDU Overload,Critical,233,669642,Michelle Schroeder
INC-14527,2023-07-15 07:00:00,DXB-Edge-02,Environmental,Temperature Spike,Low,15,60,Stephen Frazier
INC-14528,2023-11-22 10:00:00,MUM-Zone-A,Network,Fiber Cut,High,72,46656,Daniel Cabrera
INC-14529,2023-07-07 17:00:00,DXB-Edge-02,Environmental,Water Leakage,Low,10,170,Roberto Turner
INC-14530,2023-06-18 13:00:00,MUM-Zone-A,Network,Switch Failure,Low,7,126,John Andrews
INC-14531,2023-02-07 21:00:00,LHR-Core-02,Cooling,CRAC Failure,Critical,239,531775,Melanie Hunt
INC-14532,2023-03-28 09:00:00,LHR-Core-02,Power,Generator Failure,Low,11,132,Benjamin Gordon
INC-14533,2023-08-07 18:00:00,LHR-Core-02,Power,Generator Failure,Low,19,342,Taylor Lee
INC-14534,2023-11-25 02:00:00,SIN-Core-01,Power,UPS Failure,Low,16,64,Charles Sampson
INC-14535,2023-05-26 02:00:00,LHR-Core-02,Power,UPS Failure,Low,12,288,Lynn Bautista
INC-14536,2023-08-08 13:00:00,LHR-Core-02,Cooling,CRAC Failure,Low,13,0,Michael Randall
INC-14537,2023-06-13 16:00:00,SIN-Core-01,Cooling,CRAC Failure,Low,6,216,William Meyer
INC-14538,2023-09-09 05:00:00,LHR-Core-02,Environmental,Temperature Spike,High,165,92070,Madison Woods
INC-14539,2023-04-11 07:00:00,DXB-Core-01,Network,Fiber Cut,Low,5,65,Amy Galvan
INC-14540,2023-05-06 21:00:00,DXB-Edge-02,Cooling,Chiller Failure,Low,16,656,Tim Dickerson
INC-14541,2023-03-09 16:00:00,DXB-Edge-02,Environmental,Temperature Spike,Medium,37,18278,Michael Jefferson
INC-14542,2023-09-29 21:00:00,DXB-Edge-02,Network,Switch Failure,Low,5,175,Bobby Haney
INC-14543,2023-09-26 17:00:00,SIN-Core-01,Cooling,Cooling Pump Failure,Low,14,406,Jessica Jackson
INC-14544,2023-11-30 16:00:00,MUM-Zone-A,Network,Switch Failure,Low,19,133,James Smith
INC-14545,2023-08-11 19:00:00,DXB-Core-01,Environmental,Temperature Spike,Low,12,564,Craig Leonard
INC-14546,2023-11-01 01:00:00,MUM-Zone-A,Cooling,Chiller Failure,Low,7,259,Steven Evans
INC-14547,2023-05-14 01:00:00,LHR-Core-02,Environmental,Water Leakage,Low,13,195,Bryan Brown
INC-14548,2023-09-16 09:00:00,DXB-Edge-02,Environmental,Water Leakage,Low,12,480,Jessica Hunt
INC-14549,2023-03-06 08:00:00,FRA-Core-01,Network,Fiber Cut,Medium,26,6240,Donald Romero
INC-14550,2023-12-28 09:00:00,SIN-Core-01,Environmental,Water Leakage,Low,17,17,Deborah Marshall
INC-14551,2023-06-04 10:00:00,MUM-Zone-A,Cooling,Cooling Pump Failure,Low,10,450,Robert Vargas
INC-14552,2023-03-13 10:00:00,MUM-Zone-A,Power,Generator Failure,Low,12,72,Brandon Robinson
INC-14553,2023-12-25 09:00:00,SIN-Core-01,Power,PDU Overload,Critical,375,387000,John Jones
INC-14554,2023-06-17 23:00:00,LHR-Core-02,Environmental,Water Leakage,Medium,28,6776,Kenneth Smith
INC-14555,2023-04-27 19:00:00,SIN-Core-01,Power,Generator Failure,Low,16,400,Jason Reilly
INC-14556,2023-09-05 03:00:00,DXB-Edge-02,Cooling,Chiller Failure,Medium,53,10706,Jose Morton
INC-14557,2023-09-19 02:00:00,DXB-Edge-02,Power,PDU Overload,Low,6,180,Laurie Cook
INC-14558,2023-06-19 21:00:00,DXB-Edge-02,Environmental,Water Leakage,Low,17,0,Beth Pham
INC-14559,2023-01-22 10:00:00,DXB-Edge-02,Environmental,Temperature Spike,Low,14,574,Nathan Murphy
INC-14560,2023-09-09 21:00:00,MUM-Zone-A,Environmental,Temperature Spike,Low,18,720,Robert Nelson
INC-14561,2023-10-26 18:00:00,SIN-Core-01,Cooling,Chiller Failure,Low,11,495,Anne Pena
INC-14562,2023-09-28 15:00:00,DXB-Core-01,Environmental,Water Leakage,Medium,52,22152,John Collins
INC-14563,2023-04-26 07:00:00,SIN-Core-01,Power,PDU Overload,Low,10,120,Amber Tate
INC-14564,2023-04-06 17:00:00,SIN-Core-01,Cooling,Chiller Failure,Critical,543,1788642,Michael Thompson
INC-14565,2023-01-03 05:00:00,LHR-Core-02,Environmental,Water Leakage,High,149,124117,Walter Mitchell
INC-14566,2023-05-19 14:00:00,MUM-Zone-A,Cooling,CRAC Failure,Low,8,256,Chad Rogers
INC-14567,2023-09-18 20:00:00,MUM-Zone-A,Network,Switch Failure,Medium,42,7350,Timothy Giles DDS
INC-14568,2023-05-14 02:00:00,LHR-Core-02,Power,Generator Failure,Low,5,95,Jordan Brown
INC-14569,2023-01-07 06:00:00,DXB-Edge-02,Network,Fiber Cut,Low,10,420,Crystal Peterson
INC-14570,2023-08-30 23:00:00,DXB-Core-01,Network,Router Failure,Low,13,286,Valerie Clark
INC-14571,2023-08-27 16:00:00,DXB-Edge-02,Cooling,CRAC Failure,Medium,54,15768,Jacqueline Christensen
INC-14572,2023-03-23 14:00:00,LHR-Core-02,Cooling,Chiller Failure,Medium,43,7912,Heather Lawson
INC-14573,2023-10-09 04:00:00,LHR-Core-02,Power,Generator Failure,Medium,55,11770,Sheila Sanchez
INC-14574,2023-05-03 14:00:00,DXB-Edge-02,Power,PDU Overload,Low,5,175,James Lopez
INC-14575,2023-03-25 12:00:00,DXB-Edge-02,Environmental,Water Leakage,Low,8,8,Katelyn Cross
INC-14576,2023-02-21 14:00:00,DXB-Core-01,Network,Switch Failure,Low,18,360,John Harris
INC-14577,2023-07-25 06:00:00,FRA-Core-01,Network,Fiber Cut,Low,5,35,Christy Ramirez
INC-14578,2023-05-19 19:00:00,MUM-Zone-A,Environmental,Temperature Spike,Low,14,98,Matthew Campbell
INC-14579,2023-10-12 19:00:00,FRA-Core-01,Network,Switch Failure,Low,9,0,Dr. Gregory Lewis DDS
INC-14580,2023-09-15 13:00:00,SIN-Core-01,Environmental,Water Leakage,Low,13,403,Diane Lane
INC-14581,2023-01-13 15:00:00,LHR-Core-02,Network,Router Failure,Low,18,234,Sarah Kent
INC-14582,2023-07-15 04:00:00,SIN-Core-01,Cooling,CRAC Failure,Low,11,539,Alfred Santos
INC-14583,2023-02-12 13:00:00,LHR-Core-02,Power,PDU Overload,Medium,56,5768,Vincent Young
INC-14584,2023-12-20 17:00:00,SIN-Core-01,Environmental,Water Leakage,Medium,20,6020,Stacy Dunn
INC-14585,2023-12-12 10:00:00,DXB-Core-01,Environmental,Temperature Spike,Medium,35,4025,Monica Ferguson
INC-14586,2023-01-23 04:00:00,MUM-Zone-A,Power,UPS Failure,Medium,36,11952,Donald Humphrey
INC-14587,2023-11-20 10:00:00,MUM-Zone-A,Network,Fiber Cut,Low,10,10,Frank Graham
INC-14588,2023-03-08 15:00:00,FRA-Core-01,Cooling,CRAC Failure,Low,8,24,David Thompson
INC-14589,2023-03-02 12:00:00,SIN-Core-01,Power,UPS Failure,Low,5,180,Destiny Hicks
INC-14590,2023-08-13 03:00:00,SIN-Core-01,Network,Switch Failure,Low,7,133,Tara White
INC-14591,2023-04-21 18:00:00,DXB-Edge-02,Network,Router Failure,Low,12,348,Sharon Dickson
INC-14592,2023-11-17 03:00:00,FRA-Core-01,Network,Router Failure,Low,7,210,Alexander Mayer
INC-14593,2023-11-03 08:00:00,LHR-Core-02,Network,Switch Failure,Low,7,7,Michael Fleming
INC-14594,2023-10-28 12:00:00,MUM-Zone-A,Environmental,Water Leakage,Low,16,656,Andrew Bailey
INC-14595,2023-01-12 09:00:00,DXB-Edge-02,Power,PDU Overload,High,109,109000,Alexis Randall
INC-14596,2023-12-17 13:00:00,FRA-Core-01,Network,Fiber Cut,Low,13,78,Gregory Dunn
INC-14597,2023-11-05 12:00:00,DXB-Core-01,Power,PDU Overload,Low,16,272,Cynthia Martin
INC-14598,2023-07-15 04:00:00,MUM-Zone-A,Power,Generator Failure,Low,13,117,Brittany Turner
INC-14599,2023-11-12 20:00:00,DXB-Core-01,Power,Generator Failure,Low,18,360,Todd Taylor
INC-14600,2023-11-15 10:00:00,DXB-Edge-02,Environmental,Water Leakage,Low,9,108,Laura Walker
INC-14601,2023-06-23 23:00:00,DXB-Core-01,Power,Generator Failure,Critical,300,1133700,Robert Payne
INC-14602,2023-09-03 12:00:00,FRA-Core-01,Network,Fiber Cut,Low,5,155,Patricia Powers
INC-14603,2023-01-15 16:00:00,SIN-Core-01,Cooling,CRAC Failure,Medium,40,8000,Dorothy Gross
INC-14604,2023-07-15 11:00:00,SIN-Core-01,Environmental,Water Leakage,Low,5,185,Phillip Wright
INC-14605,2023-12-29 20:00:00,FRA-Core-01,Environmental,Temperature Spike,Low,9,333,Rebecca Murphy
INC-14606,2023-03-18 19:00:00,MUM-Zone-A,Power,Generator Failure,Low,7,322,Phillip Wallace
INC-14607,2023-12-23 02:00:00,SIN-Core-01,Environmental,Water Leakage,Medium,56,16128,Michael Thompson
INC-14608,2023-09-16 04:00:00,MUM-Zone-A,Network,Fiber Cut,Low,16,512,Christopher Bennett
INC-14609,2023-06-26 20:00:00,MUM-Zone-A,Network,Switch Failure,Low,5,10,Ashley Williams
INC-14610,2023-04-16 07:00:00,SIN-Core-01,Power,UPS Failure,Low,12,432,Heather Washington
INC-14611,2023-11-30 04:00:00,FRA-Core-01,Network,Switch Failure,Low,15,705,Alexander Hansen
INC-14612,2023-11-11 21:00:00,SIN-Core-01,Environmental,Temperature Spike,Low,14,532,Steven Cole
INC-14613,2023-05-27 08:00:00,SIN-Core-01,Network,Fiber Cut,Low,8,0,Alexandra Rogers
INC-14614,2023-08-05 02:00:00,LHR-Core-02,Environmental,Temperature Spike,Low,15,420,Thomas Miller
INC-14615,2023-08-21 22:00:00,MUM-Zone-A,Network,Router Failure,Low,13,403,Joseph Willis
INC-14616,2023-11-06 07:00:00,SIN-Core-01,Cooling,Cooling Pump Failure,Critical,240,653760,Lance Perez
INC-14617,2023-04-02 13:00:00,MUM-Zone-A,Environmental,Temperature Spike,Low,13,299,Terry Jensen
INC-14618,2023-12-31 08:00:00,MUM-Zone-A,Cooling,Cooling Pump Failure,Low,14,378,Erin Newman
INC-14619,2023-04-25 11:00:00,MUM-Zone-A,Power,PDU Overload,Low,14,588,Caleb Bell
INC-14620,2023-02-02 15:00:00,MUM-Zone-A,Cooling,CRAC Failure,Low,13,468,Jamie Miller
INC-14621,2023-09-26 14:00:00,SIN-Core-01,Cooling,Chiller Failure,Low,9,9,Holly Campbell
INC-14622,2023-06-02 07:00:00,FRA-Core-01,Network,Router Failure,Medium,31,5146,Lindsey Robles
INC-14623,2023-02-25 14:00:00,DXB-Core-01,Environmental,Temperature Spike,Medium,35,4375,Sandra Boyd
INC-14624,2023-08-04 15:00:00,LHR-Core-02,Power,Generator Failure,Medium,31,14632,Debra Davenport
INC-14625,2023-10-16 21:00:00,FRA-Core-01,Cooling,Chiller Failure,High,150,109500,Jessica Alexander
INC-14626,2023-07-27 21:00:00,FRA-Core-01,Cooling,Cooling Pump Failure,Medium,53,18232,Craig Fuller
INC-14627,2023-08-11 23:00:00,FRA-Core-01,Environmental,Water Leakage,Medium,27,11583,Christopher Acosta
INC-14628,2023-03-25 23:00:00,DXB-Edge-02,Cooling,Chiller Failure,Low,12,120,Timothy Brown
INC-14629,2023-01-29 06:00:00,DXB-Core-01,Environmental,Temperature Spike,Low,15,450,Natalie Wallace
INC-14630,2023-09-28 23:00:00,FRA-Core-01,Cooling,Chiller Failure,High,95,54055,Samantha Mcdonald
INC-14631,2023-02-20 18:00:00,DXB-Core-01,Power,PDU Overload,Low,8,184,Rebekah Barrett
INC-14632,2023-12-26 21:00:00,SIN-Core-01,Environmental,Temperature Spike,Medium,33,6864,James Cruz
INC-14633,2023-11-11 17:00:00,FRA-Core-01,Network,Fiber Cut,Low,12,132,Scott Park
INC-14634,2023-08-18 03:00:00,FRA-Core-01,Power,UPS Failure,Low,5,170,David Perry
INC-14635,2023-08-16 05:00:00,DXB-Core-01,Cooling,Cooling Pump Failure,Low,9,171,Catherine Miller
INC-14636,2023-03-27 22:00:00,SIN-Core-01,Network,Router Failure,Low,11,77,Brandon Green
INC-14637,2023-09-30 01:00:00,DXB-Core-01,Network,Router Failure,Medium,51,14127,Pam Oconnor
INC-14638,2023-04-21 02:00:00,DXB-Core-01,Network,Fiber Cut,Medium,33,12507,Ashley Miller
INC-14639,2023-10-22 07:00:00,DXB-Core-01,Environmental,Temperature Spike,Medium,33,14949,Elizabeth Gordon
INC-14640,2023-12-14 16:00:00,LHR-Core-02,Power,UPS Failure,High,114,67602,Holly Meyer
INC-14641,2023-07-11 06:00:00,DXB-Edge-02,Environmental,Temperature Spike,Low,14,616,Kelsey Kline
INC-14642,2023-04-02 11:00:00,DXB-Edge-02,Environmental,Water Leakage,Medium,28,12096,Mark Chapman
INC-14643,2023-01-31 12:00:00,DXB-Core-01,Environmental,Temperature Spike,Low,6,300,Steven Kent
INC-14644,2023-02-12 22:00:00,LHR-Core-02,Network,Switch Failure,Medium,28,7196,Oscar Russell
INC-14645,2023-06-29 12:00:00,MUM-Zone-A,Power,UPS Failure,Low,10,230,William Wallace
INC-14646,2023-03-21 07:00:00,FRA-Core-01,Network,Fiber Cut,Low,16,240,Kevin Carey
INC-14647,2023-10-01 06:00:00,DXB-Edge-02,Environmental,Temperature Spike,High,128,123136,Andrew Foster
INC-14648,2023-08-15 18:00:00,DXB-Edge-02,Power,UPS Failure,Low,12,336,Brooke Leach
INC-14649,2023-05-22 20:00:00,LHR-Core-02,Power,UPS Failure,Low,12,300,Kristina Love
INC-14650,2023-11-25 20:00:00,DXB-Edge-02,Power,UPS Failure,Low,7,84,Lisa Lopez
INC-14651,2023-09-11 03:00:00,LHR-Core-02,Power,PDU Overload,Low,6,36,Angela Garcia
INC-14652,2023-03-28 11:00:00,DXB-Core-01,Cooling,Cooling Pump Failure,Medium,24,8736,Jaime Cameron
INC-14653,2023-02-05 10:00:00,DXB-Edge-02,Cooling,Cooling Pump Failure,Medium,23,7038,Nancy Thompson
INC-14654,2023-04-03 07:00:00,LHR-Core-02,Network,Router Failure,Low,6,162,Megan Martinez
INC-14655,2023-11-07 05:00:00,LHR-Core-02,Cooling,Cooling Pump Failure,Low,13,442,Brian Bailey
INC-14656,2023-06-02 20:00:00,SIN-Core-01,Environmental,Temperature Spike,Medium,24,6768,Jonathan Chapman
INC-14657,2023-07-13 09:00:00,MUM-Zone-A,Power,PDU Overload,Low,8,208,Jennifer Soto
INC-14658,2023-02-18 18:00:00,FRA-Core-01,Environmental,Water Leakage,High,107,101757,Megan Marshall
INC-14659,2023-09-04 14:00:00,DXB-Core-01,Cooling,Chiller Failure,Low,12,360,Aaron Fry
INC-14660,2023-09-20 20:00:00,LHR-Core-02,Cooling,Chiller Failure,Low,11,517,Gina Perez
INC-14661,2023-08-28 20:00:00,DXB-Core-01,Power,Generator Failure,Low,16,384,Travis Nguyen
INC-14662,2023-06-18 13:00:00,LHR-Core-02,Power,UPS Failure,Medium,41,12259,Julia Ramirez
INC-14663,2023-08-28 08:00:00,LHR-Core-02,Network,Switch Failure,Low,5,110,Andrew Kelly
INC-14664,2023-02-23 20:00:00,MUM-Zone-A,Power,UPS Failure,Medium,36,11808,Brittany Gardner MD
INC-14665,2023-03-21 01:00:00,MUM-Zone-A,Cooling,Chiller Failure,Low,7,35,Matthew Scott
INC-14666,2023-08-31 22:00:00,SIN-Core-01,Network,Fiber Cut,Low,7,140,Heather Logan
INC-14667,2023-12-24 10:00:00,MUM-Zone-A,Network,Switch Failure,Low,6,6,Suzanne Bonilla
INC-14668,2023-02-01 07:00:00,FRA-Core-01,Network,Switch Failure,Critical,464,1912144,Courtney Fletcher
INC-14669,2023-12-05 20:00:00,DXB-Edge-02,Network,Switch Failure,High,168,157248,Hannah Carson
INC-14670,2023-09-18 20:00:00,DXB-Edge-02,Cooling,Chiller Failure,Low,14,252,Patrick Pineda
INC-14671,2023-04-29 15:00:00,DXB-Edge-02,Network,Router Failure,Low,15,555,Colleen Brown
INC-14672,2023-08-18 03:00:00,DXB-Core-01,Power,PDU Overload,Medium,43,21156,Kathryn Fowler
INC-14673,2023-12-28 07:00:00,FRA-Core-01,Network,Router Failure,Low,8,272,Katrina Long
INC-14674,2023-10-12 07:00:00,MUM-Zone-A,Power,Generator Failure,High,108,54756,Heidi Johnson
INC-14675,2023-04-12 07:00:00,DXB-Edge-02,Power,Generator Failure,Critical,555,2005770,Paul Davis
INC-14676,2023-03-08 12:00:00,SIN-Core-01,Environmental,Temperature Spike,Low,8,72,Robert Prince
INC-14677,2023-02-01 06:00:00,MUM-Zone-A,Network,Fiber Cut,High,168,157248,Julie Moreno
INC-14678,2023-06-19 09:00:00,DXB-Core-01,Environmental,Temperature Spike,High,65,48945,Sarah Henry
INC-14679,2023-11-13 06:00:00,FRA-Core-01,Power,PDU Overload,Low,14,252,David Lopez
INC-14680,2023-04-16 15:00:00,DXB-Edge-02,Power,Generator Failure,Low,19,950,Gregory Anderson
INC-14681,2023-08-21 16:00:00,DXB-Edge-02,Network,Router Failure,Medium,52,24440,Theresa Henson
INC-14682,2023-12-16 07:00:00,SIN-Core-01,Environmental,Water Leakage,High,102,86700,Kelly Hill DVM
INC-14683,2023-01-08 05:00:00,FRA-Core-01,Environmental,Water Leakage,Medium,53,12667,Jimmy Carr
INC-14684,2023-09-22 02:00:00,DXB-Edge-02,Power,PDU Overload,Low,11,363,Willie Little
INC-14685,2023-12-13 21:00:00,LHR-Core-02,Power,Generator Failure,Low,15,360,Mr. Michael Nolan DDS
INC-14686,2023-02-11 19:00:00,MUM-Zone-A,Cooling,Chiller Failure,Low,14,168,Eric Collier
INC-14687,2023-12-27 16:00:00,MUM-Zone-A,Network,Router Failure,High,107,93946,Kevin Holden
INC-14688,2023-01-30 18:00:00,FRA-Core-01,Network,Fiber Cut,Critical,425,697425,James Beasley
INC-14689,2023-04-11 11:00:00,DXB-Core-01,Power,UPS Failure,Medium,35,10500,Megan Johnson
INC-14690,2023-04-27 09:00:00,FRA-Core-01,Network,Fiber Cut,Low,15,420,Karen Singh
INC-14691,2023-11-24 04:00:00,MUM-Zone-A,Cooling,Chiller Failure,Medium,39,13611,David Ryan
INC-14692,2023-06-10 05:00:00,FRA-Core-01,Environmental,Temperature Spike,Medium,45,8910,Melissa Hall
INC-14693,2023-04-11 20:00:00,FRA-Core-01,Power,Generator Failure,Medium,46,16054,James Delgado
INC-14694,2023-02-04 12:00:00,DXB-Edge-02,Power,Generator Failure,High,176,118448,Virginia Bell
INC-14695,2023-04-08 01:00:00,MUM-Zone-A,Cooling,CRAC Failure,Medium,43,9245,Mark Russo
INC-14696,2023-06-24 14:00:00,DXB-Edge-02,Power,PDU Overload,Medium,47,23312,Stephanie Love
INC-14697,2023-09-02 02:00:00,FRA-Core-01,Power,PDU Overload,Low,19,760,Willie Anderson
INC-14698,2023-10-02 11:00:00,FRA-Core-01,Power,UPS Failure,Low,19,741,Evan Garrett
INC-14699,2023-02-14 04:00:00,DXB-Core-01,Cooling,Chiller Failure,Low,11,253,John Schmidt
INC-14700,2023-09-08 14:00:00,SIN-Core-01,Power,PDU Overload,Low,7,280,Linda Mitchell
INC-14701,2023-12-10 17:00:00,SIN-Core-01,Network,Router Failure,Low,12,588,Laurie Carpenter
INC-14702,2023-03-02 08:00:00,MUM-Zone-A,Environmental,Water Leakage,Medium,34,8432,Nathan Travis
INC-14703,2023-12-28 13:00:00,DXB-Edge-02,Environmental,Water Leakage,Low,6,132,Kenneth Barnes
INC-14704,2023-10-09 00:00:00,LHR-Core-02,Cooling,CRAC Failure,Medium,54,22896,Theresa Martinez
INC-14705,2023-01-06 01:00:00,DXB-Edge-02,Cooling,Chiller Failure,Low,6,270,Brandon Ryan
INC-14706,2023-02-08 16:00:00,MUM-Zone-A,Network,Fiber Cut,High,141,77973,Pamela Jackson
INC-14707,2023-06-27 18:00:00,DXB-Core-01,Environmental,Temperature Spike,Low,19,931,Jennifer Barajas
INC-14708,2023-03-23 11:00:00,SIN-Core-01,Cooling,CRAC Failure,Low,11,176,Ashley Mills
INC-14709,2023-04-25 11:00:00,MUM-Zone-A,Cooling,Cooling Pump Failure,Low,9,405,Angela Mann
INC-14710,2023-11-21 04:00:00,MUM-Zone-A,Power,PDU Overload,Low,14,336,Jeanette Jordan
INC-14711,2023-03-11 23:00:00,DXB-Core-01,Power,UPS Failure,Low,5,80,Joseph Willis
INC-14712,2023-11-23 22:00:00,DXB-Core-01,Cooling,CRAC Failure,Low,17,272,Lisa Castaneda
INC-14713,2023-11-19 03:00:00,SIN-Core-01,Network,Fiber Cut,Low,18,576,Robert Meyer
INC-14714,2023-09-17 06:00:00,MUM-Zone-A,Power,UPS Failure,Medium,26,10270,Brianna Hernandez
INC-14715,2023-12-04 00:00:00,DXB-Edge-02,Power,UPS Failure,Low,18,630,David Lee
INC-14716,2023-02-22 23:00:00,DXB-Edge-02,Environmental,Water Leakage,Low,19,931,Jason West
INC-14717,2023-05-31 19:00:00,DXB-Core-01,Cooling,Chiller Failure,Critical,536,2094152,Gabrielle Nichols
INC-14718,2023-04-24 18:00:00,LHR-Core-02,Network,Fiber Cut,High,122,97844,Ryan Hardy
INC-14719,2023-08-20 12:00:00,LHR-Core-02,Power,Generator Failure,Low,8,64,Devin Jones
INC-14720,2023-11-22 13:00:00,DXB-Edge-02,Cooling,Cooling Pump Failure,Low,9,333,Lori Parker
INC-14721,2023-05-29 07:00:00,SIN-Core-01,Network,Router Failure,Low,6,228,Justin Hopkins
INC-14722,2023-08-27 20:00:00,MUM-Zone-A,Cooling,Cooling Pump Failure,Medium,25,12150,Lisa Hamilton
INC-14723,2023-08-31 05:00:00,FRA-Core-01,Environmental,Water Leakage,Medium,45,7785,Ashley Berger
INC-14724,2023-08-11 16:00:00,LHR-Core-02,Environmental,Temperature Spike,High,72,51336,Gerald Harper
INC-14725,2023-03-27 00:00:00,LHR-Core-02,Power,Generator Failure,Medium,57,13737,Matthew Smith
INC-14726,2023-03-13 01:00:00,DXB-Edge-02,Environmental,Water Leakage,High,111,72372,Stephen Allen
INC-14727,2023-07-26 06:00:00,FRA-Core-01,Network,Fiber Cut,Low,16,736,Diana Dickerson
INC-14728,2023-09-30 20:00:00,MUM-Zone-A,Network,Router Failure,Low,10,40,Samuel Gibson
INC-14729,2023-09-01 16:00:00,MUM-Zone-A,Environmental,Temperature Spike,Low,8,216,Mallory Chavez MD
INC-14730,2023-07-04 15:00:00,LHR-Core-02,Cooling,Chiller Failure,Critical,599,2788345,Brittney Hartman
INC-14731,2023-07-10 14:00:00,LHR-Core-02,Network,Switch Failure,Low,5,245,Gavin Alvarado
INC-14732,2023-01-26 15:00:00,DXB-Core-01,Network,Router Failure,Low,10,480,Taylor Mccullough
INC-14733,2023-05-16 07:00:00,LHR-Core-02,Network,Router Failure,High,171,138339,James Roberson
INC-14734,2023-05-20 02:00:00,DXB-Edge-02,Environmental,Water Leakage,Medium,21,9387,Timothy French DDS
INC-14735,2023-02-19 19:00:00,MUM-Zone-A,Network,Router Failure,Low,12,276,Lynn Russo
INC-14736,2023-02-26 12:00:00,LHR-Core-02,Network,Fiber Cut,Low,15,225,Christopher Daniel
INC-14737,2023-11-13 22:00:00,DXB-Core-01,Cooling,Chiller Failure,Low,6,192,Julie Baker
INC-14738,2023-06-23 09:00:00,DXB-Edge-02,Environmental,Water Leakage,Low,8,336,Katherine Reyes
INC-14739,2023-04-05 05:00:00,FRA-Core-01,Cooling,Chiller Failure,Low,12,84,Laura Fischer
INC-14740,2023-09-12 02:00:00,DXB-Edge-02,Network,Fiber Cut,Low,13,117,Anna Frazier
INC-14741,2023-02-01 07:00:00,MUM-Zone-A,Environmental,Water Leakage,Low,7,343,Dr. James Robinson
INC-14742,2023-12-07 21:00:00,FRA-Core-01,Cooling,CRAC Failure,Low,6,12,Monica Blake
INC-14743,2023-07-04 00:00:00,SIN-Core-01,Network,Router Failure,Low,18,486,Becky Rowe
INC-14744,2023-07-18 01:00:00,LHR-Core-02,Environmental,Temperature Spike,Medium,59,20827,Christopher Adams
INC-14745,2023-08-16 06:00:00,FRA-Core-01,Cooling,CRAC Failure,Low,11,308,Andrew Jefferson
INC-14746,2023-01-22 12:00:00,MUM-Zone-A,Environmental,Temperature Spike,Low,19,266,Brent Williams
INC-14747,2023-02-01 07:00:00,FRA-Core-01,Network,Switch Failure,Medium,51,22899,Robyn Murphy
INC-14748,2023-11-24 06:00:00,LHR-Core-02,Power,Generator Failure,Low,9,153,Caroline Franklin
INC-14749,2023-05-08 10:00:00,DXB-Edge-02,Network,Switch Failure,Medium,31,6634,Laura Scott
INC-14750,2023-04-06 14:00:00,DXB-Edge-02,Cooling,Cooling Pump Failure,Low,12,360,Dorothy Wright
INC-14751,2023-04-28 17:00:00,DXB-Core-01,Network,Fiber Cut,Low,5,245,Nicholas Morrison MD
INC-14752,2023-12-01 05:00:00,FRA-Core-01,Cooling,Chiller Failure,Low,9,261,David Collins
INC-14753,2023-12-21 12:00:00,LHR-Core-02,Cooling,CRAC Failure,High,117,84942,Christina Martin
INC-14754,2023-04-12 06:00:00,DXB-Core-01,Cooling,Chiller Failure,Low,9,414,Robert Smith MD
INC-14755,2023-04-28 00:00:00,LHR-Core-02,Network,Router Failure,Low,10,10,Amanda Scott
INC-14756,2023-02-17 07:00:00,LHR-Core-02,Power,PDU Overload,Low,7,105,Traci Reid
INC-14757,2023-02-01 13:00:00,FRA-Core-01,Environmental,Water Leakage,Medium,28,4368,Christopher Garcia
INC-14758,2023-03-04 23:00:00,DXB-Edge-02,Power,PDU Overload,Low,6,216,Shawn Long MD
INC-14759,2023-11-05 00:00:00,DXB-Core-01,Environmental,Temperature Spike,High,118,105964,Dr. Julia Cooley
INC-14760,2023-07-04 02:00:00,DXB-Edge-02,Network,Router Failure,Low,7,0,Kimberly Johnston
INC-14761,2023-10-04 04:00:00,DXB-Core-01,Power,Generator Failure,Medium,40,4640,Maria Young
INC-14762,2023-11-16 14:00:00,MUM-Zone-A,Cooling,Chiller Failure,Low,9,351,Lawrence Greer
INC-14763,2023-11-27 17:00:00,FRA-Core-01,Cooling,CRAC Failure,Medium,48,17760,Colleen Green
INC-14764,2023-07-14 09:00:00,MUM-Zone-A,Environmental,Water Leakage,Medium,32,5056,Elizabeth Moore
INC-14765,2023-01-20 18:00:00,MUM-Zone-A,Environmental,Water Leakage,Low,15,555,Mary Crawford
INC-14766,2023-05-18 07:00:00,FRA-Core-01,Power,PDU Overload,Low,6,174,Karen Mcclain
INC-14767,2023-10-26 18:00:00,FRA-Core-01,Cooling,Cooling Pump Failure,Low,9,243,Jared Ross
INC-14768,2023-06-19 16:00:00,LHR-Core-02,Network,Fiber Cut,Medium,40,17040,Glen Ingram
INC-14769,2023-12-08 09:00:00,DXB-Edge-02,Cooling,Cooling Pump Failure,High,104,62296,Laurie Rodriguez
INC-14770,2023-04-13 19:00:00,FRA-Core-01,Environmental,Temperature Spike,Medium,36,4680,Thomas Green
INC-14771,2023-07-05 08:00:00,LHR-Core-02,Network,Router Failure,Low,13,260,Katherine Walker
INC-14772,2023-08-13 14:00:00,DXB-Core-01,Environmental,Water Leakage,Critical,547,2592780,Autumn James
INC-14773,2023-12-01 17:00:00,DXB-Edge-02,Network,Router Failure,Low,13,468,Kristopher Sullivan
INC-14774,2023-11-04 00:00:00,LHR-Core-02,Network,Fiber Cut,Low,10,80,Marissa Saunders
INC-14775,2023-05-19 15:00:00,MUM-Zone-A,Power,Generator Failure,Medium,33,4323,Kathleen Gardner
INC-14776,2023-01-13 18:00:00,LHR-Core-02,Network,Router Failure,High,97,76145,William Anderson
INC-14777,2023-10-04 05:00:00,LHR-Core-02,Environmental,Temperature Spike,Low,5,5,Brian Welch
INC-14778,2023-07-22 12:00:00,DXB-Core-01,Environmental,Temperature Spike,Low,6,138,Kelly Davis
INC-14779,2023-03-22 08:00:00,DXB-Edge-02,Network,Fiber Cut,Low,18,666,Gary Macias
INC-14780,2023-12-20 01:00:00,DXB-Edge-02,Power,Generator Failure,Low,9,189,Evan King
INC-14781,2023-01-15 18:00:00,DXB-Edge-02,Power,Generator Failure,Low,11,407,Sandra Combs
INC-14782,2023-01-20 00:00:00,DXB-Edge-02,Power,UPS Failure,Low,6,156,Richard Simpson
INC-14783,2023-06-09 21:00:00,SIN-Core-01,Power,Generator Failure,Low,13,429,Beverly Ferguson
INC-14784,2023-02-16 18:00:00,DXB-Core-01,Environmental,Temperature Spike,Low,11,66,Judith Schmitt
INC-14785,2023-05-18 21:00:00,FRA-Core-01,Network,Fiber Cut,Medium,58,25346,Jeremy Sanders
INC-14786,2023-11-11 02:00:00,DXB-Core-01,Cooling,Cooling Pump Failure,Medium,58,17284,Angela Terrell
INC-14787,2023-05-08 21:00:00,DXB-Core-01,Environmental,Temperature Spike,Low,15,120,Taylor Martin
INC-14788,2023-10-19 04:00:00,SIN-Core-01,Cooling,Cooling Pump Failure,Low,14,112,Erika Rodriguez
INC-14789,2023-08-20 12:00:00,SIN-Core-01,Environmental,Temperature Spike,Medium,47,12173,Carl Brewer
INC-14790,2023-08-08 15:00:00,DXB-Core-01,Cooling,CRAC Failure,Low,15,480,Tara Mendez
INC-14791,2023-01-31 16:00:00,MUM-Zone-A,Network,Router Failure,Low,15,720,Pamela Long
INC-14792,2023-11-23 04:00:00,FRA-Core-01,Network,Switch Failure,High,174,123018,Tara Yates
INC-14793,2023-03-28 23:00:00,SIN-Core-01,Cooling,CRAC Failure,Low,7,21,Yolanda Fernandez
INC-14794,2023-07-25 14:00:00,LHR-Core-02,Environmental,Temperature Spike,High,136,97104,Melissa Davis
INC-14795,2023-05-07 10:00:00,SIN-Core-01,Network,Router Failure,Low,11,352,Steven Webb
INC-14796,2023-09-16 04:00:00,DXB-Edge-02,Environmental,Temperature Spike,Low,18,324,Kimberly Knight
INC-14797,2023-05-06 09:00:00,SIN-Core-01,Network,Router Failure,Low,10,490,Jeffrey Kennedy
INC-14798,2023-04-27 17:00:00,DXB-Core-01,Power,PDU Overload,High,80,45760,Jason Nguyen
INC-14799,2023-02-18 05:00:00,SIN-Core-01,Network,Switch Failure,Low,15,705,Eric Blankenship
INC-14800,2023-07-01 17:00:00,FRA-Core-01,Power,UPS Failure,Medium,45,12420,Jason Rogers
INC-14801,2023-02-17 12:00:00,SIN-Core-01,Cooling,Chiller Failure,Low,19,95,Ashley Smith
INC-14802,2023-08-06 09:00:00,DXB-Core-01,Power,Generator Failure,Low,14,532,Michael Estrada
INC-14803,2023-03-03 14:00:00,LHR-Core-02,Cooling,Chiller Failure,Low,15,420,Jody Douglas
INC-14804,2023-10-21 12:00:00,SIN-Core-01,Cooling,Chiller Failure,Critical,576,627840,Angela Odom
INC-14805,2023-03-13 17:00:00,DXB-Edge-02,Power,Generator Failure,Low,5,195,Gerald Stewart
INC-14806,2023-06-28 14:00:00,SIN-Core-01,Network,Switch Failure,Low,18,774,Mary Hoffman
INC-14807,2023-08-01 05:00:00,DXB-Core-01,Cooling,CRAC Failure,Medium,39,13767,Debbie Rogers
INC-14808,2023-05-29 14:00:00,LHR-Core-02,Power,UPS Failure,Low,19,38,Ryan Anderson
INC-14809,2023-10-14 01:00:00,SIN-Core-01,Cooling,Cooling Pump Failure,Low,18,468,Christina Tanner
INC-14810,2023-04-30 18:00:00,DXB-Core-01,Cooling,Cooling Pump Failure,Low,18,180,Lance Lopez
INC-14811,2023-08-18 15:00:00,DXB-Core-01,Network,Switch Failure,Low,11,253,Jeffrey Fernandez
INC-14812,2023-05-03 10:00:00,MUM-Zone-A,Cooling,Cooling Pump Failure,Low,18,522,Devin Rogers
INC-14813,2023-10-27 01:00:00,DXB-Core-01,Network,Switch Failure,Low,17,136,Carolyn Mcdonald
INC-14814,2023-11-19 21:00:00,SIN-Core-01,Power,PDU Overload,Low,7,294,Kathryn Avila
INC-14815,2023-11-17 10:00:00,DXB-Core-01,Power,Generator Failure,Low,8,400,Mr. Steven Patel Jr.
INC-14816,2023-10-11 11:00:00,MUM-Zone-A,Environmental,Temperature Spike,Medium,59,11800,Linda Barker
INC-14817,2023-07-23 10:00:00,LHR-Core-02,Power,PDU Overload,Critical,449,633539,James Hill
INC-14818,2023-01-26 21:00:00,FRA-Core-01,Network,Switch Failure,Medium,25,4975,Kristina Burnett
INC-14819,2023-12-14 06:00:00,MUM-Zone-A,Cooling,CRAC Failure,High,132,102828,Jessica Edwards
INC-14820,2023-06-23 02:00:00,DXB-Core-01,Power,Generator Failure,Medium,45,13500,Kenneth Avery
INC-14821,2023-09-02 23:00:00,LHR-Core-02,Environmental,Temperature Spike,Low,19,950,Darren Wood
INC-14822,2023-09-26 11:00:00,MUM-Zone-A,Power,UPS Failure,Medium,57,12597,Matthew Richard
INC-14823,2023-03-20 22:00:00,SIN-Core-01,Environmental,Temperature Spike,Low,8,336,Shelby Jones
INC-14824,2023-10-28 07:00:00,LHR-Core-02,Environmental,Water Leakage,High,66,55572,Alexis Johnson
INC-14825,2023-03-15 12:00:00,SIN-Core-01,Environmental,Water Leakage,Medium,45,4590,Michael Johnson
INC-14826,2023-10-14 09:00:00,SIN-Core-01,Power,Generator Failure,Medium,51,19992,Melissa Stokes
INC-14827,2023-02-02 08:00:00,MUM-Zone-A,Power,UPS Failure,Medium,32,9568,Ashley Garcia
INC-14828,2023-06-17 22:00:00,DXB-Core-01,Network,Fiber Cut,Low,17,595,Tiffany Pugh
INC-14829,2023-01-12 15:00:00,DXB-Edge-02,Network,Router Failure,Low,9,252,Kelly Padilla
INC-14830,2023-06-11 10:00:00,DXB-Core-01,Network,Router Failure,Low,14,532,Adam Holmes
INC-14831,2023-01-08 06:00:00,DXB-Core-01,Network,Switch Failure,Low,19,646,Melissa Kennedy
INC-14832,2023-05-16 19:00:00,FRA-Core-01,Cooling,Chiller Failure,Medium,38,4484,Matthew Rodriguez
INC-14833,2023-07-03 02:00:00,DXB-Core-01,Cooling,CRAC Failure,Low,13,429,Charles Garcia
INC-14834,2023-04-29 13:00:00,DXB-Core-01,Environmental,Water Leakage,Medium,49,8967,Lawrence Miller
INC-14835,2023-11-14 12:00:00,SIN-Core-01,Environmental,Temperature Spike,Low,17,459,Courtney Salinas
INC-14836,2023-09-19 05:00:00,MUM-Zone-A,Power,PDU Overload,Medium,33,8613,Gary Holland
INC-14837,2023-05-09 17:00:00,MUM-Zone-A,Environmental,Temperature Spike,Medium,44,16632,Bridget Rose
INC-14838,2023-06-16 06:00:00,FRA-Core-01,Network,Router Failure,Low,13,273,Michael Fischer
INC-14839,2023-08-21 19:00:00,DXB-Edge-02,Network,Switch Failure,Low,5,235,Samantha Jackson
INC-14840,2023-04-10 21:00:00,MUM-Zone-A,Cooling,Cooling Pump Failure,Low,5,200,Daniel Bradley
INC-14841,2023-12-22 00:00:00,FRA-Core-01,Power,Generator Failure,Low,6,264,David Valdez
INC-14842,2023-09-06 08:00:00,SIN-Core-01,Cooling,CRAC Failure,Medium,32,11680,David Nelson
INC-14843,2023-04-25 05:00:00,MUM-Zone-A,Cooling,CRAC Failure,Medium,43,19565,Paul George
INC-14844,2023-12-18 08:00:00,LHR-Core-02,Environmental,Temperature Spike,Low,11,528,Patricia Campbell
INC-14845,2023-12-20 01:00:00,DXB-Core-01,Network,Router Failure,High,104,95784,George Hodge
INC-14846,2023-04-12 14:00:00,FRA-Core-01,Environmental,Water Leakage,Low,16,496,Ashley Webb
INC-14847,2023-11-24 04:00:00,FRA-Core-01,Environmental,Temperature Spike,Medium,26,9152,Travis Soto
INC-14848,2023-12-04 07:00:00,SIN-Core-01,Cooling,Chiller Failure,Medium,26,6058,Michael Grant
INC-14849,2023-10-06 12:00:00,LHR-Core-02,Environmental,Temperature Spike,Low,15,0,Scott Montoya
INC-14850,2023-07-11 19:00:00,FRA-Core-01,Power,PDU Overload,Medium,27,10989,Cassidy Turner
INC-14851,2023-12-26 01:00:00,SIN-Core-01,Cooling,CRAC Failure,Low,16,720,Stephen Jimenez
INC-14852,2023-06-19 19:00:00,DXB-Core-01,Cooling,CRAC Failure,Low,18,900,Duane Mitchell
INC-14853,2023-01-07 13:00:00,LHR-Core-02,Power,Generator Failure,Low,8,256,Kimberly Smith
INC-14854,2023-04-24 15:00:00,MUM-Zone-A,Cooling,Cooling Pump Failure,Low,17,85,Brenda Tucker
INC-14855,2023-07-10 10:00:00,DXB-Edge-02,Power,UPS Failure,Critical,458,1205456,Johnny Mccarthy
INC-14856,2023-07-29 12:00:00,LHR-Core-02,Power,PDU Overload,Medium,25,3000,Christopher James
INC-14857,2023-07-17 23:00:00,SIN-Core-01,Network,Fiber Cut,Medium,45,5175,Shelby Jones
INC-14858,2023-04-03 22:00:00,DXB-Core-01,Cooling,Cooling Pump Failure,Low,5,165,James Johnson
INC-14859,2023-09-12 08:00:00,SIN-Core-01,Environmental,Water Leakage,Medium,47,8836,Anthony Wells
INC-14860,2023-03-29 21:00:00,FRA-Core-01,Cooling,Chiller Failure,Medium,22,3124,Mercedes Mendez
INC-14861,2023-08-10 22:00:00,SIN-Core-01,Network,Switch Failure,Low,15,615,Bryan Ward
INC-14862,2023-08-15 04:00:00,SIN-Core-01,Power,PDU Overload,Medium,38,4902,Megan Palmer
INC-14863,2023-11-19 11:00:00,FRA-Core-01,Network,Switch Failure,Low,14,154,Barbara Russell
INC-14864,2023-04-12 15:00:00,DXB-Core-01,Power,UPS Failure,Low,15,315,Carol Hooper
INC-14865,2023-02-25 11:00:00,LHR-Core-02,Environmental,Water Leakage,Low,7,133,Suzanne Lopez
INC-14866,2023-07-20 02:00:00,DXB-Edge-02,Environmental,Water Leakage,Low,19,589,Erin Miller
INC-14867,2023-12-26 07:00:00,MUM-Zone-A,Environmental,Water Leakage,Low,17,221,Dana Manning
INC-14868,2023-04-02 01:00:00,DXB-Edge-02,Power,UPS Failure,Low,12,204,Bryan Martin
INC-14869,2023-06-04 13:00:00,LHR-Core-02,Cooling,CRAC Failure,Low,19,76,Timothy Anderson
INC-14870,2023-01-31 19:00:00,MUM-Zone-A,Environmental,Temperature Spike,Low,6,48,Kathy Blackburn
INC-14871,2023-07-14 23:00:00,DXB-Edge-02,Network,Fiber Cut,Medium,26,7020,Laura Nichols
INC-14872,2023-09-18 13:00:00,DXB-Edge-02,Cooling,Cooling Pump Failure,Medium,45,12285,Adam Allen
INC-14873,2023-06-13 12:00:00,DXB-Edge-02,Power,Generator Failure,Low,13,312,Scott Mendoza
INC-14874,2023-08-23 06:00:00,MUM-Zone-A,Environmental,Temperature Spike,Critical,524,884512,Sarah Mclean
INC-14875,2023-03-14 10:00:00,MUM-Zone-A,Network,Switch Failure,Medium,31,12865,Benjamin Fox
INC-14876,2023-04-22 18:00:00,SIN-Core-01,Network,Router Failure,Low,19,399,Justin Prince
INC-14877,2023-09-14 04:00:00,MUM-Zone-A,Power,Generator Failure,Low,18,198,Tony Graham
INC-14878,2023-12-14 13:00:00,FRA-Core-01,Power,UPS Failure,Low,15,60,Caitlin Phillips
INC-14879,2023-04-22 09:00:00,DXB-Core-01,Network,Fiber Cut,Low,15,300,Randall Welch
INC-14880,2023-12-03 20:00:00,SIN-Core-01,Network,Fiber Cut,Low,13,195,James Hall
INC-14881,2023-01-03 20:00:00,MUM-Zone-A,Environmental,Water Leakage,Critical,490,1491560,Brenda Lopez
INC-14882,2023-05-01 18:00:00,LHR-Core-02,Cooling,Cooling Pump Failure,Low,15,690,Dylan Santiago
INC-14883,2023-04-29 08:00:00,SIN-Core-01,Environmental,Water Leakage,High,70,65730,Carla Thomas
INC-14884,2023-12-05 06:00:00,LHR-Core-02,Power,Generator Failure,Medium,27,7425,Jason Alexander
INC-14885,2023-07-23 10:00:00,SIN-Core-01,Network,Fiber Cut,Low,18,774,Jennifer Williams
INC-14886,2023-11-20 03:00:00,LHR-Core-02,Network,Switch Failure,Medium,45,17505,Joe Vaughn
INC-14887,2023-09-01 23:00:00,DXB-Edge-02,Cooling,CRAC Failure,Medium,56,24080,Michael Martinez
INC-14888,2023-02-22 19:00:00,LHR-Core-02,Network,Switch Failure,Critical,328,1054848,Shelly Miller
INC-14889,2023-12-07 10:00:00,SIN-Core-01,Environmental,Temperature Spike,Low,9,261,Amy Adams
INC-14890,2023-09-22 15:00:00,MUM-Zone-A,Network,Router Failure,Low,18,414,Melissa Moyer
INC-14891,2023-01-31 12:00:00,DXB-Core-01,Cooling,Chiller Failure,Low,9,126,Randall Hall DVM
INC-14892,2023-03-18 09:00:00,SIN-Core-01,Network,Switch Failure,Low,9,297,Daniel Lee
INC-14893,2023-04-11 02:00:00,FRA-Core-01,Power,UPS Failure,Medium,48,9648,Mrs. Allison Russo MD
INC-14894,2023-01-28 08:00:00,SIN-Core-01,Cooling,CRAC Failure,Low,9,81,Lauren Tucker
INC-14895,2023-02-23 13:00:00,SIN-Core-01,Environmental,Water Leakage,Low,13,507,Dr. Larry Lee III
INC-14896,2023-01-19 19:00:00,SIN-Core-01,Power,UPS Failure,Low,5,165,Kenneth Bass
INC-14897,2023-09-01 20:00:00,DXB-Core-01,Network,Switch Failure,Medium,20,2280,Elizabeth Fisher
INC-14898,2023-05-12 17:00:00,DXB-Edge-02,Power,Generator Failure,Low,19,817,Deanna Martin
INC-14899,2023-09-28 18:00:00,DXB-Core-01,Cooling,CRAC Failure,High,176,168960,Ralph King
INC-14900,2023-11-23 16:00:00,SIN-Core-01,Cooling,Cooling Pump Failure,Low,10,380,Megan Griffin
INC-14901,2023-12-04 11:00:00,MUM-Zone-A,Network,Switch Failure,Low,12,144,Andrew Lopez
INC-14902,2023-05-10 06:00:00,MUM-Zone-A,Network,Router Failure,Critical,192,292800,Tina Davis
INC-14903,2023-09-25 10:00:00,DXB-Core-01,Network,Router Failure,High,143,82654,Zachary Cole
INC-14904,2023-06-07 17:00:00,LHR-Core-02,Environmental,Temperature Spike,Medium,44,15356,Steven Clay
INC-14905,2023-09-19 03:00:00,DXB-Edge-02,Cooling,Chiller Failure,Low,18,450,Keith Carroll
INC-14906,2023-05-11 14:00:00,LHR-Core-02,Network,Switch Failure,Low,5,195,Natalie Johnson
INC-14907,2023-02-03 01:00:00,MUM-Zone-A,Cooling,Chiller Failure,Low,8,160,Debbie Carr
INC-14908,2023-03-28 01:00:00,LHR-Core-02,Power,PDU Overload,Low,10,350,Monica Rush
INC-14909,2023-05-13 17:00:00,LHR-Core-02,Environmental,Temperature Spike,Low,8,376,Amanda Sutton
INC-14910,2023-08-30 11:00:00,LHR-Core-02,Power,Generator Failure,Low,17,136,Carl Ayala
INC-14911,2023-07-26 13:00:00,MUM-Zone-A,Cooling,Chiller Failure,Low,10,150,Melissa Duncan
INC-14912,2023-08-19 06:00:00,DXB-Core-01,Cooling,Cooling Pump Failure,Low,19,19,Dustin Mitchell
INC-14913,2023-04-26 02:00:00,FRA-Core-01,Environmental,Temperature Spike,Low,17,850,Heather Cruz
INC-14914,2023-02-01 22:00:00,LHR-Core-02,Cooling,Cooling Pump Failure,Low,10,390,Jack Christian
INC-14915,2023-10-28 05:00:00,LHR-Core-02,Network,Fiber Cut,Medium,47,14664,Aaron Cunningham
INC-14916,2023-07-03 02:00:00,LHR-Core-02,Environmental,Temperature Spike,Critical,254,1098550,William West
INC-14917,2023-04-17 18:00:00,DXB-Edge-02,Environmental,Water Leakage,Medium,56,14056,Margaret Russell
INC-14918,2023-01-02 08:00:00,DXB-Edge-02,Network,Switch Failure,Medium,33,16038,Shawn Reilly
INC-14919,2023-01-26 12:00:00,LHR-Core-02,Cooling,Cooling Pump Failure,Medium,44,13948,Andres Shaw
INC-14920,2023-04-18 03:00:00,SIN-Core-01,Environmental,Water Leakage,High,122,78568,Darius Estrada
INC-14921,2023-04-30 08:00:00,LHR-Core-02,Cooling,CRAC Failure,Medium,45,20025,Michael Johnson
INC-14922,2023-08-31 15:00:00,MUM-Zone-A,Network,Switch Failure,Medium,43,10922,David Sanders
INC-14923,2023-05-21 05:00:00,DXB-Core-01,Network,Switch Failure,Low,7,175,James Stewart
INC-14924,2023-03-22 07:00:00,DXB-Edge-02,Environmental,Temperature Spike,Low,18,666,Billy Olsen
INC-14925,2023-11-14 13:00:00,LHR-Core-02,Environmental,Temperature Spike,Low,16,720,Nicholas Ward
INC-14926,2023-03-02 07:00:00,SIN-Core-01,Network,Fiber Cut,Low,9,153,Lori Perez
INC-14927,2023-02-24 14:00:00,LHR-Core-02,Environmental,Temperature Spike,Low,8,344,Nathan Carson
INC-14928,2023-10-16 12:00:00,MUM-Zone-A,Network,Fiber Cut,Low,11,363,Malik Mcconnell
INC-14929,2023-06-01 06:00:00,DXB-Edge-02,Power,Generator Failure,Medium,30,5610,Brenda White
INC-14930,2023-05-28 08:00:00,DXB-Core-01,Cooling,Chiller Failure,Low,11,330,Christopher Turner
INC-14931,2023-01-21 06:00:00,DXB-Edge-02,Network,Switch Failure,Low,8,352,Angela Taylor
INC-14932,2023-10-12 21:00:00,MUM-Zone-A,Cooling,Chiller Failure,Low,17,102,Jennifer Crosby
INC-14933,2023-10-19 20:00:00,LHR-Core-02,Environmental,Temperature Spike,Low,17,714,Christine Crosby
INC-14934,2023-11-12 16:00:00,MUM-Zone-A,Environmental,Water Leakage,Low,11,154,Grant Martin
INC-14935,2023-07-06 07:00:00,FRA-Core-01,Power,PDU Overload,Low,7,217,Sharon Clark
INC-14936,2023-09-22 17:00:00,LHR-Core-02,Cooling,CRAC Failure,Medium,50,7950,Curtis Hill
INC-14937,2023-04-15 17:00:00,MUM-Zone-A,Power,PDU Overload,High,147,91581,Kristina Taylor
INC-14938,2023-10-25 21:00:00,MUM-Zone-A,Cooling,CRAC Failure,Low,6,270,Sandra Larson
INC-14939,2023-08-21 04:00:00,SIN-Core-01,Cooling,Chiller Failure,Low,8,344,Lisa Willis
INC-14940,2023-08-27 21:00:00,SIN-Core-01,Cooling,CRAC Failure,High,145,135430,Todd Kaufman
INC-14941,2023-07-23 12:00:00,FRA-Core-01,Cooling,Cooling Pump Failure,Low,5,15,Robert White
INC-14942,2023-05-01 08:00:00,FRA-Core-01,Network,Fiber Cut,Low,11,22,William Alexander
INC-14943,2023-04-22 07:00:00,DXB-Edge-02,Cooling,CRAC Failure,Medium,36,5904,Timothy Moreno
INC-14944,2023-07-29 12:00:00,SIN-Core-01,Cooling,Chiller Failure,High,107,79073,Emily Carlson
INC-14945,2023-04-13 09:00:00,FRA-Core-01,Network,Switch Failure,Low,13,299,Martha Howard
INC-14946,2023-12-24 13:00:00,SIN-Core-01,Environmental,Temperature Spike,High,83,66234,Justin Cooper
INC-14947,2023-07-03 06:00:00,LHR-Core-02,Network,Fiber Cut,Critical,480,1435680,Darrell Coleman
INC-14948,2023-07-13 18:00:00,SIN-Core-01,Network,Switch Failure,Low,19,589,Jennifer Underwood
INC-14949,2023-04-15 15:00:00,DXB-Core-01,Environmental,Temperature Spike,Low,6,240,Ms. Jacqueline Hughes MD
INC-14950,2023-09-02 09:00:00,LHR-Core-02,Environmental,Water Leakage,Low,13,611,Jacqueline Chapman
INC-14951,2023-12-01 08:00:00,MUM-Zone-A,Power,Generator Failure,Low,16,800,Kimberly Harris
INC-14952,2023-09-05 18:00:00,SIN-Core-01,Cooling,Chiller Failure,Low,7,70,Travis Buckley
INC-14953,2023-01-25 21:00:00,LHR-Core-02,Power,Generator Failure,Low,8,120,Nicole Thompson
INC-14954,2023-01-14 09:00:00,FRA-Core-01,Network,Switch Failure,Critical,556,770616,Gordon Anderson
INC-14955,2023-06-03 07:00:00,SIN-Core-01,Power,PDU Overload,Low,11,0,David Kirk
INC-14956,2023-05-03 00:00:00,DXB-Edge-02,Environmental,Temperature Spike,Low,12,480,Robin Newman
INC-14957,2023-11-28 09:00:00,DXB-Core-01,Power,UPS Failure,Medium,26,3406,Michael Sellers
INC-14958,2023-09-29 19:00:00,SIN-Core-01,Network,Switch Failure,Low,9,306,Charles Spencer
INC-14959,2023-08-27 17:00:00,MUM-Zone-A,Power,PDU Overload,Low,19,874,Samantha West
INC-14960,2023-02-27 01:00:00,LHR-Core-02,Environmental,Water Leakage,Critical,367,1629113,Kimberly Hanson
INC-14961,2023-02-08 15:00:00,DXB-Core-01,Power,PDU Overload,Medium,40,7440,Amber Glenn
INC-14962,2023-02-09 12:00:00,MUM-Zone-A,Power,Generator Failure,Low,18,504,Brenda Mathews
INC-14963,2023-07-01 22:00:00,DXB-Edge-02,Power,PDU Overload,Low,13,403,Tammy Jones
INC-14964,2023-01-29 21:00:00,MUM-Zone-A,Network,Switch Failure,High,132,90948,John Parrish
INC-14965,2023-08-27 21:00:00,MUM-Zone-A,Cooling,Cooling Pump Failure,Low,17,629,Michael Whitehead
INC-14966,2023-06-13 18:00:00,FRA-Core-01,Network,Switch Failure,Critical,210,761250,Anthony May
INC-14967,2023-06-25 16:00:00,FRA-Core-01,Cooling,CRAC Failure,Medium,36,9972,Bryan Newman
INC-14968,2023-07-31 15:00:00,SIN-Core-01,Environmental,Temperature Spike,Low,8,32,Sarah Castro
INC-14969,2023-01-16 09:00:00,DXB-Core-01,Environmental,Temperature Spike,Low,12,336,Melanie Smith
INC-14970,2023-11-12 12:00:00,LHR-Core-02,Network,Fiber Cut,Low,11,77,Karen Gibson
INC-14971,2023-05-07 01:00:00,SIN-Core-01,Environmental,Temperature Spike,Low,15,360,Miranda Orozco
INC-14972,2023-02-15 12:00:00,DXB-Core-01,Network,Fiber Cut,Low,19,209,Christy Chapman
INC-14973,2023-08-23 01:00:00,DXB-Core-01,Network,Router Failure,Low,8,400,Seth Roberts
INC-14974,2023-01-21 12:00:00,LHR-Core-02,Network,Fiber Cut,Low,5,140,Christopher Patel
INC-14975,2023-10-14 18:00:00,MUM-Zone-A,Environmental,Water Leakage,Low,16,784,Miranda Avery
INC-14976,2023-11-23 15:00:00,DXB-Core-01,Network,Switch Failure,Medium,55,19085,Gregory Hoover
INC-14977,2023-08-30 09:00:00,MUM-Zone-A,Network,Router Failure,Low,5,215,Martin King
INC-14978,2023-05-30 00:00:00,DXB-Edge-02,Network,Switch Failure,Low,11,297,Thomas Freeman
INC-14979,2023-10-02 23:00:00,FRA-Core-01,Power,UPS Failure,Low,9,315,William Harris
INC-14980,2023-08-03 00:00:00,DXB-Core-01,Network,Switch Failure,Low,15,675,Sean Hayes
INC-14981,2023-04-26 04:00:00,LHR-Core-02,Network,Switch Failure,Medium,30,8490,Karen Carter
INC-14982,2023-10-27 15:00:00,DXB-Edge-02,Power,UPS Failure,High,111,77256,Collin Bailey
INC-14983,2023-09-13 16:00:00,FRA-Core-01,Cooling,CRAC Failure,Low,9,279,John Wilson
INC-14984,2024-01-01 00:00:00,LHR-Core-02,Cooling,CRAC Failure,Low,11,352,Lisa Hunt
INC-14985,2023-04-25 22:00:00,LHR-Core-02,Power,Generator Failure,Medium,24,5184,Patricia Hampton
INC-14986,2023-06-08 03:00:00,DXB-Core-01,Environmental,Temperature Spike,Medium,58,11542,James Lynch
INC-14987,2023-12-12 18:00:00,SIN-Core-01,Cooling,Chiller Failure,Low,10,290,Dawn Mendoza
INC-14988,2023-10-27 23:00:00,DXB-Core-01,Power,PDU Overload,Low,9,180,Julie Ruiz
INC-14989,2023-01-07 06:00:00,FRA-Core-01,Cooling,Chiller Failure,High,110,106150,Kyle Lawrence
INC-14990,2023-01-04 08:00:00,FRA-Core-01,Environmental,Water Leakage,Low,15,270,Tara Hubbard
INC-14991,2023-09-12 10:00:00,DXB-Edge-02,Environmental,Water Leakage,High,175,88200,Tammie Smith
INC-14992,2023-12-09 03:00:00,LHR-Core-02,Power,PDU Overload,Low,6,0,Elijah Melton
INC-14993,2023-08-19 03:00:00,LHR-Core-02,Power,PDU Overload,Low,15,720,James Malone
INC-14994,2023-09-04 05:00:00,SIN-Core-01,Power,PDU Overload,High,136,120496,Jared Barnett
INC-14995,2023-09-13 21:00:00,SIN-Core-01,Environmental,Temperature Spike,Low,5,95,Ashley Alvarado
INC-14996,2023-07-24 04:00:00,DXB-Core-01,Network,Router Failure,Low,15,120,Mark Lozano
INC-14997,2023-01-02 16:00:00,FRA-Core-01,Power,UPS Failure,Low,12,156,Henry Foster
INC-14998,2023-09-16 21:00:00,LHR-Core-02,Cooling,Chiller Failure,Low,16,544,Jennifer Anderson
INC-14999,2023-12-06 14:00:00,DXB-Core-01,Cooling,Cooling Pump Failure,Low,8,224,Jose Levine
