Maintenance_ID,Asset_ID,Maintenance_Type,Date,Cost_USD,Downtime_Minutes,Technician
MNT-5000,AST-1101,Reactive,2023-12-06,4221,166,Austin Gonzalez
MNT-5001,AST-1488,Preventive,2023-05-26,1762,2,Joshua Patel
MNT-5002,AST-1199,Predictive,2023-09-15,1802,26,Judith Guzman
MNT-5003,AST-1052,Reactive,2023-02-06,2714,66,Dr. Patricia Taylor
MNT-5004,AST-1156,Emergency,2023-06-13,2478,258,Julia Rogers
MNT-5005,AST-1484,Preventive,2023-03-06,785,28,Claudia Murphy
MNT-5006,AST-1413,Emergency,2023-06-17,14494,135,Rebecca Hurst
MNT-5007,AST-1066,Reactive,2023-11-13,11258,179,Brian Hale II
MNT-5008,AST-1451,Predictive,2023-05-16,1265,29,Jacob Howard
MNT-5009,AST-1206,Preventive,2023-09-10,1370,29,Julie Goodman
MNT-5010,AST-1384,Predictive,2023-08-12,1271,17,Sarah French
MNT-5011,AST-1340,Preventive,2023-07-20,947,40,Nicholas Griffin
MNT-5012,AST-1033,Predictive,2023-04-08,833,16,Austin Robles
MNT-5013,AST-1319,Reactive,2023-12-08,4726,105,Linda Rodriguez
MNT-5014,AST-1147,Predictive,2023-11-26,630,10,Mr. Evan Thomas
MNT-5015,AST-1368,Predictive,2023-01-25,867,29,Timothy Cisneros
MNT-5016,AST-1434,Preventive,2023-02-22,1229,44,Tiffany Brown
MNT-5017,AST-1017,Preventive,2023-09-19,584,9,Susan Buckley
MNT-5018,AST-1235,Reactive,2023-07-22,15000,103,Sharon Richardson
MNT-5019,AST-1453,Preventive,2023-06-07,750,34,Jonathan Erickson
MNT-5020,AST-1321,Reactive,2023-10-05,3978,125,Scott Wheeler
MNT-5021,AST-1054,Reactive,2023-11-05,2364,204,Steve Powell
MNT-5022,AST-1289,Preventive,2023-09-16,1567,42,Anthony Davis
MNT-5023,AST-1333,Predictive,2023-04-14,1562,16,Leah Davidson
MNT-5024,AST-1201,Predictive,2023-06-02,1196,24,Michael White
MNT-5025,AST-1162,Reactive,2023-04-14,8138,111,Aaron Wilson
MNT-5026,AST-1189,Reactive,2023-03-19,5475,297,David Jimenez
MNT-5027,AST-1112,Predictive,2023-06-07,818,33,Martha Garcia
MNT-5028,AST-1487,Preventive,2023-04-06,1386,44,Martin Lee
MNT-5029,AST-1319,Predictive,2023-07-24,1622,2,Julie Simpson
MNT-5030,AST-1084,Emergency,2023-09-08,8814,268,Jeremy Romero
MNT-5031,AST-1484,Preventive,2023-04-21,748,19,Julie Lopez
MNT-5032,AST-1163,Emergency,2023-06-14,11412,300,Curtis Daugherty
MNT-5033,AST-1093,Preventive,2023-09-07,1051,21,Melissa Carey
MNT-5034,AST-1434,Preventive,2023-09-09,1241,10,Jeffrey Moon
MNT-5035,AST-1217,Reactive,2023-11-26,6809,223,Daniel Marshall
MNT-5036,AST-1220,Preventive,2023-02-19,1776,10,Anthony Martinez
MNT-5037,AST-1013,Reactive,2023-10-22,4806,156,Cameron Riley
MNT-5038,AST-1383,Preventive,2023-02-09,1043,10,Christian Harper
MNT-5039,AST-1223,Preventive,2023-10-24,1107,16,Dawn Marshall
MNT-5040,AST-1081,Predictive,2023-09-18,1565,33,George Wilson
MNT-5041,AST-1049,Reactive,2023-05-17,9098,177,Jennifer Young
MNT-5042,AST-1046,Preventive,2023-07-12,1070,41,Jennifer Brown MD
MNT-5043,AST-1224,Emergency,2023-02-12,5541,256,Amy Strong
MNT-5044,AST-1097,Preventive,2023-08-22,1352,19,Melissa Hanson
MNT-5045,AST-1247,Predictive,2023-06-15,1304,33,Charlene Smith
MNT-5046,AST-1193,Reactive,2023-07-23,8507,181,Sarah Casey
MNT-5047,AST-1338,Predictive,2023-05-26,598,43,Austin Jones
MNT-5048,AST-1131,Reactive,2023-10-21,9970,178,Cheryl Mcdonald
MNT-5049,AST-1458,Preventive,2023-06-16,673,6,George Smith
MNT-5050,AST-1024,Reactive,2023-10-21,13052,289,Travis Hobbs
MNT-5051,AST-1320,Reactive,2023-11-18,7236,218,Jason Lewis
MNT-5052,AST-1416,Predictive,2023-03-12,1858,39,Joanne Hill
MNT-5053,AST-1264,Predictive,2023-05-20,714,7,Eugene Rodriguez
MNT-5054,AST-1445,Preventive,2023-06-01,1528,13,Thomas Gay
MNT-5055,AST-1380,Reactive,2023-06-19,11793,69,Aaron Coleman
MNT-5056,AST-1384,Preventive,2023-07-15,840,32,Stephanie Yang
MNT-5057,AST-1262,Preventive,2023-10-21,536,1,Stephanie Smith
MNT-5058,AST-1329,Predictive,2023-01-23,1989,17,Megan Lopez
MNT-5059,AST-1200,Reactive,2023-09-18,11946,229,Kylie Anderson
MNT-5060,AST-1086,Preventive,2023-11-26,1549,39,Andrea Cooke
MNT-5061,AST-1450,Emergency,2023-10-08,11112,83,Suzanne Morgan
MNT-5062,AST-1313,Preventive,2023-01-27,941,31,Sherry Martin DDS
MNT-5063,AST-1468,Reactive,2023-06-23,3324,130,Jill Murphy
MNT-5064,AST-1318,Reactive,2023-03-31,12657,221,Jeremiah Sutton
MNT-5065,AST-1336,Reactive,2023-02-01,6458,67,Alisha Jones
MNT-5066,AST-1127,Emergency,2023-11-06,2266,134,John Copeland
MNT-5067,AST-1030,Preventive,2023-11-26,1282,38,Michael Brown
MNT-5068,AST-1094,Emergency,2023-06-09,5528,164,William Carter
MNT-5069,AST-1317,Reactive,2023-04-17,12095,183,Robert Rodriguez
MNT-5070,AST-1032,Predictive,2023-08-24,1187,28,Alexis Gregory
MNT-5071,AST-1077,Preventive,2023-03-14,1172,4,Sharon Wallace
MNT-5072,AST-1170,Preventive,2023-03-14,1521,44,Jeremy Walsh DDS
MNT-5073,AST-1406,Reactive,2023-01-26,4821,182,Donald Conway
MNT-5074,AST-1404,Preventive,2023-09-10,1333,7,Dr. Shannon Hardy
MNT-5075,AST-1364,Preventive,2023-11-12,1886,39,Michael Smith
MNT-5076,AST-1134,Preventive,2023-02-21,1705,34,Jose Roberts
MNT-5077,AST-1155,Reactive,2023-12-17,8021,149,Lisa Flowers
MNT-5078,AST-1419,Predictive,2023-08-16,1065,31,Mr. Ryan Smith
MNT-5079,AST-1219,Preventive,2023-02-19,1852,39,Tony Williams
MNT-5080,AST-1265,Preventive,2023-04-17,1468,10,Shelley Velazquez
MNT-5081,AST-1162,Preventive,2023-09-07,1707,0,Vincent Williams
MNT-5082,AST-1215,Reactive,2023-09-24,6290,146,Jorge Bryant
MNT-5083,AST-1268,Reactive,2023-07-13,3494,122,Angela Diaz
MNT-5084,AST-1175,Reactive,2023-03-15,6327,157,Joseph Johnson
MNT-5085,AST-1490,Predictive,2023-04-25,1251,14,Joshua Miller
MNT-5086,AST-1025,Predictive,2023-06-06,1766,20,James Wilson
MNT-5087,AST-1114,Preventive,2023-02-18,1025,24,Jennifer Allen
MNT-5088,AST-1468,Preventive,2023-08-17,1557,24,Jessica Roberts
MNT-5089,AST-1322,Reactive,2023-06-21,9971,211,Michael Foster
MNT-5090,AST-1211,Reactive,2023-01-21,14407,271,Lawrence Schultz
MNT-5091,AST-1089,Preventive,2023-05-31,812,30,Christopher Michael
MNT-5092,AST-1026,Reactive,2023-12-09,8126,70,James Adams
MNT-5093,AST-1452,Predictive,2023-09-11,1171,18,Joshua Anderson
MNT-5094,AST-1024,Preventive,2023-09-23,1908,38,Gabriela Acosta
MNT-5095,AST-1450,Reactive,2023-07-07,8714,244,Michael Richardson
MNT-5096,AST-1099,Preventive,2023-10-02,561,10,Cathy Simon
MNT-5097,AST-1038,Predictive,2023-08-05,555,17,Peter Mccoy
MNT-5098,AST-1083,Reactive,2023-03-22,5324,266,Alexandria Washington
MNT-5099,AST-1452,Emergency,2023-04-16,8171,152,Mary Lindsey
MNT-5100,AST-1455,Emergency,2023-05-30,14972,90,Kayla Francis
MNT-5101,AST-1152,Emergency,2023-12-04,9042,157,Jacob Francis
MNT-5102,AST-1032,Predictive,2023-01-14,1099,14,Jennifer Padilla
MNT-5103,AST-1298,Predictive,2023-04-21,1336,22,Kevin Ritter
MNT-5104,AST-1094,Preventive,2023-12-14,898,30,Devin Baldwin
MNT-5105,AST-1324,Preventive,2023-07-03,1103,33,Erin Burton
MNT-5106,AST-1298,Reactive,2023-05-15,12770,249,Kelly Camacho
MNT-5107,AST-1253,Emergency,2023-10-18,14436,280,Brandy Simpson
MNT-5108,AST-1239,Predictive,2023-07-14,1963,19,Katie Gamble
MNT-5109,AST-1454,Preventive,2023-02-21,1058,35,Wendy Simmons
MNT-5110,AST-1193,Reactive,2023-12-30,11730,193,Kelsey Kaufman
MNT-5111,AST-1255,Predictive,2023-11-30,1911,20,Harold Rivera
MNT-5112,AST-1227,Emergency,2023-12-26,14348,232,Catherine Levine
MNT-5113,AST-1213,Predictive,2023-11-10,1426,32,Nicole Andrews
MNT-5114,AST-1017,Preventive,2023-07-15,664,44,Mr. Antonio Lopez
MNT-5115,AST-1217,Preventive,2023-05-28,1055,40,Clifford Kim
MNT-5116,AST-1022,Reactive,2023-11-11,7131,83,Brandon Evans
MNT-5117,AST-1398,Reactive,2023-09-20,6833,128,Nicholas Alexander
MNT-5118,AST-1300,Reactive,2023-05-22,7261,194,Angel Jones
MNT-5119,AST-1148,Preventive,2023-05-04,858,30,Amber Smith
MNT-5120,AST-1366,Reactive,2023-09-15,14374,262,Allen Wright
MNT-5121,AST-1430,Preventive,2023-07-31,1483,33,Nicholas Johnson
MNT-5122,AST-1020,Preventive,2023-07-05,806,10,Dale Spencer
MNT-5123,AST-1010,Reactive,2023-12-06,4413,67,Mr. John Thompson DDS
MNT-5124,AST-1277,Emergency,2023-04-22,10924,167,Beth Medina
MNT-5125,AST-1327,Preventive,2023-12-05,1832,3,Mrs. Jean Brown DVM
MNT-5126,AST-1270,Predictive,2023-07-30,1273,17,Mary Johnson
MNT-5127,AST-1108,Preventive,2023-01-25,764,12,Andrew Hart
MNT-5128,AST-1367,Preventive,2023-03-02,1636,27,Rhonda Rodriguez
MNT-5129,AST-1158,Emergency,2023-02-26,12395,169,Julie Ibarra
MNT-5130,AST-1078,Emergency,2023-07-16,11553,201,Sara Peterson
MNT-5131,AST-1076,Preventive,2023-07-14,1756,39,Deborah Trujillo
MNT-5132,AST-1432,Reactive,2023-08-06,7050,70,Toni Goodman
MNT-5133,AST-1490,Reactive,2023-06-11,12377,180,Alyssa Johnson DDS
MNT-5134,AST-1464,Preventive,2023-11-21,1786,35,Lori Fields
MNT-5135,AST-1117,Preventive,2023-07-10,1868,32,Daniel Marshall
MNT-5136,AST-1379,Emergency,2023-01-29,2892,108,Michael Harris
MNT-5137,AST-1322,Reactive,2023-03-05,10110,93,David Peterson
MNT-5138,AST-1289,Reactive,2023-08-17,11766,103,Garrett Taylor
MNT-5139,AST-1283,Preventive,2023-08-13,956,0,Samantha Shea
MNT-5140,AST-1164,Preventive,2023-11-08,1556,7,Bryan Armstrong
MNT-5141,AST-1243,Emergency,2023-05-06,6885,230,Scott Webb
MNT-5142,AST-1071,Predictive,2023-07-12,1423,20,Michael Yang
MNT-5143,AST-1276,Predictive,2023-11-14,1112,19,John Rodriguez
MNT-5144,AST-1299,Preventive,2023-11-22,1473,21,Devon Wells
MNT-5145,AST-1253,Preventive,2023-11-15,681,38,Bryan Lynch
MNT-5146,AST-1081,Reactive,2023-04-11,11064,79,Jody Pratt
MNT-5147,AST-1491,Reactive,2023-06-11,3817,89,Vanessa Nguyen
MNT-5148,AST-1153,Preventive,2023-11-09,726,34,Steven Snyder
MNT-5149,AST-1299,Emergency,2023-09-23,9312,79,Mitchell Cooper
MNT-5150,AST-1252,Preventive,2023-12-30,1024,27,Jessica Collins
MNT-5151,AST-1068,Emergency,2023-01-25,10866,84,Jenna Jackson
MNT-5152,AST-1399,Reactive,2023-08-17,7150,125,Margaret Russell
MNT-5153,AST-1126,Emergency,2023-07-08,2533,189,Aaron Ryan MD
MNT-5154,AST-1108,Predictive,2023-09-29,858,1,Danielle Davis
MNT-5155,AST-1306,Preventive,2023-03-26,772,35,Anne Huynh
MNT-5156,AST-1142,Preventive,2023-01-07,1249,12,Maria Wells
MNT-5157,AST-1315,Predictive,2023-07-15,533,18,Natalie Murphy
MNT-5158,AST-1025,Preventive,2023-05-11,1206,13,Lauren Francis
MNT-5159,AST-1215,Preventive,2023-01-02,785,4,Julie Bradley
MNT-5160,AST-1387,Preventive,2023-05-07,976,38,Travis Parker
MNT-5161,AST-1425,Predictive,2023-08-14,705,9,Brenda Walker
MNT-5162,AST-1327,Preventive,2023-08-05,1730,11,Brittany Lee
MNT-5163,AST-1167,Reactive,2023-11-27,12295,169,Heather Eaton
MNT-5164,AST-1213,Preventive,2023-11-22,673,18,Sarah Brown
MNT-5165,AST-1271,Preventive,2023-06-22,1087,19,Sonya Blanchard
MNT-5166,AST-1377,Preventive,2023-08-06,1439,28,Tina Shelton DDS
MNT-5167,AST-1080,Emergency,2023-11-08,11117,68,Dominique Baldwin
MNT-5168,AST-1069,Emergency,2023-08-27,5566,200,Sarah George
MNT-5169,AST-1044,Preventive,2023-04-02,1522,42,Amy Gomez
MNT-5170,AST-1371,Reactive,2023-10-24,11249,62,Emily Horton
MNT-5171,AST-1203,Reactive,2023-04-15,8851,295,Vernon Alexander
MNT-5172,AST-1030,Preventive,2023-11-17,613,30,Amanda Durham DDS
MNT-5173,AST-1292,Preventive,2023-05-15,1092,16,Laura Mann
MNT-5174,AST-1358,Predictive,2023-09-10,701,23,Brett Wilson DDS
MNT-5175,AST-1252,Reactive,2023-10-20,14938,84,Angela Rivera
MNT-5176,AST-1105,Preventive,2023-03-20,1833,33,Rebecca Gregory
MNT-5177,AST-1201,Predictive,2023-11-06,1387,31,Lauren Aguirre
MNT-5178,AST-1013,Predictive,2023-11-16,1859,41,Eric Williams
MNT-5179,AST-1177,Predictive,2023-01-25,970,23,Joseph Avila
MNT-5180,AST-1139,Emergency,2023-01-25,9201,233,Matthew Stout
MNT-5181,AST-1138,Reactive,2023-05-11,9530,127,Frank Hansen
MNT-5182,AST-1090,Preventive,2023-04-03,1896,35,Jeffrey Anderson
MNT-5183,AST-1213,Preventive,2023-07-15,836,33,Michelle Soto
MNT-5184,AST-1368,Preventive,2023-07-04,550,28,Roberta Woods DDS
MNT-5185,AST-1227,Preventive,2023-09-02,1421,13,Rachel Buckley
MNT-5186,AST-1072,Preventive,2023-05-18,867,7,Kelly Franco
MNT-5187,AST-1320,Predictive,2023-05-18,1167,34,Annette Cooper
MNT-5188,AST-1049,Predictive,2023-04-18,519,14,Haley Olsen
MNT-5189,AST-1395,Predictive,2023-07-06,1507,6,Gabriel Jones
MNT-5190,AST-1458,Reactive,2023-05-22,13673,250,Jonathan Mccoy
MNT-5191,AST-1234,Preventive,2023-12-11,1226,41,Rebecca Roy
MNT-5192,AST-1003,Preventive,2023-07-04,1483,23,Rebecca Jackson
MNT-5193,AST-1278,Preventive,2023-12-08,905,4,Michael Campos
MNT-5194,AST-1480,Reactive,2023-11-06,10481,203,Joseph Jordan
MNT-5195,AST-1109,Emergency,2023-08-09,5730,274,Betty Diaz
MNT-5196,AST-1396,Predictive,2023-05-23,1755,44,Adam Lopez
MNT-5197,AST-1323,Emergency,2023-03-23,2551,150,Cynthia Miller
MNT-5198,AST-1356,Preventive,2023-12-27,1793,27,Chloe Riley
MNT-5199,AST-1205,Preventive,2023-09-30,1036,33,David Gonzalez
MNT-5200,AST-1267,Preventive,2023-06-17,1223,41,Kimberly Hall
MNT-5201,AST-1190,Reactive,2023-12-02,4670,196,Tracy Sandoval
MNT-5202,AST-1346,Reactive,2023-11-11,9164,298,Vickie Daniel
MNT-5203,AST-1262,Emergency,2023-08-17,2519,275,Anthony Vargas
MNT-5204,AST-1023,Reactive,2023-04-30,11027,118,Ruth Jackson
MNT-5205,AST-1473,Preventive,2023-10-15,1095,31,Mrs. Sue Anderson
MNT-5206,AST-1407,Preventive,2023-08-19,1137,38,Shane Garcia
MNT-5207,AST-1106,Reactive,2023-04-03,10374,227,Brittany King
MNT-5208,AST-1232,Reactive,2023-02-11,12014,111,Patricia Douglas
MNT-5209,AST-1319,Predictive,2023-05-11,520,3,Carla Bush
MNT-5210,AST-1486,Predictive,2023-01-04,1187,38,Michele Larson
MNT-5211,AST-1037,Reactive,2023-08-30,13391,95,Melissa Joseph
MNT-5212,AST-1431,Predictive,2023-08-24,1879,19,Cheryl May
MNT-5213,AST-1401,Reactive,2023-07-04,11305,228,Ryan Price
MNT-5214,AST-1087,Reactive,2023-07-08,6722,197,Henry Vaughn
MNT-5215,AST-1389,Preventive,2023-12-12,1155,42,Natalie Hamilton
MNT-5216,AST-1155,Predictive,2023-06-14,1399,15,Tina Rasmussen
MNT-5217,AST-1056,Preventive,2023-03-25,1502,20,Michael Harrison
MNT-5218,AST-1305,Predictive,2023-03-07,842,19,Jonathan Mills
MNT-5219,AST-1484,Preventive,2023-01-14,1074,29,Robert Chavez
MNT-5220,AST-1310,Preventive,2023-10-05,1586,0,Ashley King
MNT-5221,AST-1280,Emergency,2023-02-26,10694,106,Mark Miller
MNT-5222,AST-1288,Preventive,2023-10-04,776,5,Andrew Richardson
MNT-5223,AST-1341,Preventive,2023-06-27,1546,0,Michael Hess
MNT-5224,AST-1342,Emergency,2023-05-02,7118,161,Hailey Diaz
MNT-5225,AST-1324,Reactive,2023-04-28,7597,159,Amy Ortiz
MNT-5226,AST-1177,Preventive,2023-07-24,1534,16,Carlos Mcclain
MNT-5227,AST-1367,Reactive,2023-03-03,4461,95,Kevin Frye
MNT-5228,AST-1322,Predictive,2023-01-01,1940,12,Oscar Chambers
MNT-5229,AST-1111,Preventive,2023-08-29,1546,37,Amanda Washington
MNT-5230,AST-1184,Preventive,2023-08-27,1774,31,Bryan Barnes
MNT-5231,AST-1300,Predictive,2023-06-24,1174,24,Mr. Craig Cowan
MNT-5232,AST-1389,Preventive,2023-09-23,998,45,Sarah Spencer
MNT-5233,AST-1102,Reactive,2023-11-11,11193,121,Lori Norton
MNT-5234,AST-1351,Reactive,2023-07-06,6946,173,Christopher Gay
MNT-5235,AST-1035,Preventive,2023-04-24,1312,7,Shannon Schultz
MNT-5236,AST-1343,Predictive,2023-06-01,773,33,Jacob Webb
MNT-5237,AST-1222,Predictive,2023-03-16,1132,2,Michael Barajas MD
MNT-5238,AST-1070,Predictive,2023-09-16,616,13,Jane Lowe
MNT-5239,AST-1386,Predictive,2023-09-17,1036,31,Victor Smith
MNT-5240,AST-1006,Preventive,2023-07-13,1381,43,Megan Hicks
MNT-5241,AST-1352,Preventive,2023-01-08,1040,26,Jessica Gilbert
MNT-5242,AST-1177,Reactive,2023-06-22,9767,284,Lee Rice
MNT-5243,AST-1311,Preventive,2023-06-02,758,23,Jeremy Smith
MNT-5244,AST-1193,Preventive,2023-02-06,1420,22,Jessica Reed
MNT-5245,AST-1466,Preventive,2023-11-03,943,13,Jennifer Parker
MNT-5246,AST-1447,Predictive,2023-07-22,1373,5,Philip White
MNT-5247,AST-1246,Preventive,2023-03-12,1071,22,Dr. Denise Young
MNT-5248,AST-1268,Preventive,2023-09-30,1381,24,Pamela Herrera
MNT-5249,AST-1287,Reactive,2023-03-20,10605,269,Haley Simpson
MNT-5250,AST-1005,Preventive,2023-06-30,556,44,Nancy Garcia
MNT-5251,AST-1071,Preventive,2023-10-27,1319,41,Andrew Harper
MNT-5252,AST-1288,Emergency,2023-04-02,14068,191,Sarah Vincent
MNT-5253,AST-1128,Preventive,2023-09-02,713,32,Taylor Gibson
MNT-5254,AST-1020,Preventive,2023-04-13,1242,32,Johnny Richards
MNT-5255,AST-1126,Preventive,2023-03-08,1593,33,Cody Miller
MNT-5256,AST-1488,Reactive,2023-10-10,6153,83,Matthew Parrish
MNT-5257,AST-1361,Reactive,2023-03-22,3550,284,Robert Blackwell
MNT-5258,AST-1025,Preventive,2023-10-17,1207,24,Juan Flores
MNT-5259,AST-1461,Emergency,2023-03-15,5311,137,Richard Johnson
MNT-5260,AST-1375,Reactive,2023-04-24,13238,148,William Thomas
MNT-5261,AST-1360,Predictive,2023-09-14,1540,21,Stacy Parrish
MNT-5262,AST-1409,Preventive,2023-07-11,1017,5,William Evans
MNT-5263,AST-1246,Preventive,2023-02-10,1246,2,Steven Williams
MNT-5264,AST-1398,Reactive,2023-01-30,10751,63,Danielle Miller
MNT-5265,AST-1489,Preventive,2023-09-17,1808,14,Gary Mason
MNT-5266,AST-1177,Preventive,2023-10-22,1445,44,Linda Ray
MNT-5267,AST-1083,Emergency,2023-06-04,13257,170,Joshua Russell
MNT-5268,AST-1295,Reactive,2023-12-05,7800,236,Matthew Peters
MNT-5269,AST-1363,Preventive,2023-07-18,676,0,Michael Kent
MNT-5270,AST-1363,Preventive,2023-09-13,1675,42,Karen Mccoy
MNT-5271,AST-1211,Preventive,2023-08-10,1034,42,Katherine Simpson
MNT-5272,AST-1172,Preventive,2023-01-28,849,1,Joseph Lee
MNT-5273,AST-1394,Predictive,2023-06-21,630,30,Brian Caldwell
MNT-5274,AST-1267,Predictive,2023-06-07,923,41,Lisa Rivera
MNT-5275,AST-1215,Preventive,2023-03-13,1324,28,Cheryl Martin
MNT-5276,AST-1490,Preventive,2023-03-17,1590,35,Valerie Dawson
MNT-5277,AST-1026,Reactive,2023-02-09,11073,208,Stacey Kirk
MNT-5278,AST-1245,Emergency,2023-02-27,11964,220,Mr. Michael Grimes DDS
MNT-5279,AST-1304,Preventive,2023-11-19,922,26,Tracey Melton
MNT-5280,AST-1089,Reactive,2023-04-03,4176,261,Travis Rojas
MNT-5281,AST-1244,Preventive,2023-05-05,1686,8,Patricia Moore
MNT-5282,AST-1305,Predictive,2023-07-30,1244,40,George Sanders
MNT-5283,AST-1470,Preventive,2023-05-12,1662,41,Bryan Dixon
MNT-5284,AST-1434,Reactive,2023-04-04,3386,183,Timothy Perkins
MNT-5285,AST-1125,Reactive,2023-09-09,7741,191,Jenna Meadows
MNT-5286,AST-1009,Preventive,2023-06-18,1491,11,Lacey White
MNT-5287,AST-1432,Reactive,2023-01-15,13816,201,Samuel Thomas
MNT-5288,AST-1261,Preventive,2023-04-12,1925,2,Joel Miller
MNT-5289,AST-1140,Preventive,2023-07-01,908,15,Krista Pope
MNT-5290,AST-1180,Reactive,2023-07-13,9783,229,Joseph Baker
MNT-5291,AST-1267,Preventive,2023-12-27,1981,23,Jeffrey Reyes
MNT-5292,AST-1434,Preventive,2023-04-03,1066,33,Nicole Black
MNT-5293,AST-1415,Predictive,2023-05-10,770,0,Tyler Turner
MNT-5294,AST-1156,Reactive,2023-09-21,9252,143,Brad Lester
MNT-5295,AST-1266,Predictive,2023-07-23,658,7,Sandra Kline
MNT-5296,AST-1193,Reactive,2023-11-28,4139,65,Mrs. Sandra Lynch
MNT-5297,AST-1328,Preventive,2023-10-19,1179,28,Jerry Norman
MNT-5298,AST-1386,Reactive,2023-06-14,7249,280,Brian Erickson
MNT-5299,AST-1228,Predictive,2023-11-29,642,37,Jessica Walker
MNT-5300,AST-1148,Predictive,2023-08-27,1723,36,Robert Baker
MNT-5301,AST-1308,Preventive,2023-04-23,1310,21,Michelle Dixon
MNT-5302,AST-1497,Reactive,2023-02-11,8802,284,James Spencer
MNT-5303,AST-1420,Reactive,2023-10-26,14328,221,William Harding
MNT-5304,AST-1001,Preventive,2023-05-18,689,14,John Stewart
MNT-5305,AST-1403,Emergency,2023-03-04,12973,201,Jesus Gray
MNT-5306,AST-1104,Predictive,2023-07-30,1857,6,Amanda Calhoun
MNT-5307,AST-1484,Preventive,2023-12-04,804,29,Alexandra Young
MNT-5308,AST-1037,Reactive,2023-09-13,12281,222,Mr. Brian Mcgee II
MNT-5309,AST-1002,Preventive,2023-02-23,724,38,Sydney Sanchez
MNT-5310,AST-1362,Predictive,2023-07-01,1138,45,Marc Mckinney
MNT-5311,AST-1276,Preventive,2023-03-04,1112,4,Cindy Perez
MNT-5312,AST-1342,Preventive,2023-10-13,1335,19,Hannah Valdez
MNT-5313,AST-1288,Preventive,2023-06-27,1776,41,Richard Cochran
MNT-5314,AST-1330,Reactive,2023-12-14,5378,155,Abigail Nichols
MNT-5315,AST-1078,Preventive,2023-10-21,1412,14,James Hernandez
MNT-5316,AST-1068,Reactive,2023-12-10,8162,158,Robin Davis
MNT-5317,AST-1299,Preventive,2023-10-26,1599,45,Shawn Johnson
MNT-5318,AST-1422,Reactive,2023-04-18,12515,227,Henry Macdonald
MNT-5319,AST-1245,Reactive,2023-04-21,3901,289,Patricia Nelson
MNT-5320,AST-1478,Predictive,2023-04-09,1590,18,Nicholas Thomas
MNT-5321,AST-1415,Preventive,2023-12-28,1701,23,Michael Morse
MNT-5322,AST-1338,Preventive,2023-01-14,1257,44,Matthew Morales
MNT-5323,AST-1223,Preventive,2023-05-23,1127,11,Brenda Jacobs
MNT-5324,AST-1468,Preventive,2023-05-05,785,17,Wesley Walter
MNT-5325,AST-1408,Reactive,2023-12-05,11962,162,Joseph Vance
MNT-5326,AST-1208,Emergency,2023-06-01,14947,174,Mary Crosby
MNT-5327,AST-1470,Preventive,2023-04-09,1598,42,Travis Watson
MNT-5328,AST-1496,Preventive,2023-11-22,671,35,Melissa Mcclure
MNT-5329,AST-1364,Predictive,2023-09-25,1834,28,Vanessa Hutchinson
MNT-5330,AST-1480,Reactive,2023-02-18,8739,271,David Brady MD
MNT-5331,AST-1352,Preventive,2023-10-27,881,20,Rhonda Kirk
MNT-5332,AST-1018,Emergency,2023-01-01,6637,121,Samuel Graves
MNT-5333,AST-1371,Preventive,2023-04-20,879,38,Mackenzie Roberts
MNT-5334,AST-1457,Reactive,2023-11-09,5670,284,Daniel Morris
MNT-5335,AST-1177,Reactive,2023-11-14,10579,294,Casey Diaz
MNT-5336,AST-1340,Preventive,2023-01-17,684,10,Sarah Greer
MNT-5337,AST-1102,Predictive,2023-11-25,1188,36,Brandon Conley
MNT-5338,AST-1108,Preventive,2023-05-05,1233,27,Bonnie Ford
MNT-5339,AST-1439,Preventive,2023-09-12,1202,7,Jonathan Garcia
MNT-5340,AST-1223,Emergency,2023-05-19,2274,232,Kyle Jenkins
MNT-5341,AST-1440,Emergency,2023-05-15,2604,299,Terri Coleman
MNT-5342,AST-1075,Reactive,2023-04-15,11006,286,Clifford Scott
MNT-5343,AST-1332,Reactive,2023-10-09,2161,94,Mrs. Alexandria Sanders
MNT-5344,AST-1197,Predictive,2023-09-03,1162,36,Paige Sloan
MNT-5345,AST-1457,Predictive,2023-10-01,678,19,James Day
MNT-5346,AST-1429,Preventive,2023-05-07,1063,0,Amanda Lewis
MNT-5347,AST-1198,Predictive,2023-07-13,1395,34,Sheryl Cole
MNT-5348,AST-1496,Predictive,2023-03-29,1317,0,Jim Gates
MNT-5349,AST-1207,Preventive,2023-02-06,1151,20,Shannon Reeves
MNT-5350,AST-1156,Preventive,2023-03-27,1511,7,Miss Margaret Patel
MNT-5351,AST-1150,Reactive,2023-03-09,7888,180,Michael Castillo
MNT-5352,AST-1076,Preventive,2023-08-03,1776,35,Brittany Mckay
MNT-5353,AST-1346,Emergency,2023-06-08,3520,240,Amanda Blake
MNT-5354,AST-1332,Reactive,2023-12-03,11947,80,Michael Smith
MNT-5355,AST-1146,Preventive,2023-06-26,840,21,Samantha Oconnell
MNT-5356,AST-1369,Preventive,2023-08-16,882,18,Kara Macdonald DVM
MNT-5357,AST-1100,Reactive,2023-09-24,14346,130,Jennifer Smith
MNT-5358,AST-1112,Predictive,2023-06-04,1165,9,Billy Wright
MNT-5359,AST-1078,Reactive,2023-11-11,2186,159,Samantha Mann
MNT-5360,AST-1189,Reactive,2023-08-01,5863,262,Christine Byrd
MNT-5361,AST-1392,Predictive,2023-04-09,664,17,Susan White
MNT-5362,AST-1126,Preventive,2023-08-26,1542,40,Wesley Smith
MNT-5363,AST-1238,Reactive,2024-01-01,13393,112,Mr. Eric Anderson
MNT-5364,AST-1094,Preventive,2023-08-05,1588,1,Courtney Benton
MNT-5365,AST-1369,Emergency,2023-08-23,10669,83,Kimberly Hansen
MNT-5366,AST-1070,Predictive,2023-03-09,1583,43,Trevor Silva DVM
MNT-5367,AST-1167,Predictive,2023-08-17,1008,7,Jennifer Reyes
MNT-5368,AST-1373,Preventive,2023-01-26,676,28,Jeremiah Snyder
MNT-5369,AST-1413,Preventive,2023-06-05,685,24,Matthew Johnson
MNT-5370,AST-1127,Emergency,2023-10-23,9800,119,Michael Parker
MNT-5371,AST-1291,Preventive,2023-10-15,1800,29,Lindsey Evans
MNT-5372,AST-1473,Reactive,2023-01-09,7314,175,Laura Scott
MNT-5373,AST-1058,Predictive,2023-06-19,768,37,Mary Allen
MNT-5374,AST-1255,Preventive,2023-09-09,1409,20,Kenneth Howard
MNT-5375,AST-1207,Preventive,2023-02-15,567,5,Mr. Daniel Gray
MNT-5376,AST-1132,Reactive,2023-04-11,6451,132,Andrea Barton
MNT-5377,AST-1248,Reactive,2023-02-22,12419,193,Edward Green
MNT-5378,AST-1071,Reactive,2023-01-02,8294,73,Debra Moore
MNT-5379,AST-1030,Reactive,2023-02-26,5007,183,Mary Espinoza
MNT-5380,AST-1303,Preventive,2023-11-12,1097,8,Amanda Smith
MNT-5381,AST-1074,Preventive,2023-12-11,910,16,Jacob Smith
MNT-5382,AST-1465,Emergency,2023-11-03,5558,145,Bradley Rivera
MNT-5383,AST-1341,Predictive,2023-06-11,1476,31,Samantha Lane
MNT-5384,AST-1413,Predictive,2023-12-15,1037,24,Lisa Foster
MNT-5385,AST-1455,Reactive,2023-04-05,3189,187,Anna Mccormick
MNT-5386,AST-1243,Reactive,2023-12-08,8662,186,Nicole Pham
MNT-5387,AST-1098,Emergency,2023-06-04,5390,88,Leslie White
MNT-5388,AST-1126,Preventive,2023-06-20,979,37,Isaiah Hansen MD
MNT-5389,AST-1336,Predictive,2023-11-05,1270,9,Melissa Berry
MNT-5390,AST-1496,Reactive,2023-10-09,14279,85,Ryan Ferguson
MNT-5391,AST-1119,Reactive,2023-11-09,11337,72,Kristi Summers
MNT-5392,AST-1252,Preventive,2023-12-26,1669,19,Jill Love
MNT-5393,AST-1109,Preventive,2023-11-10,1929,28,Rebecca Hubbard
MNT-5394,AST-1073,Reactive,2023-12-20,4424,275,Seth Sanders
MNT-5395,AST-1056,Predictive,2023-08-25,1715,29,Alexandra Ray
MNT-5396,AST-1181,Preventive,2023-02-14,1210,43,Michelle Yang
MNT-5397,AST-1368,Reactive,2023-11-30,4907,153,Cindy Cruz
MNT-5398,AST-1452,Reactive,2023-05-16,4774,279,Aaron Ellis
MNT-5399,AST-1059,Preventive,2023-04-15,1267,11,Christopher Smith
MNT-5400,AST-1400,Preventive,2023-05-05,1445,43,Stephanie Banks
MNT-5401,AST-1439,Preventive,2023-04-23,554,9,Robert Ramos
MNT-5402,AST-1302,Preventive,2023-08-05,1572,26,Paul Smith
MNT-5403,AST-1456,Predictive,2023-03-07,601,21,Jose Torres
MNT-5404,AST-1372,Emergency,2023-09-28,4156,212,Jeffrey Farmer
MNT-5405,AST-1107,Preventive,2023-06-11,1124,7,Angel Castaneda
MNT-5406,AST-1114,Reactive,2023-09-03,13788,127,Mary Mcpherson
MNT-5407,AST-1060,Reactive,2023-04-24,8262,106,William Bryant
MNT-5408,AST-1391,Preventive,2023-03-18,1290,38,Casey Baldwin
MNT-5409,AST-1092,Predictive,2023-07-12,1345,11,Jesse Sanders
MNT-5410,AST-1025,Predictive,2023-12-23,738,45,Charles Barnes
MNT-5411,AST-1464,Preventive,2023-10-03,889,38,Alicia Bernard
MNT-5412,AST-1057,Preventive,2023-05-12,1090,26,Dakota Ross
MNT-5413,AST-1143,Preventive,2023-09-19,598,17,Thomas Thompson
MNT-5414,AST-1496,Predictive,2023-06-13,804,30,Jessica Martin
MNT-5415,AST-1241,Preventive,2023-06-08,624,20,James Taylor
MNT-5416,AST-1406,Preventive,2023-11-13,1653,3,Timothy Horton
MNT-5417,AST-1195,Predictive,2023-10-16,770,1,Jeffery Oneal
MNT-5418,AST-1225,Predictive,2023-11-04,1364,41,Curtis Delgado
MNT-5419,AST-1047,Emergency,2023-01-06,3533,243,Stacy Holloway
MNT-5420,AST-1339,Preventive,2023-10-27,916,1,Brenda Moreno
MNT-5421,AST-1263,Preventive,2023-05-15,1345,24,John Lopez
MNT-5422,AST-1466,Preventive,2023-11-02,1944,2,Danny Cervantes
MNT-5423,AST-1426,Predictive,2023-10-10,1806,28,Kathryn Daniels
MNT-5424,AST-1375,Preventive,2023-02-23,1742,17,Michael Barnes
MNT-5425,AST-1181,Preventive,2023-08-04,711,29,Teresa Brown
MNT-5426,AST-1003,Reactive,2023-06-12,3435,89,Christy Taylor
MNT-5427,AST-1037,Preventive,2023-01-18,1207,11,Donald Ryan
MNT-5428,AST-1184,Reactive,2023-07-29,3227,251,Christopher Anderson
MNT-5429,AST-1194,Preventive,2023-08-11,1748,1,Scott Love
MNT-5430,AST-1110,Reactive,2023-02-22,14524,173,John Ramirez
MNT-5431,AST-1405,Reactive,2023-12-02,11615,133,Andrew Barry
MNT-5432,AST-1428,Emergency,2023-08-10,8181,234,Angela Cooper
MNT-5433,AST-1083,Predictive,2023-10-25,1677,17,Phillip Hall
MNT-5434,AST-1348,Emergency,2023-02-16,11928,273,Richard Young
MNT-5435,AST-1261,Reactive,2023-11-06,10892,248,Bradley Martinez
MNT-5436,AST-1072,Reactive,2023-07-25,5530,224,Dominique Miller
MNT-5437,AST-1468,Reactive,2023-02-24,12010,216,Christopher Mosley
MNT-5438,AST-1067,Preventive,2023-08-31,1651,39,Tara Whitehead
MNT-5439,AST-1220,Emergency,2023-12-10,4131,118,Kathryn Vang
MNT-5440,AST-1181,Preventive,2023-05-12,814,31,Andrea Hall
MNT-5441,AST-1366,Predictive,2023-08-17,1746,7,James Nguyen
MNT-5442,AST-1457,Emergency,2023-10-13,13585,95,Stacey Robinson
MNT-5443,AST-1478,Reactive,2023-06-04,7288,211,Juan Williams
MNT-5444,AST-1170,Reactive,2023-06-28,7362,133,Kristen Armstrong
MNT-5445,AST-1495,Preventive,2023-02-04,1697,41,Leslie Jimenez
MNT-5446,AST-1007,Preventive,2023-01-16,755,35,Scott Bradley
MNT-5447,AST-1226,Predictive,2023-06-28,1660,4,Jeremy Cervantes
MNT-5448,AST-1240,Emergency,2023-10-30,12538,150,Carolyn Morrison
MNT-5449,AST-1230,Preventive,2023-07-21,1551,31,Valerie Martin
MNT-5450,AST-1233,Preventive,2023-04-10,1907,45,Brandon Murphy
MNT-5451,AST-1483,Predictive,2023-07-21,888,15,Joseph Coleman
MNT-5452,AST-1399,Predictive,2023-08-31,1616,5,Kenneth Porter
MNT-5453,AST-1371,Emergency,2023-02-26,9915,258,Eric Turner
MNT-5454,AST-1028,Reactive,2023-08-16,5725,61,Tracy Baker
MNT-5455,AST-1071,Reactive,2023-11-11,6933,67,Ashley Estes
MNT-5456,AST-1358,Emergency,2023-08-24,13294,267,Terry Vincent
MNT-5457,AST-1079,Preventive,2023-11-10,1692,30,Karen Martinez
MNT-5458,AST-1302,Reactive,2023-12-26,10361,155,Taylor Watson
MNT-5459,AST-1037,Preventive,2023-01-04,1144,17,Mr. Craig Hill
MNT-5460,AST-1174,Preventive,2023-06-29,1754,10,James Price
MNT-5461,AST-1181,Preventive,2023-09-13,549,35,Michael Rogers
MNT-5462,AST-1180,Reactive,2023-08-01,10377,64,Colleen Guerrero
MNT-5463,AST-1479,Preventive,2023-05-18,880,3,Catherine Nguyen
MNT-5464,AST-1466,Reactive,2023-07-08,13126,220,Jeffrey Stevens
MNT-5465,AST-1188,Preventive,2023-02-28,1299,23,David Kennedy
MNT-5466,AST-1417,Preventive,2023-02-17,1785,14,Kimberly Haley
MNT-5467,AST-1497,Preventive,2023-01-06,660,13,Erika West
MNT-5468,AST-1487,Reactive,2023-04-10,13464,125,Michael Buck
MNT-5469,AST-1194,Reactive,2023-12-07,7737,288,April Shaw
MNT-5470,AST-1286,Preventive,2023-09-25,1439,7,Jennifer Greer
MNT-5471,AST-1155,Preventive,2023-06-28,1753,36,Carla Kelly
MNT-5472,AST-1421,Preventive,2023-10-07,1946,23,Colin Middleton
MNT-5473,AST-1309,Preventive,2023-03-16,560,10,Deborah Lawrence
MNT-5474,AST-1282,Preventive,2023-06-22,1233,20,Eric Davis
MNT-5475,AST-1075,Predictive,2023-06-11,1742,8,Patricia Allen
MNT-5476,AST-1454,Preventive,2023-04-19,679,26,Allison Santos
MNT-5477,AST-1149,Emergency,2023-01-10,13792,155,Robert Campbell
MNT-5478,AST-1274,Preventive,2023-05-29,1429,21,Christopher Johnson
MNT-5479,AST-1252,Reactive,2023-08-09,2402,227,Thomas Vasquez
MNT-5480,AST-1139,Predictive,2023-08-21,1156,36,Michelle Robertson
MNT-5481,AST-1140,Reactive,2023-07-27,14151,278,Virginia Kelley
MNT-5482,AST-1341,Preventive,2023-05-13,1751,26,Teresa Santos
MNT-5483,AST-1177,Predictive,2023-11-10,1722,19,Lindsey Moore
MNT-5484,AST-1251,Preventive,2023-08-04,1330,12,Hannah Mathews
MNT-5485,AST-1485,Reactive,2023-04-24,14337,239,Darrell Ray
MNT-5486,AST-1500,Preventive,2023-07-27,1040,23,Evan Rogers
MNT-5487,AST-1202,Reactive,2023-12-26,5386,141,Patricia Scott
MNT-5488,AST-1377,Preventive,2023-06-19,1721,2,Terri Brewer
MNT-5489,AST-1325,Preventive,2023-06-08,643,35,Paul Cain
MNT-5490,AST-1458,Reactive,2023-03-15,4774,225,Robin Miller
MNT-5491,AST-1309,Reactive,2023-01-08,14400,239,Michael Tate
MNT-5492,AST-1495,Predictive,2023-05-18,1326,3,Elizabeth Fuller
MNT-5493,AST-1225,Predictive,2023-02-20,1325,4,Stanley Garcia
MNT-5494,AST-1206,Reactive,2023-07-21,13824,202,Joel Jones
MNT-5495,AST-1001,Reactive,2023-10-07,2067,102,Julie Wilson
MNT-5496,AST-1280,Reactive,2023-10-20,4225,119,Christopher Lee
MNT-5497,AST-1219,Preventive,2023-11-11,1989,36,Gina Mcdonald
MNT-5498,AST-1402,Reactive,2023-06-25,4008,118,Ashley Goodwin
MNT-5499,AST-1256,Preventive,2023-11-25,621,29,Andrea Hill
MNT-5500,AST-1078,Preventive,2023-03-31,1018,34,Michael Warner
MNT-5501,AST-1354,Reactive,2023-01-06,13939,63,Tony Hodges
MNT-5502,AST-1500,Emergency,2023-07-03,8478,165,Cristina Pierce
MNT-5503,AST-1249,Preventive,2023-03-28,633,4,Joseph Clark
MNT-5504,AST-1090,Predictive,2023-03-10,1623,17,Kathy Fowler
MNT-5505,AST-1296,Emergency,2023-02-06,7358,178,Ann Robinson
MNT-5506,AST-1031,Preventive,2023-09-26,1664,6,Hannah Skinner
MNT-5507,AST-1416,Emergency,2023-11-05,8750,113,Jose Franklin
MNT-5508,AST-1422,Reactive,2023-09-13,12536,255,Patricia Smith
MNT-5509,AST-1381,Predictive,2023-06-27,1869,3,Reginald Lane
MNT-5510,AST-1484,Preventive,2023-03-01,1969,23,Kimberly Mckenzie
MNT-5511,AST-1432,Predictive,2023-12-20,1605,0,Johnathan Murphy
MNT-5512,AST-1021,Reactive,2023-10-06,5334,215,Kristin Johnson
MNT-5513,AST-1167,Preventive,2023-04-07,1020,10,Steven Jones
MNT-5514,AST-1495,Preventive,2023-07-14,1644,29,Christopher Johnston
MNT-5515,AST-1265,Reactive,2023-08-29,2145,111,Pedro Mcmillan
MNT-5516,AST-1390,Reactive,2023-10-10,9493,199,Timothy Reed
MNT-5517,AST-1419,Reactive,2023-06-27,7396,196,Bruce Williamson
MNT-5518,AST-1194,Predictive,2023-01-13,1823,26,Mark Thompson
MNT-5519,AST-1342,Predictive,2023-11-22,1802,22,Joshua Turner
MNT-5520,AST-1123,Preventive,2023-08-12,770,0,Steve Martin
MNT-5521,AST-1186,Reactive,2023-09-22,9079,117,Dana Watson
MNT-5522,AST-1081,Reactive,2023-10-28,4322,87,Dr. Sarah Daniels
MNT-5523,AST-1299,Reactive,2023-06-25,8340,193,Rebecca Adams
MNT-5524,AST-1423,Predictive,2023-02-17,515,26,Joel Castillo
MNT-5525,AST-1076,Reactive,2023-03-09,12548,87,Adam Myers
MNT-5526,AST-1008,Reactive,2023-12-09,10326,109,Peter Watts
MNT-5527,AST-1103,Reactive,2023-10-17,11131,108,Steven Lewis
MNT-5528,AST-1118,Preventive,2023-12-05,1329,15,David Williams
MNT-5529,AST-1121,Reactive,2023-08-28,6309,285,John Rodriguez
MNT-5530,AST-1095,Reactive,2023-09-04,6656,132,Kim Barnes
MNT-5531,AST-1455,Reactive,2023-08-29,13241,233,Christopher Drake
MNT-5532,AST-1094,Preventive,2023-08-28,804,35,Terry Blevins
MNT-5533,AST-1090,Preventive,2023-02-10,1152,10,Mark Wallace
MNT-5534,AST-1435,Predictive,2023-05-22,787,5,Lauren Taylor
MNT-5535,AST-1201,Preventive,2023-06-11,1448,33,Bruce Armstrong
MNT-5536,AST-1463,Predictive,2023-11-08,1706,3,Donna Wise
MNT-5537,AST-1349,Emergency,2023-05-17,14985,111,Benjamin Smith
MNT-5538,AST-1071,Predictive,2023-08-08,577,11,Whitney Howard
MNT-5539,AST-1208,Emergency,2023-09-19,11647,104,Andrea Hill
MNT-5540,AST-1062,Preventive,2023-04-27,715,20,Sean Dickson
MNT-5541,AST-1058,Preventive,2023-12-24,986,26,Savannah Williams
MNT-5542,AST-1214,Predictive,2023-05-20,1369,9,Oscar Beard
MNT-5543,AST-1047,Preventive,2023-11-12,711,11,Eduardo Mann
MNT-5544,AST-1313,Reactive,2023-09-12,2352,251,Kayla Floyd
MNT-5545,AST-1302,Predictive,2023-04-19,1261,21,Tabitha Schultz
MNT-5546,AST-1225,Emergency,2023-04-13,3181,219,Brittany Nielsen
MNT-5547,AST-1122,Emergency,2023-08-10,8371,242,Regina Thomas
MNT-5548,AST-1228,Preventive,2023-09-24,1975,14,Sabrina Cunningham
MNT-5549,AST-1185,Predictive,2023-04-21,1551,11,Denise Garcia
MNT-5550,AST-1387,Emergency,2023-07-26,9292,172,Jessica Wright
MNT-5551,AST-1402,Preventive,2023-03-17,863,41,Erin Jacobs
MNT-5552,AST-1344,Reactive,2023-09-07,13528,92,Melissa Ritter
MNT-5553,AST-1054,Predictive,2023-04-23,1349,29,Joshua Larsen
MNT-5554,AST-1111,Predictive,2023-02-05,1118,27,Joseph Salas
MNT-5555,AST-1005,Preventive,2023-11-07,2000,9,Robert Marquez
MNT-5556,AST-1453,Predictive,2023-09-23,1895,10,Brandon Miranda
MNT-5557,AST-1030,Preventive,2023-04-09,1386,29,Bryan Werner
MNT-5558,AST-1231,Preventive,2023-03-10,1123,2,Michael Martin
MNT-5559,AST-1284,Reactive,2023-06-27,13662,205,Julie Sutton
MNT-5560,AST-1319,Preventive,2023-02-21,835,29,Tara Obrien
MNT-5561,AST-1373,Predictive,2023-08-26,1070,41,Mary Franco
MNT-5562,AST-1367,Predictive,2023-11-08,1072,7,Katrina Simmons
MNT-5563,AST-1420,Reactive,2023-01-16,12627,177,Brandy Lane
MNT-5564,AST-1047,Preventive,2023-02-26,864,4,Ann Kelly
MNT-5565,AST-1224,Reactive,2023-10-17,13318,235,Dr. Michael Nunez
MNT-5566,AST-1048,Reactive,2023-09-06,2917,173,Kristen Brown
MNT-5567,AST-1420,Reactive,2023-04-07,13040,178,Penny Hanson
MNT-5568,AST-1043,Predictive,2023-05-25,1160,30,Jason Powell
MNT-5569,AST-1397,Predictive,2023-10-04,813,12,James Myers
MNT-5570,AST-1293,Preventive,2023-09-05,1475,10,Cassandra Johnson
MNT-5571,AST-1090,Emergency,2023-09-20,4365,122,Dawn Wells
MNT-5572,AST-1320,Preventive,2023-04-29,1454,20,Chad Curtis
MNT-5573,AST-1314,Preventive,2023-05-27,780,44,Lauren Matthews
MNT-5574,AST-1414,Emergency,2023-08-28,5220,63,James Estes
MNT-5575,AST-1485,Reactive,2023-12-14,11189,154,Mr. Caleb Clark
MNT-5576,AST-1257,Reactive,2023-08-27,6202,264,Beth Kim
MNT-5577,AST-1060,Preventive,2023-10-28,1786,20,Ronald Jones
MNT-5578,AST-1446,Reactive,2023-04-06,2391,62,Brandon Mcfarland
MNT-5579,AST-1419,Predictive,2023-05-27,832,20,Christopher Wilson
MNT-5580,AST-1033,Emergency,2023-02-23,8751,233,Sarah Gregory
MNT-5581,AST-1207,Reactive,2023-06-11,11559,72,Matthew Lee
MNT-5582,AST-1257,Reactive,2023-10-20,10815,154,Johnny Roberts
MNT-5583,AST-1303,Preventive,2023-02-01,1260,22,Natalie Martin
MNT-5584,AST-1082,Predictive,2023-10-09,1179,33,Deborah Salazar
MNT-5585,AST-1267,Predictive,2023-11-20,1944,44,Timothy Wells
MNT-5586,AST-1136,Preventive,2023-05-07,1239,45,Ashley Christian
MNT-5587,AST-1470,Preventive,2023-11-07,1947,11,Emily Hebert
MNT-5588,AST-1410,Emergency,2023-04-10,13102,183,Jared Escobar
MNT-5589,AST-1388,Preventive,2023-08-21,1282,38,Samuel Johnson
MNT-5590,AST-1080,Predictive,2023-06-10,805,28,William Johnson
MNT-5591,AST-1370,Preventive,2023-03-11,903,42,Jeffrey Khan
MNT-5592,AST-1248,Reactive,2023-02-01,3241,293,Walter Smith
MNT-5593,AST-1213,Predictive,2023-01-21,985,33,Nathaniel Harris
MNT-5594,AST-1168,Reactive,2023-06-09,9455,232,Leah Wilson
MNT-5595,AST-1349,Predictive,2023-09-16,669,5,Paige Rivas
MNT-5596,AST-1068,Reactive,2023-02-28,8448,216,Sara Meyer
MNT-5597,AST-1252,Emergency,2023-04-12,2980,232,Kelly Hall
MNT-5598,AST-1411,Predictive,2023-05-16,1631,5,Timothy Young
MNT-5599,AST-1161,Preventive,2023-12-23,1876,15,Levi Lopez
MNT-5600,AST-1355,Reactive,2023-03-16,13183,147,William Hernandez
MNT-5601,AST-1094,Preventive,2023-04-14,1734,10,Lori Smith
MNT-5602,AST-1169,Reactive,2023-12-14,12858,290,Sean Knapp
MNT-5603,AST-1193,Preventive,2023-09-24,1571,43,Mr. Frank Price
MNT-5604,AST-1053,Preventive,2023-07-11,676,45,James Hart
MNT-5605,AST-1028,Reactive,2023-07-28,7103,68,Cody Johnson
MNT-5606,AST-1436,Preventive,2023-04-01,1726,28,Anna Rose
MNT-5607,AST-1338,Preventive,2023-05-17,1169,36,Shawn Lara
MNT-5608,AST-1259,Reactive,2023-10-15,8394,247,Jennifer Smith
MNT-5609,AST-1019,Reactive,2023-12-03,5423,290,Samantha Ho
MNT-5610,AST-1078,Preventive,2023-08-15,841,21,Katelyn Bryan
MNT-5611,AST-1307,Predictive,2023-08-18,1708,18,Earl Murray
MNT-5612,AST-1271,Preventive,2023-06-29,1833,13,Jane Rojas
MNT-5613,AST-1032,Preventive,2023-02-02,1821,13,Nicholas Davis
MNT-5614,AST-1078,Preventive,2023-10-16,1912,37,Troy Richards
MNT-5615,AST-1243,Reactive,2023-12-30,13317,126,Richard Smith
MNT-5616,AST-1305,Reactive,2023-08-13,4846,126,Michael Welch
MNT-5617,AST-1215,Predictive,2023-06-20,1334,23,John Robertson
MNT-5618,AST-1190,Predictive,2023-04-09,1720,4,Cindy Jackson
MNT-5619,AST-1493,Reactive,2023-04-04,9145,147,Jonathan Maxwell
MNT-5620,AST-1189,Preventive,2023-08-05,1798,27,Jacob Marshall
MNT-5621,AST-1208,Preventive,2023-04-09,1149,39,Amy Martin
MNT-5622,AST-1411,Preventive,2023-09-20,1384,20,Kevin Sanchez
MNT-5623,AST-1125,Reactive,2023-05-16,4706,252,Joseph Valenzuela
MNT-5624,AST-1191,Predictive,2023-12-07,1565,0,Amy Baker
MNT-5625,AST-1428,Preventive,2023-06-19,1486,45,Caitlyn Dawson
MNT-5626,AST-1236,Reactive,2023-08-09,3263,223,Edward Baker
MNT-5627,AST-1325,Predictive,2023-06-25,1613,3,Ryan Maddox
MNT-5628,AST-1093,Predictive,2023-04-20,1511,5,Ashley White
MNT-5629,AST-1203,Preventive,2023-06-24,838,8,Sue Cooper
MNT-5630,AST-1241,Preventive,2023-09-06,1171,15,Janet Carter
MNT-5631,AST-1025,Predictive,2023-02-25,941,16,Mary Gibson
MNT-5632,AST-1013,Preventive,2023-03-31,1239,8,Carol Bond
MNT-5633,AST-1389,Emergency,2023-07-16,12691,62,David Shah
MNT-5634,AST-1243,Reactive,2023-06-30,13532,152,Sonya Wade
MNT-5635,AST-1294,Predictive,2023-10-29,915,9,Jason Duke
MNT-5636,AST-1165,Predictive,2023-01-22,1477,38,Sonia Hernandez
MNT-5637,AST-1220,Reactive,2023-03-16,10147,153,James Casey
MNT-5638,AST-1100,Emergency,2023-12-01,5708,129,Andrew Joseph
MNT-5639,AST-1157,Reactive,2023-10-09,7759,90,Eric Andrade
MNT-5640,AST-1163,Preventive,2023-09-02,1539,26,Sarah Jordan
MNT-5641,AST-1460,Predictive,2023-01-20,1441,41,Wendy Sullivan
MNT-5642,AST-1048,Reactive,2023-09-04,2956,261,Mathew Espinoza
MNT-5643,AST-1015,Reactive,2023-01-23,12887,292,Patricia Thomas
MNT-5644,AST-1461,Reactive,2023-03-13,3299,152,Lucas Rodriguez
MNT-5645,AST-1334,Reactive,2023-06-18,2326,269,Katie Contreras
MNT-5646,AST-1054,Preventive,2023-03-28,607,45,Kayla Rosales
MNT-5647,AST-1437,Reactive,2023-11-20,12884,192,David Miller
MNT-5648,AST-1443,Predictive,2023-06-24,1240,5,Jeremy Murray
MNT-5649,AST-1143,Preventive,2023-10-24,1587,7,Amy Church
MNT-5650,AST-1102,Preventive,2023-07-07,1378,17,Nicolas West
MNT-5651,AST-1187,Predictive,2023-11-21,526,23,James Reed
MNT-5652,AST-1099,Preventive,2023-05-29,1076,20,Joshua Lane
MNT-5653,AST-1403,Reactive,2023-09-06,3823,238,Daniel Stevens
MNT-5654,AST-1023,Preventive,2023-09-16,1940,41,Jessica Bauer
MNT-5655,AST-1237,Emergency,2023-09-04,14269,125,Matthew Castro
MNT-5656,AST-1373,Preventive,2023-11-23,1544,17,Gregory Medina
MNT-5657,AST-1183,Predictive,2023-12-14,778,6,Gordon Miller
MNT-5658,AST-1418,Reactive,2023-11-24,10053,132,Pedro Schroeder
MNT-5659,AST-1428,Reactive,2023-07-22,5427,297,Steven Walker
MNT-5660,AST-1328,Reactive,2023-07-08,14818,226,Sandra Mason
MNT-5661,AST-1273,Predictive,2023-03-18,559,30,Tony Moore
MNT-5662,AST-1403,Emergency,2023-08-05,6114,203,Adam Duncan
MNT-5663,AST-1338,Preventive,2023-09-26,1993,40,Tina Williamson
MNT-5664,AST-1048,Reactive,2023-05-02,3224,107,Kara Murphy
MNT-5665,AST-1049,Preventive,2023-08-13,1352,42,Rebecca Smith
MNT-5666,AST-1085,Predictive,2023-02-14,729,17,Linda Henry
MNT-5667,AST-1464,Preventive,2023-09-30,1131,3,William Obrien
MNT-5668,AST-1037,Preventive,2023-09-03,1885,17,Darius Lutz
MNT-5669,AST-1445,Reactive,2023-05-14,6797,299,Kelly Hunt
MNT-5670,AST-1315,Reactive,2023-04-11,5106,74,Samuel Anderson
MNT-5671,AST-1196,Predictive,2023-02-07,1849,25,Joy Petty
MNT-5672,AST-1306,Preventive,2023-06-01,754,34,Emma Ramos
MNT-5673,AST-1127,Preventive,2023-03-31,1307,20,Heather Combs
MNT-5674,AST-1443,Preventive,2023-10-06,1656,3,Anna Barron
MNT-5675,AST-1233,Emergency,2023-05-10,13258,96,Darlene Velez
MNT-5676,AST-1311,Preventive,2023-11-11,1464,6,Rebecca Hanson
MNT-5677,AST-1125,Emergency,2023-02-15,3149,172,Jeffrey Castillo
MNT-5678,AST-1211,Preventive,2023-03-12,1401,44,Lindsey Arnold
MNT-5679,AST-1258,Preventive,2023-02-11,789,10,Justin Jarvis
MNT-5680,AST-1450,Reactive,2023-04-16,2553,237,Frank Brooks
MNT-5681,AST-1216,Preventive,2023-08-10,1580,36,John Hogan
MNT-5682,AST-1308,Reactive,2023-01-01,2907,204,Lauren Moss
MNT-5683,AST-1106,Preventive,2023-06-15,1776,22,Robert Barnett
MNT-5684,AST-1229,Preventive,2023-09-15,1292,29,Kristin Rodriguez
MNT-5685,AST-1247,Predictive,2023-05-09,919,11,Nicole Klein
MNT-5686,AST-1130,Preventive,2023-08-23,1009,7,David Dixon
MNT-5687,AST-1299,Preventive,2023-11-26,1424,4,Tammy Carter
MNT-5688,AST-1098,Reactive,2023-06-17,7074,145,Jerome Bowers
MNT-5689,AST-1254,Reactive,2023-06-14,2988,77,Arthur Smith
MNT-5690,AST-1413,Preventive,2023-12-21,961,27,Mitchell Harris
MNT-5691,AST-1362,Preventive,2023-04-18,1488,0,Lisa Moss
MNT-5692,AST-1500,Reactive,2023-12-25,4224,282,Deborah Stephens
MNT-5693,AST-1057,Reactive,2023-08-04,13502,72,Brian Morrison
MNT-5694,AST-1114,Reactive,2023-09-23,8315,219,Mr. Matthew Olsen
MNT-5695,AST-1445,Predictive,2023-09-27,1023,27,Kevin Turner
MNT-5696,AST-1486,Predictive,2023-08-12,1111,12,David Clark
MNT-5697,AST-1165,Reactive,2023-11-16,3818,247,Joshua Montgomery
MNT-5698,AST-1454,Reactive,2023-09-28,9771,127,Cathy Campbell
MNT-5699,AST-1347,Predictive,2023-04-09,991,13,Victoria Smith
MNT-5700,AST-1075,Emergency,2023-11-26,14668,63,Jessica Adams
MNT-5701,AST-1156,Emergency,2023-02-16,11213,128,Samuel Hughes
MNT-5702,AST-1216,Predictive,2023-07-25,1845,25,Julie Lopez
MNT-5703,AST-1072,Reactive,2023-01-01,7141,283,James Todd
MNT-5704,AST-1031,Preventive,2023-05-07,1887,35,Charles Smith
MNT-5705,AST-1440,Preventive,2023-09-18,1580,11,Robert King
MNT-5706,AST-1091,Preventive,2023-02-09,1904,32,Sean Jones
MNT-5707,AST-1255,Emergency,2023-06-21,13209,164,James Cox
MNT-5708,AST-1465,Preventive,2023-12-29,1677,34,Frank Coleman
MNT-5709,AST-1434,Preventive,2023-01-19,572,29,John Jones
MNT-5710,AST-1360,Reactive,2023-02-17,4204,201,Sean Ramirez
MNT-5711,AST-1136,Reactive,2023-01-02,9793,131,Karen Brewer
MNT-5712,AST-1371,Predictive,2023-05-04,1028,26,Tracy Miller
MNT-5713,AST-1010,Reactive,2023-08-27,11431,229,Andrew Parsons
MNT-5714,AST-1433,Reactive,2023-10-15,6697,174,Colleen Schneider
MNT-5715,AST-1278,Preventive,2023-01-12,1750,27,Veronica Walters
MNT-5716,AST-1102,Preventive,2023-04-22,1851,25,Debra Davis
MNT-5717,AST-1160,Predictive,2023-02-05,834,4,Nicholas Sweeney
MNT-5718,AST-1453,Emergency,2023-11-16,13686,205,Amy Dickerson
MNT-5719,AST-1194,Preventive,2023-08-13,1516,45,Cynthia Vargas
MNT-5720,AST-1274,Predictive,2023-12-05,585,37,Frank Evans
MNT-5721,AST-1445,Predictive,2023-02-18,1407,18,Jordan Townsend
MNT-5722,AST-1422,Preventive,2023-01-06,625,33,Allison Williams
MNT-5723,AST-1477,Reactive,2023-10-04,6566,221,Ryan Price
MNT-5724,AST-1437,Emergency,2023-12-26,8466,246,Maria Carpenter
MNT-5725,AST-1237,Preventive,2023-09-09,1013,21,Curtis Wallace
MNT-5726,AST-1434,Preventive,2023-01-23,1284,41,Jessica Carroll
MNT-5727,AST-1297,Preventive,2023-02-25,1749,44,Katherine Myers
MNT-5728,AST-1394,Preventive,2023-05-04,1539,44,Kenneth Gonzalez
MNT-5729,AST-1073,Reactive,2023-03-12,14864,202,Mary Rose
MNT-5730,AST-1382,Reactive,2023-08-11,11405,93,Robert Dawson
MNT-5731,AST-1303,Preventive,2023-03-18,612,12,Mallory Hall
MNT-5732,AST-1363,Predictive,2023-01-14,747,32,Jeffrey Taylor
MNT-5733,AST-1488,Preventive,2023-04-04,1149,39,Dennis Johnson
MNT-5734,AST-1095,Preventive,2023-10-15,1875,2,Jennifer Caldwell
MNT-5735,AST-1432,Preventive,2023-11-09,1659,37,Patrick Owens
MNT-5736,AST-1033,Predictive,2023-12-09,1753,31,Carlos Peterson
MNT-5737,AST-1158,Predictive,2023-07-17,987,42,Joanna Jones
MNT-5738,AST-1069,Reactive,2023-11-07,9476,258,Wendy Scott
MNT-5739,AST-1004,Emergency,2023-07-10,6049,117,Kevin Barker
MNT-5740,AST-1153,Preventive,2023-01-19,562,39,Juan Martinez
MNT-5741,AST-1110,Preventive,2023-08-23,675,9,Jessica Henry
MNT-5742,AST-1472,Predictive,2023-01-21,1011,6,Lisa Morales
MNT-5743,AST-1346,Emergency,2023-06-23,11062,131,Gregory Alvarez
MNT-5744,AST-1267,Preventive,2023-03-07,585,7,Chelsea Suarez
MNT-5745,AST-1461,Preventive,2023-10-01,804,36,David Blevins
MNT-5746,AST-1467,Reactive,2023-02-11,6966,139,Ronald Santos
MNT-5747,AST-1177,Preventive,2023-09-24,1514,45,Robert Dominguez
MNT-5748,AST-1063,Reactive,2023-04-14,4559,176,Cameron Scott
MNT-5749,AST-1070,Preventive,2023-04-29,535,24,Peter Tucker
MNT-5750,AST-1377,Reactive,2023-05-08,6790,75,Kelsey Baldwin
MNT-5751,AST-1154,Preventive,2023-07-17,1865,12,Jose Juarez
MNT-5752,AST-1200,Preventive,2023-01-26,1745,20,Rebecca Henson
MNT-5753,AST-1352,Reactive,2023-03-16,7777,221,Mary Clark
MNT-5754,AST-1033,Reactive,2023-05-21,5398,116,Timothy Duncan
MNT-5755,AST-1110,Reactive,2023-07-23,7659,263,Michelle Johnson
MNT-5756,AST-1324,Reactive,2023-06-27,3803,200,Christina Massey
MNT-5757,AST-1122,Preventive,2023-05-08,1603,35,Patrick Wright
MNT-5758,AST-1194,Reactive,2023-07-27,7637,97,Melissa Harris
MNT-5759,AST-1338,Reactive,2023-12-14,6855,129,Douglas Huff
MNT-5760,AST-1418,Reactive,2023-03-10,12437,186,Lisa Cole
MNT-5761,AST-1363,Predictive,2023-11-02,692,21,Mrs. Julie Mitchell
MNT-5762,AST-1042,Predictive,2023-03-20,1081,31,Micheal Avila
MNT-5763,AST-1065,Reactive,2023-08-21,10804,173,Raymond Ford
MNT-5764,AST-1031,Predictive,2023-04-24,1446,30,Rebecca Williams
MNT-5765,AST-1456,Reactive,2023-05-29,2265,96,Anthony Murray
MNT-5766,AST-1250,Preventive,2023-10-17,751,33,Diana Price
MNT-5767,AST-1026,Reactive,2023-03-20,5185,272,Erin Bruce
MNT-5768,AST-1291,Preventive,2023-02-09,745,0,James Foster
MNT-5769,AST-1233,Reactive,2023-09-26,10430,93,Mr. Brian Davis
MNT-5770,AST-1233,Predictive,2023-05-15,1434,38,Debra Butler
MNT-5771,AST-1129,Preventive,2023-03-05,943,43,Samuel Wood Jr.
MNT-5772,AST-1206,Preventive,2023-07-30,1620,12,Nathan Cabrera
MNT-5773,AST-1394,Preventive,2023-08-13,1647,17,Alexander Mccarty
MNT-5774,AST-1142,Predictive,2023-09-10,1620,37,Daniel Klein
MNT-5775,AST-1204,Preventive,2023-12-11,1083,36,Brandon Jones
MNT-5776,AST-1337,Preventive,2023-03-14,1268,24,Sandra Moore
MNT-5777,AST-1442,Predictive,2023-09-25,800,40,Nicholas Collins
MNT-5778,AST-1203,Reactive,2023-01-13,11683,255,Mary Jenkins
MNT-5779,AST-1229,Preventive,2023-05-08,965,42,Seth Tapia
MNT-5780,AST-1102,Emergency,2023-03-07,9614,278,Brian Warren
MNT-5781,AST-1349,Emergency,2023-05-02,4740,244,Brenda Smith
MNT-5782,AST-1143,Preventive,2023-06-19,1896,39,Teresa Garcia
MNT-5783,AST-1051,Preventive,2023-12-02,1450,27,Gina Smith
MNT-5784,AST-1124,Emergency,2023-06-20,11929,104,William Grant
MNT-5785,AST-1384,Preventive,2023-07-10,609,35,Roger Porter
MNT-5786,AST-1084,Reactive,2023-04-12,6094,282,Mandy Barajas
MNT-5787,AST-1060,Predictive,2023-03-07,1277,33,Carlos Armstrong
MNT-5788,AST-1492,Preventive,2023-07-09,1495,0,Bridget Smith
MNT-5789,AST-1310,Preventive,2023-09-28,589,29,Casey Ibarra
MNT-5790,AST-1204,Reactive,2023-10-09,10018,300,Nicholas Mccoy
MNT-5791,AST-1337,Preventive,2023-10-23,1469,45,Mr. Raymond Avila MD
MNT-5792,AST-1026,Predictive,2023-11-05,1156,1,Jeremy Cross
MNT-5793,AST-1103,Preventive,2023-06-17,1046,28,Katherine Hernandez
MNT-5794,AST-1093,Predictive,2023-07-08,1960,45,Brenda Anderson
MNT-5795,AST-1279,Preventive,2023-03-09,1533,12,Michael Barnes
MNT-5796,AST-1076,Predictive,2023-12-22,1489,14,Charles Perez
MNT-5797,AST-1286,Reactive,2023-11-13,2976,249,Laura Rivera
MNT-5798,AST-1063,Reactive,2023-06-27,9663,215,Melanie Ware
MNT-5799,AST-1324,Preventive,2023-12-10,738,6,Robert Thompson
MNT-5800,AST-1162,Predictive,2023-09-10,1871,23,Willie Meyers
MNT-5801,AST-1258,Reactive,2023-06-16,14534,282,Catherine Maldonado
MNT-5802,AST-1239,Preventive,2023-01-04,1216,25,Sheryl Roberts
MNT-5803,AST-1381,Preventive,2023-01-02,1832,32,Jason Moore
MNT-5804,AST-1316,Reactive,2023-10-02,11451,224,Daniel Santana
MNT-5805,AST-1399,Preventive,2023-03-22,1359,19,Todd Jackson
MNT-5806,AST-1150,Reactive,2023-11-28,5877,191,Stephanie Sutton
MNT-5807,AST-1192,Preventive,2023-10-10,1329,41,Valerie Joseph
MNT-5808,AST-1205,Emergency,2023-07-06,14625,239,Kathleen Larson
MNT-5809,AST-1420,Reactive,2023-03-07,5796,173,Ryan Garcia
MNT-5810,AST-1133,Preventive,2023-10-12,1304,28,Jeffery Herrera
MNT-5811,AST-1263,Emergency,2023-11-28,9461,188,Gregory Howard
MNT-5812,AST-1162,Preventive,2023-03-28,1889,2,Linda Adams
MNT-5813,AST-1472,Emergency,2023-08-24,5335,168,Christopher Beck
MNT-5814,AST-1495,Emergency,2023-12-24,2989,188,Patrick Brown
MNT-5815,AST-1323,Preventive,2023-08-02,1257,1,Michael Padilla
MNT-5816,AST-1192,Preventive,2023-02-09,1583,45,Kristen Cooper
MNT-5817,AST-1337,Reactive,2023-10-07,9158,206,Richard Tucker
MNT-5818,AST-1113,Preventive,2023-10-15,1850,25,Brian Dominguez
MNT-5819,AST-1451,Predictive,2023-03-25,1193,8,Douglas Robbins
MNT-5820,AST-1123,Preventive,2023-07-27,679,11,Douglas Mitchell
MNT-5821,AST-1464,Preventive,2023-04-20,1608,13,Shelby Holmes
MNT-5822,AST-1290,Emergency,2023-10-18,11969,157,Cody Nguyen
MNT-5823,AST-1282,Emergency,2023-05-10,12050,268,Stephen Vargas
MNT-5824,AST-1035,Predictive,2023-08-04,1103,19,Latoya Carpenter
MNT-5825,AST-1356,Predictive,2023-08-25,1680,21,Bradley Jones
MNT-5826,AST-1064,Preventive,2023-04-22,1475,11,Renee Newton
MNT-5827,AST-1002,Preventive,2023-01-09,927,12,Tiffany Jones
MNT-5828,AST-1048,Preventive,2023-03-05,1772,1,Robert Mccoy
MNT-5829,AST-1191,Emergency,2023-10-19,10148,61,Stephanie Blankenship
MNT-5830,AST-1024,Predictive,2023-07-28,1822,22,Joshua Webster
MNT-5831,AST-1255,Preventive,2023-01-02,1763,31,Karen Henderson
MNT-5832,AST-1345,Predictive,2023-06-12,570,1,Kenneth Carter
MNT-5833,AST-1420,Emergency,2023-08-04,10421,64,Corey Campbell
MNT-5834,AST-1366,Preventive,2023-10-29,1377,41,Laurie Shaw
MNT-5835,AST-1406,Preventive,2023-05-07,1918,41,Susan Christian
MNT-5836,AST-1268,Predictive,2023-12-12,1741,10,Sarah Thompson
MNT-5837,AST-1344,Reactive,2023-11-02,11666,225,Jon Levine
MNT-5838,AST-1437,Preventive,2023-02-21,1131,4,Kathleen Campbell
MNT-5839,AST-1108,Reactive,2023-08-05,12238,234,Angel Lynch
MNT-5840,AST-1142,Reactive,2023-09-15,6201,236,Sherry Vega
MNT-5841,AST-1043,Predictive,2023-05-16,976,38,Laurie Hayes
MNT-5842,AST-1034,Reactive,2023-05-23,10723,216,Ricky Stewart
MNT-5843,AST-1418,Emergency,2023-01-08,13345,87,Danielle Powell
MNT-5844,AST-1137,Preventive,2023-03-05,1445,2,Lisa Garcia
MNT-5845,AST-1189,Reactive,2023-08-02,14872,77,Brian Phillips
MNT-5846,AST-1431,Reactive,2023-12-12,9100,213,Judith Gutierrez PhD
MNT-5847,AST-1493,Reactive,2023-05-22,11506,291,Gabriel Rodriguez
MNT-5848,AST-1453,Preventive,2023-12-21,1237,7,Marilyn Ortega
MNT-5849,AST-1330,Emergency,2023-04-26,9812,192,Sydney Rogers
MNT-5850,AST-1052,Predictive,2023-09-21,1446,26,Chad Phillips
MNT-5851,AST-1333,Preventive,2023-02-23,1693,26,Shane Grant
MNT-5852,AST-1204,Preventive,2023-09-15,1094,19,Christopher Hinton V
MNT-5853,AST-1245,Preventive,2023-09-17,1169,10,Thomas Herman
MNT-5854,AST-1438,Preventive,2023-11-17,545,0,Timothy Howell
MNT-5855,AST-1192,Predictive,2023-07-24,1640,5,Billy Hartman
MNT-5856,AST-1205,Predictive,2023-06-29,920,32,Nathan Dean
MNT-5857,AST-1306,Predictive,2023-04-06,1878,38,Lindsey Smith
MNT-5858,AST-1457,Predictive,2023-01-11,981,13,Justin Smith
MNT-5859,AST-1441,Preventive,2023-10-08,1317,11,Todd Woods
MNT-5860,AST-1195,Predictive,2023-12-05,1259,32,Kathleen Ortega
MNT-5861,AST-1020,Reactive,2023-03-05,4665,100,Christopher Garcia
MNT-5862,AST-1470,Emergency,2023-09-06,5713,218,Catherine Perez
MNT-5863,AST-1473,Preventive,2023-09-28,1575,25,Roger Logan
MNT-5864,AST-1064,Preventive,2023-10-16,1632,38,Ashley Marks
MNT-5865,AST-1213,Preventive,2023-01-19,953,7,Amber Nichols
MNT-5866,AST-1207,Reactive,2023-05-05,12627,293,Jean Ford
MNT-5867,AST-1214,Predictive,2023-03-31,1795,13,Brittany Wilson
MNT-5868,AST-1310,Preventive,2023-03-21,1660,31,Mary Bennett
MNT-5869,AST-1353,Reactive,2023-10-18,5208,244,Jason Calderon
MNT-5870,AST-1119,Predictive,2023-06-15,1796,31,Patricia Gallegos
MNT-5871,AST-1124,Preventive,2023-06-07,694,6,Daniel Lee
MNT-5872,AST-1438,Preventive,2023-04-04,1430,39,Mr. Ronald Wright
MNT-5873,AST-1458,Predictive,2023-09-05,955,14,Stacy Oconnell
MNT-5874,AST-1406,Reactive,2023-08-10,12225,115,Amanda Kim
MNT-5875,AST-1227,Preventive,2023-08-30,1321,39,Jacob Baker
MNT-5876,AST-1453,Reactive,2023-08-19,7354,291,Carla Patterson
MNT-5877,AST-1489,Reactive,2023-06-21,3632,124,Keith Parrish
MNT-5878,AST-1313,Emergency,2023-08-15,5693,298,Mary Davenport
MNT-5879,AST-1110,Preventive,2023-03-05,583,23,Jessica Scott
MNT-5880,AST-1240,Predictive,2023-03-15,836,9,Dakota Thompson
MNT-5881,AST-1298,Reactive,2023-05-08,12913,175,Kevin Hill
MNT-5882,AST-1298,Reactive,2023-02-19,2279,297,Daniel Martinez
MNT-5883,AST-1136,Reactive,2023-03-15,5948,247,Leslie Carpenter
MNT-5884,AST-1352,Preventive,2023-03-21,1666,16,Aaron Miller
MNT-5885,AST-1290,Preventive,2023-04-04,1118,8,Stephen Hughes
MNT-5886,AST-1019,Reactive,2023-08-15,10882,204,Michelle Cuevas
MNT-5887,AST-1328,Predictive,2023-10-04,1115,1,Karen Crawford
MNT-5888,AST-1444,Preventive,2023-12-20,974,39,Sue Armstrong
MNT-5889,AST-1317,Preventive,2023-03-09,1394,30,Jacob Wall
MNT-5890,AST-1210,Reactive,2023-07-30,9199,265,Jesse Porter
MNT-5891,AST-1222,Preventive,2023-02-15,1786,29,Holly Harmon
MNT-5892,AST-1224,Reactive,2023-10-08,5584,177,Angela Reyes
MNT-5893,AST-1118,Predictive,2023-11-22,1385,40,Andrew Jordan
MNT-5894,AST-1150,Predictive,2023-06-23,1301,31,Alex Simpson
MNT-5895,AST-1456,Preventive,2023-09-12,1106,24,Lauren Cordova
MNT-5896,AST-1111,Preventive,2023-01-07,1439,33,Samantha Cordova
MNT-5897,AST-1143,Predictive,2023-09-05,1965,4,Ricardo Wilkinson
MNT-5898,AST-1101,Reactive,2023-07-21,4471,219,Anthony Trujillo
MNT-5899,AST-1254,Preventive,2023-08-12,959,6,Mary Smith
MNT-5900,AST-1273,Preventive,2023-12-28,1188,0,Natasha Torres
MNT-5901,AST-1128,Preventive,2023-06-17,1344,5,Mary Dickson
MNT-5902,AST-1492,Preventive,2023-10-28,1481,32,Eric Cobb
MNT-5903,AST-1417,Reactive,2023-10-07,11579,252,Stephanie Williams
MNT-5904,AST-1336,Preventive,2023-01-12,1014,15,Alison Browning
MNT-5905,AST-1471,Predictive,2023-02-21,1590,1,Shannon Jackson
MNT-5906,AST-1128,Preventive,2023-04-29,1122,44,Michelle Cruz
MNT-5907,AST-1052,Reactive,2023-05-12,8190,181,Anthony Brown
MNT-5908,AST-1398,Preventive,2023-10-12,945,1,Cindy Tran
MNT-5909,AST-1376,Reactive,2023-03-04,13062,124,Kevin Kelly
MNT-5910,AST-1380,Preventive,2023-04-03,920,10,Jennifer Brown
MNT-5911,AST-1384,Preventive,2023-02-08,1577,35,Melissa Hardy
MNT-5912,AST-1106,Preventive,2023-12-04,1185,26,Jonathan Walker
MNT-5913,AST-1464,Reactive,2023-02-21,8539,215,Marilyn Wilson
MNT-5914,AST-1341,Preventive,2023-09-11,1399,20,Brandon Scott
MNT-5915,AST-1251,Reactive,2023-08-11,8333,255,Lisa Watson
MNT-5916,AST-1340,Preventive,2023-12-25,1878,9,Peter Gomez
MNT-5917,AST-1278,Reactive,2023-05-27,5566,188,Michael Burke
MNT-5918,AST-1415,Preventive,2023-02-25,818,35,Jonathan Hughes
MNT-5919,AST-1057,Preventive,2023-08-03,1692,21,Victoria Savage
MNT-5920,AST-1361,Preventive,2023-07-14,502,22,Derrick Massey
MNT-5921,AST-1122,Reactive,2023-04-30,12614,189,Jonathan Strong
MNT-5922,AST-1491,Preventive,2023-08-12,678,30,Taylor Singh
MNT-5923,AST-1090,Predictive,2023-03-06,970,14,Louis Blackwell
MNT-5924,AST-1487,Preventive,2023-06-05,527,20,Crystal Duncan
MNT-5925,AST-1350,Preventive,2023-05-19,1546,38,Laura Smith
MNT-5926,AST-1262,Reactive,2023-09-25,14079,164,Denise Andrews
MNT-5927,AST-1170,Reactive,2023-09-11,6495,196,Jonathan Mitchell
MNT-5928,AST-1491,Preventive,2023-12-09,926,9,Edward Rice
MNT-5929,AST-1186,Reactive,2023-03-24,7445,292,Lisa Munoz
MNT-5930,AST-1469,Predictive,2023-06-06,1517,44,Andrea Cook
MNT-5931,AST-1469,Reactive,2023-11-12,2983,214,Hailey Wall
MNT-5932,AST-1355,Predictive,2023-06-10,766,32,Lindsey Levy
MNT-5933,AST-1371,Emergency,2023-08-10,14303,234,Jacqueline Brown
MNT-5934,AST-1484,Preventive,2023-10-31,919,11,Kristi Green
MNT-5935,AST-1311,Preventive,2023-11-24,1524,10,Samantha Mcneil
MNT-5936,AST-1029,Reactive,2023-02-16,6084,213,Aimee Flores
MNT-5937,AST-1221,Preventive,2023-09-02,994,1,Brandi Fletcher
MNT-5938,AST-1153,Reactive,2023-03-12,11280,253,Nicole Spencer
MNT-5939,AST-1193,Preventive,2023-07-23,1490,3,Sara Haynes
MNT-5940,AST-1241,Reactive,2023-01-31,6926,270,Natalie Smith
MNT-5941,AST-1117,Preventive,2023-12-24,1770,2,Phillip Johnson
MNT-5942,AST-1117,Preventive,2023-04-12,1844,27,Natalie Allen
MNT-5943,AST-1399,Predictive,2023-11-02,1385,15,Thomas Young
MNT-5944,AST-1172,Preventive,2023-07-06,1164,20,Andrew Brown
MNT-5945,AST-1187,Reactive,2023-08-08,11533,215,Philip Arnold
MNT-5946,AST-1129,Predictive,2023-02-10,1332,31,Janice Mitchell
MNT-5947,AST-1312,Preventive,2023-08-25,663,11,Anthony Terrell
MNT-5948,AST-1039,Reactive,2023-06-25,2752,73,Gary Sanford
MNT-5949,AST-1215,Emergency,2023-11-22,14809,152,Gregory Dunn
MNT-5950,AST-1163,Predictive,2023-03-07,1278,24,Barbara Peters
MNT-5951,AST-1192,Preventive,2023-02-07,1667,1,Jessica Trujillo
MNT-5952,AST-1012,Preventive,2023-11-13,1081,20,Michelle Jackson
MNT-5953,AST-1130,Reactive,2023-06-09,4073,231,Daniel Williams
MNT-5954,AST-1411,Preventive,2023-06-09,1616,26,Alexis Oneal
MNT-5955,AST-1239,Preventive,2023-02-12,1471,6,George Singh
MNT-5956,AST-1074,Emergency,2023-03-05,6013,267,Heather Wright
MNT-5957,AST-1094,Preventive,2023-08-19,1006,12,Patricia Anderson
MNT-5958,AST-1393,Predictive,2023-08-23,1849,27,Richard Garrett
MNT-5959,AST-1457,Reactive,2023-09-26,14429,215,Jeffrey Romero MD
MNT-5960,AST-1482,Reactive,2023-08-08,4949,210,Tammy Jackson
MNT-5961,AST-1343,Preventive,2023-12-27,914,9,Danielle Adams
MNT-5962,AST-1260,Reactive,2023-03-12,10287,198,Jasmine Jones
MNT-5963,AST-1214,Predictive,2023-03-26,1399,14,Brendan Hess
MNT-5964,AST-1443,Reactive,2023-02-13,6614,156,Antonio Davis
MNT-5965,AST-1048,Preventive,2023-12-30,1657,5,Gary Zimmerman
MNT-5966,AST-1047,Reactive,2023-09-18,9944,221,Michael Pitts
MNT-5967,AST-1187,Preventive,2023-09-05,1440,30,Sara Chavez
MNT-5968,AST-1430,Predictive,2023-05-03,1584,39,Joel Avila
MNT-5969,AST-1060,Reactive,2023-02-07,9902,213,Peter Carr
MNT-5970,AST-1248,Reactive,2023-08-11,8608,92,Ronald Collins
MNT-5971,AST-1478,Preventive,2023-06-07,1251,4,Shannon Cook
MNT-5972,AST-1147,Preventive,2023-01-04,1674,10,Michael Davis DVM
MNT-5973,AST-1118,Reactive,2023-06-13,10127,92,Rebecca Lewis
MNT-5974,AST-1400,Preventive,2023-03-01,1124,22,Carolyn Lawson
MNT-5975,AST-1284,Preventive,2023-04-12,824,35,Jennifer Beltran
MNT-5976,AST-1252,Predictive,2023-05-03,1839,0,Kyle Brady
MNT-5977,AST-1321,Reactive,2023-06-03,11131,163,Benjamin Bender
MNT-5978,AST-1435,Predictive,2023-07-12,1087,44,Raymond Gross
MNT-5979,AST-1277,Predictive,2023-01-11,1816,4,Kent Nielsen
MNT-5980,AST-1332,Preventive,2023-10-18,545,6,Mario Barnett
MNT-5981,AST-1095,Preventive,2023-07-20,816,6,Michael Ware
MNT-5982,AST-1452,Reactive,2023-08-26,4625,137,Connor Kerr
MNT-5983,AST-1366,Reactive,2023-02-05,8821,92,Michael Rodriguez
MNT-5984,AST-1273,Preventive,2023-05-25,1531,39,Trevor Boyd
MNT-5985,AST-1058,Preventive,2023-07-12,1868,10,Tyler Thompson
MNT-5986,AST-1448,Preventive,2023-12-06,1800,13,Christopher Parker
MNT-5987,AST-1010,Preventive,2023-07-30,536,11,Matthew Pollard
MNT-5988,AST-1378,Predictive,2023-01-29,1875,12,Mark Taylor
MNT-5989,AST-1090,Reactive,2023-09-30,14530,214,William White
MNT-5990,AST-1179,Reactive,2023-11-20,6955,138,Garrett Miller
MNT-5991,AST-1251,Reactive,2023-08-29,11395,133,Catherine James
MNT-5992,AST-1210,Preventive,2023-07-30,896,43,Megan Gilbert
MNT-5993,AST-1489,Reactive,2023-06-25,11444,197,Michael Rollins
MNT-5994,AST-1420,Preventive,2023-09-07,537,16,Benjamin Hunt
MNT-5995,AST-1164,Predictive,2023-04-07,1814,43,Lawrence Thomas
MNT-5996,AST-1192,Reactive,2023-11-18,5445,243,Mr. David Steele
MNT-5997,AST-1156,Preventive,2023-05-24,1327,36,Lori Washington
MNT-5998,AST-1122,Reactive,2023-06-24,6062,190,Todd Russell
MNT-5999,AST-1499,Reactive,2023-06-26,3981,237,Jonathan Carson
MNT-6000,AST-1104,Reactive,2023-10-06,12710,270,Robert Thomas
MNT-6001,AST-1017,Reactive,2023-03-31,5296,141,Courtney Diaz
MNT-6002,AST-1144,Predictive,2023-05-24,1474,5,Megan Brewer
MNT-6003,AST-1337,Emergency,2023-09-15,8843,173,Elizabeth Johnson
MNT-6004,AST-1198,Preventive,2023-02-03,1318,4,Keith Wood
MNT-6005,AST-1025,Reactive,2023-10-09,8238,65,Timothy Barnes
MNT-6006,AST-1203,Preventive,2023-04-19,825,6,Valerie White
MNT-6007,AST-1259,Reactive,2023-08-14,9101,209,Robert Wright
MNT-6008,AST-1113,Reactive,2023-08-02,9730,148,Andrew Williams
MNT-6009,AST-1139,Preventive,2023-07-10,1809,22,Jay Randolph
MNT-6010,AST-1034,Preventive,2023-12-04,1481,23,Anna Potter
MNT-6011,AST-1431,Predictive,2023-04-24,630,44,Steven Hammond
MNT-6012,AST-1419,Reactive,2023-02-07,7771,82,Mckenzie Mitchell
MNT-6013,AST-1134,Reactive,2023-07-17,8658,255,Carla Rose
MNT-6014,AST-1194,Predictive,2023-10-21,1329,4,Dustin Hernandez
MNT-6015,AST-1459,Reactive,2023-10-06,5261,150,Benjamin Brown
MNT-6016,AST-1264,Predictive,2023-10-08,1489,25,Beth Johnson
MNT-6017,AST-1026,Reactive,2023-11-24,3885,241,Taylor Bradford
MNT-6018,AST-1117,Preventive,2023-07-04,1303,33,Shawn Fuller
MNT-6019,AST-1167,Reactive,2023-04-27,8004,241,Ashley Cantrell
MNT-6020,AST-1229,Preventive,2023-12-16,1553,4,Eric Walker
MNT-6021,AST-1181,Preventive,2023-10-25,714,42,Janet Sweeney
MNT-6022,AST-1071,Preventive,2023-08-25,1921,37,John Ramirez
MNT-6023,AST-1021,Predictive,2023-06-08,839,17,Tammy Woods
MNT-6024,AST-1016,Reactive,2023-10-28,13230,95,Curtis Lang
MNT-6025,AST-1006,Emergency,2023-08-07,6229,200,George Crosby
MNT-6026,AST-1290,Preventive,2023-04-14,1177,19,Melissa Nichols
MNT-6027,AST-1342,Predictive,2023-09-19,1932,17,Janet Bright
MNT-6028,AST-1318,Reactive,2023-10-09,11923,164,Matthew Edwards
MNT-6029,AST-1302,Preventive,2023-01-11,1021,7,David Thomas
MNT-6030,AST-1423,Preventive,2023-12-18,1438,36,Jenna Taylor
MNT-6031,AST-1174,Reactive,2023-07-27,4792,63,Christopher Townsend
MNT-6032,AST-1143,Preventive,2023-10-11,717,8,Michael Winters
MNT-6033,AST-1467,Preventive,2023-01-11,1807,38,Robert Ortiz
MNT-6034,AST-1132,Reactive,2023-06-24,6371,275,Amy Hodges
MNT-6035,AST-1382,Predictive,2023-10-09,1344,43,Veronica Martinez
MNT-6036,AST-1089,Predictive,2023-12-06,1329,45,Kristi Cantrell
MNT-6037,AST-1301,Reactive,2023-01-03,4939,214,David Alexander
MNT-6038,AST-1046,Emergency,2023-03-11,5665,233,Matthew Pope
MNT-6039,AST-1227,Preventive,2023-12-13,631,12,Lisa Mccann
MNT-6040,AST-1161,Preventive,2023-11-20,1018,19,Scott Brewer
MNT-6041,AST-1435,Reactive,2023-12-08,9901,177,Heather Green
MNT-6042,AST-1300,Preventive,2023-12-13,1149,12,Steven Gomez
MNT-6043,AST-1276,Preventive,2023-09-29,904,21,Eric Gray
MNT-6044,AST-1103,Preventive,2023-11-05,1803,11,Diana Duncan
MNT-6045,AST-1495,Emergency,2023-12-26,5998,153,Carol King
MNT-6046,AST-1221,Emergency,2023-09-13,5856,124,James Thomas
MNT-6047,AST-1376,Preventive,2023-10-31,1523,6,Michael Hodge
MNT-6048,AST-1230,Reactive,2023-06-27,11382,263,Stephen Jordan
MNT-6049,AST-1135,Reactive,2023-10-10,6165,123,Anthony Roberts
MNT-6050,AST-1163,Preventive,2023-08-03,594,8,Tina Clark
MNT-6051,AST-1272,Predictive,2023-05-24,1948,36,Jennifer Buck
MNT-6052,AST-1038,Preventive,2023-03-01,1093,28,Gloria Harris
MNT-6053,AST-1295,Preventive,2023-06-06,872,5,William Rowland
MNT-6054,AST-1099,Preventive,2023-07-11,886,25,Beth Harris
MNT-6055,AST-1299,Reactive,2023-04-04,4771,256,Richard Young
MNT-6056,AST-1072,Emergency,2023-11-29,5211,291,Crystal Stephenson
MNT-6057,AST-1110,Preventive,2023-03-24,1292,32,Robert Summers
MNT-6058,AST-1444,Reactive,2023-07-20,9901,299,Brian Hood
MNT-6059,AST-1021,Predictive,2023-12-25,729,39,Thomas Webb
MNT-6060,AST-1434,Reactive,2023-11-28,2434,253,Linda Abbott
MNT-6061,AST-1169,Emergency,2023-03-01,11720,150,Michele Walter
MNT-6062,AST-1054,Reactive,2023-09-01,9996,159,John Brown
MNT-6063,AST-1202,Emergency,2023-05-05,12883,138,Kurt White
MNT-6064,AST-1235,Predictive,2023-08-24,1342,40,Samuel Harding
MNT-6065,AST-1475,Reactive,2023-10-31,10418,137,Nathan Frank
MNT-6066,AST-1496,Reactive,2023-04-12,3263,81,Regina Simmons
MNT-6067,AST-1357,Emergency,2023-08-18,8310,96,Timothy Olson
MNT-6068,AST-1236,Preventive,2023-11-21,1424,26,Barbara Clark
MNT-6069,AST-1387,Emergency,2023-03-30,13326,175,Dr. Lisa Garcia
MNT-6070,AST-1284,Predictive,2023-02-27,765,9,Katherine Lamb
MNT-6071,AST-1277,Reactive,2023-08-18,4195,214,David Foster
MNT-6072,AST-1016,Predictive,2023-01-07,555,16,Dylan Fitzpatrick
MNT-6073,AST-1236,Preventive,2023-11-17,1802,5,Bobby Rangel
MNT-6074,AST-1274,Reactive,2023-10-26,6391,172,Cheyenne Williams
MNT-6075,AST-1318,Predictive,2023-12-30,1694,1,Todd Bennett
MNT-6076,AST-1416,Emergency,2023-02-26,14683,75,Ronald Russo
MNT-6077,AST-1318,Emergency,2023-12-12,13416,215,Tony Fleming
MNT-6078,AST-1118,Preventive,2023-08-30,1488,15,Bryan Bradshaw
MNT-6079,AST-1061,Preventive,2023-08-15,660,25,Melissa Barton
MNT-6080,AST-1333,Preventive,2023-10-06,1046,15,David Cardenas
MNT-6081,AST-1324,Preventive,2023-04-17,736,5,Ashley Holmes
MNT-6082,AST-1221,Reactive,2023-04-15,7299,65,Pamela Crawford
MNT-6083,AST-1285,Preventive,2023-11-29,1357,32,Sandra Peterson
MNT-6084,AST-1369,Predictive,2023-12-01,1850,28,Nicholas Johnson
MNT-6085,AST-1470,Preventive,2023-01-18,1956,21,Veronica Williams
MNT-6086,AST-1201,Preventive,2023-12-04,1895,33,Adam Garcia
MNT-6087,AST-1333,Preventive,2023-11-26,1092,43,Mary Mcgee
MNT-6088,AST-1341,Reactive,2023-12-27,6653,116,Victor Hughes
MNT-6089,AST-1263,Predictive,2023-07-26,1826,39,Jodi Donaldson
MNT-6090,AST-1269,Preventive,2023-12-31,784,40,Donna Tate
MNT-6091,AST-1118,Reactive,2023-10-08,7486,177,Jay Baldwin
MNT-6092,AST-1134,Emergency,2023-10-30,12004,212,Michael Black
MNT-6093,AST-1448,Preventive,2023-12-04,1469,19,Timothy Oconnell
MNT-6094,AST-1390,Predictive,2023-10-07,1514,21,Aaron Harris
MNT-6095,AST-1267,Predictive,2023-10-22,833,29,Kyle Evans
MNT-6096,AST-1381,Emergency,2023-05-16,4228,170,Omar Wright
MNT-6097,AST-1122,Preventive,2023-01-21,1779,29,Austin Gonzalez
MNT-6098,AST-1292,Reactive,2023-05-24,2727,280,Joel Taylor
MNT-6099,AST-1324,Reactive,2023-10-11,3592,241,Matthew Valenzuela
MNT-6100,AST-1039,Preventive,2023-01-20,1661,4,Andrew Duran
MNT-6101,AST-1184,Reactive,2023-07-04,3733,119,Sergio Barker
MNT-6102,AST-1064,Emergency,2023-12-30,12730,98,Katherine Hart
MNT-6103,AST-1174,Predictive,2023-05-02,874,19,Paul Lee
MNT-6104,AST-1131,Predictive,2023-06-22,1128,16,Jacob Chavez
MNT-6105,AST-1438,Reactive,2023-05-27,2544,298,Amanda Wright
MNT-6106,AST-1342,Reactive,2023-05-25,5727,156,Sandy Garcia
MNT-6107,AST-1178,Predictive,2023-08-23,1174,19,Melissa Bowman
MNT-6108,AST-1002,Reactive,2023-05-14,5608,84,Mrs. Michelle Myers
MNT-6109,AST-1131,Predictive,2023-08-04,1407,11,Destiny Marquez
MNT-6110,AST-1072,Reactive,2023-03-14,12484,290,Grant Myers
MNT-6111,AST-1135,Preventive,2023-02-01,864,23,Robert Harris Jr.
MNT-6112,AST-1352,Reactive,2023-04-15,11294,245,Dr. Madeline Morgan
MNT-6113,AST-1069,Predictive,2023-11-30,928,9,Patricia Nelson
MNT-6114,AST-1194,Reactive,2023-08-01,10030,288,Nicole Gutierrez
MNT-6115,AST-1491,Preventive,2023-02-05,1525,32,Kevin Mills
MNT-6116,AST-1490,Reactive,2023-05-05,3127,96,Walter Edwards
MNT-6117,AST-1031,Predictive,2023-01-16,660,13,Natalie Turner
MNT-6118,AST-1427,Preventive,2023-02-09,1362,0,Ralph Ramirez
MNT-6119,AST-1466,Preventive,2023-06-04,1714,40,Matthew Peterson
MNT-6120,AST-1033,Emergency,2023-11-24,10403,292,Maria Hudson DDS
MNT-6121,AST-1413,Reactive,2023-05-21,9611,258,Jesse Stewart
MNT-6122,AST-1113,Reactive,2023-01-12,7202,102,Alejandra Williams MD
MNT-6123,AST-1320,Preventive,2023-03-16,848,40,Harold Johnson
MNT-6124,AST-1155,Reactive,2023-11-15,13935,237,Wesley Cummings
MNT-6125,AST-1223,Preventive,2023-05-14,863,3,Cindy Cobb
MNT-6126,AST-1379,Predictive,2023-08-07,1306,38,Thomas King
MNT-6127,AST-1405,Reactive,2023-11-07,4415,203,Ronald Taylor
MNT-6128,AST-1204,Preventive,2023-01-20,1669,36,Ronnie Johnson
MNT-6129,AST-1137,Reactive,2023-01-04,8539,232,Dr. Gregory Shaw
MNT-6130,AST-1438,Preventive,2023-06-08,1876,20,Yvonne Wood
MNT-6131,AST-1469,Emergency,2023-02-12,2268,174,Nicholas Garcia
MNT-6132,AST-1195,Predictive,2023-12-15,2000,27,Stephen Ramirez
MNT-6133,AST-1381,Predictive,2023-07-22,1017,30,Kathleen Maynard
MNT-6134,AST-1465,Preventive,2023-04-05,1356,7,Tiffany Martin
MNT-6135,AST-1455,Preventive,2023-09-07,1424,24,Linda Carrillo
MNT-6136,AST-1489,Emergency,2023-05-14,3539,192,Danny Peterson
MNT-6137,AST-1459,Predictive,2023-06-15,1882,7,James Graves
MNT-6138,AST-1206,Reactive,2023-09-24,2008,102,Andrew Browning
MNT-6139,AST-1003,Predictive,2023-04-30,738,1,Taylor Obrien
MNT-6140,AST-1087,Preventive,2023-04-12,1784,24,Alexander Osborne
MNT-6141,AST-1178,Preventive,2023-07-30,1686,11,Todd Young
MNT-6142,AST-1302,Reactive,2023-02-06,3588,213,Brittany Wall
MNT-6143,AST-1366,Predictive,2023-11-27,1087,2,Megan Yates
MNT-6144,AST-1248,Preventive,2023-01-10,1510,15,Raymond Ortiz
MNT-6145,AST-1053,Reactive,2023-07-19,11253,223,Nicholas Cummings
MNT-6146,AST-1055,Predictive,2023-03-15,503,19,Anthony Walters
MNT-6147,AST-1438,Preventive,2023-01-04,1596,34,Maria Gutierrez
MNT-6148,AST-1254,Preventive,2023-03-25,1933,25,Hannah Allen
MNT-6149,AST-1009,Preventive,2023-08-15,1926,16,Shannon Wilson
MNT-6150,AST-1405,Emergency,2023-11-21,6015,165,Stephanie Simpson
MNT-6151,AST-1305,Preventive,2023-02-28,941,27,Melissa Brown
MNT-6152,AST-1312,Reactive,2023-05-26,8194,251,Edward Sanford
MNT-6153,AST-1081,Predictive,2023-04-29,1595,3,Tyler Fernandez
MNT-6154,AST-1439,Reactive,2023-07-20,14864,243,Michael Woodard
MNT-6155,AST-1410,Reactive,2023-06-10,7817,60,Steven Hardin
MNT-6156,AST-1423,Preventive,2023-02-04,1486,31,Teresa Parrish
MNT-6157,AST-1296,Predictive,2023-02-14,1691,16,Brandon Kim
MNT-6158,AST-1026,Emergency,2023-08-19,13853,176,Janet Gonzalez
MNT-6159,AST-1266,Reactive,2023-02-24,13664,159,Edward Haas
MNT-6160,AST-1378,Preventive,2023-01-13,1805,9,Jeremy Smith
MNT-6161,AST-1185,Preventive,2023-04-18,1439,25,Stephen Ray
MNT-6162,AST-1181,Reactive,2023-09-21,14263,177,Austin Briggs
MNT-6163,AST-1140,Reactive,2023-04-22,10271,145,Mark Gentry DDS
MNT-6164,AST-1186,Preventive,2023-10-02,1471,1,William Tucker
MNT-6165,AST-1434,Predictive,2023-04-07,1494,8,Haley Jones
MNT-6166,AST-1415,Reactive,2023-02-22,14357,178,Scott Kelly
MNT-6167,AST-1194,Reactive,2023-09-26,13963,76,Samantha Jimenez
MNT-6168,AST-1085,Reactive,2023-09-10,9872,158,Lisa Richardson
MNT-6169,AST-1224,Emergency,2023-09-08,5424,262,Lisa Lopez DDS
MNT-6170,AST-1365,Reactive,2023-09-12,5175,118,Catherine Charles
MNT-6171,AST-1448,Reactive,2023-05-14,6775,87,Nicholas York
MNT-6172,AST-1305,Reactive,2023-05-12,9033,298,Crystal Diaz
MNT-6173,AST-1252,Emergency,2023-05-24,4869,157,Dennis Reed
MNT-6174,AST-1222,Reactive,2023-07-06,12133,203,Kelly Thomas
MNT-6175,AST-1041,Predictive,2023-04-26,1981,2,Marcus Ferrell
MNT-6176,AST-1282,Reactive,2023-09-09,13963,157,Mary Wyatt
MNT-6177,AST-1002,Preventive,2023-10-15,1095,25,Todd Rodriguez
MNT-6178,AST-1255,Predictive,2023-06-10,1631,2,Eric Lane
MNT-6179,AST-1220,Reactive,2023-11-04,7616,98,Diane Swanson
MNT-6180,AST-1243,Predictive,2023-06-01,1462,43,Kimberly Beard MD
MNT-6181,AST-1491,Preventive,2023-04-29,626,30,Timothy Carpenter
MNT-6182,AST-1388,Reactive,2023-01-12,7943,256,Tanya Miller
MNT-6183,AST-1170,Reactive,2023-06-03,4510,181,Gary Fitzgerald
MNT-6184,AST-1436,Reactive,2023-01-16,14651,152,Austin Bentley
MNT-6185,AST-1297,Predictive,2023-03-15,937,16,Stephanie Garza
MNT-6186,AST-1085,Reactive,2023-09-29,14435,244,Steve Cline
MNT-6187,AST-1291,Reactive,2023-09-24,12656,234,Michael Strickland
MNT-6188,AST-1431,Predictive,2023-10-11,892,19,Jennifer Sharp
MNT-6189,AST-1237,Preventive,2023-07-26,679,30,Jessica Allen
MNT-6190,AST-1343,Predictive,2023-05-31,1701,39,Kristie Davis
MNT-6191,AST-1374,Preventive,2023-10-15,1794,43,Samuel Clarke
MNT-6192,AST-1270,Preventive,2023-02-18,1446,36,Charles Sanchez
MNT-6193,AST-1234,Reactive,2023-08-27,2248,173,Carlos Gregory
MNT-6194,AST-1313,Preventive,2023-03-17,716,8,Paul Johnson
MNT-6195,AST-1122,Preventive,2023-07-16,1300,20,James Pennington
MNT-6196,AST-1281,Reactive,2023-11-24,4529,142,Cassandra Mitchell
MNT-6197,AST-1301,Predictive,2023-07-08,1511,14,Mark Townsend
MNT-6198,AST-1138,Reactive,2023-04-11,7957,225,Karla Franklin
MNT-6199,AST-1151,Preventive,2023-07-16,745,2,Chris Stephenson
MNT-6200,AST-1353,Preventive,2023-06-28,982,39,Laura Monroe
MNT-6201,AST-1135,Predictive,2023-12-25,1515,1,Thomas Kidd
MNT-6202,AST-1273,Reactive,2023-12-24,4201,162,Adam King
MNT-6203,AST-1051,Preventive,2023-02-20,1156,11,Jill Montgomery
MNT-6204,AST-1100,Preventive,2023-12-15,614,17,Nancy Friedman
MNT-6205,AST-1387,Preventive,2023-03-02,1621,38,Nancy Watson
MNT-6206,AST-1363,Reactive,2023-09-30,4612,146,Arthur Harris
MNT-6207,AST-1205,Preventive,2023-11-26,1126,19,Dana Diaz
MNT-6208,AST-1348,Preventive,2023-10-05,1088,23,Dr. Carla Logan DVM
MNT-6209,AST-1128,Preventive,2023-01-11,916,40,Cory Sanchez
MNT-6210,AST-1453,Emergency,2023-05-09,9053,152,Monica Logan
MNT-6211,AST-1204,Predictive,2023-02-20,1694,6,Dr. Kathleen Conway
MNT-6212,AST-1063,Preventive,2023-03-27,571,20,Mrs. Julie Hendricks
MNT-6213,AST-1377,Reactive,2023-12-31,8161,112,Kristina Murphy
MNT-6214,AST-1068,Predictive,2023-10-28,1102,0,Mrs. Amy Mendoza
MNT-6215,AST-1434,Reactive,2023-05-07,10875,125,Jonathan Garrison
MNT-6216,AST-1008,Preventive,2023-09-23,1432,23,Andres Wiggins
MNT-6217,AST-1227,Preventive,2023-12-10,662,3,Bryan Williams
MNT-6218,AST-1485,Emergency,2023-12-11,4833,83,James Owen
MNT-6219,AST-1192,Reactive,2023-11-01,10019,157,Rick Rodriguez
MNT-6220,AST-1205,Predictive,2023-07-06,861,6,Beth Ferguson
MNT-6221,AST-1216,Preventive,2023-08-08,1422,3,Kari Dunlap
MNT-6222,AST-1064,Preventive,2023-12-20,1111,1,Clifford Peterson
MNT-6223,AST-1377,Preventive,2023-10-25,1280,2,Kathleen Simmons
MNT-6224,AST-1350,Reactive,2023-04-18,7450,295,Susan Bell
MNT-6225,AST-1046,Preventive,2023-09-03,1706,16,David Sparks
MNT-6226,AST-1035,Predictive,2023-10-29,1177,24,Mr. Robert Bruce
MNT-6227,AST-1254,Preventive,2023-07-21,1400,43,Debra Cisneros
MNT-6228,AST-1034,Predictive,2023-05-03,1067,12,Raymond Hunter
MNT-6229,AST-1159,Preventive,2023-01-30,1770,5,Audrey Davenport
MNT-6230,AST-1187,Predictive,2023-03-09,830,19,Sandra Lee
MNT-6231,AST-1056,Reactive,2023-11-22,7722,183,Kayla Snyder
MNT-6232,AST-1288,Preventive,2023-01-06,1575,9,Carrie Walsh
MNT-6233,AST-1154,Preventive,2023-11-26,1705,37,Tracy Medina
MNT-6234,AST-1413,Preventive,2023-07-22,943,4,Russell Evans
MNT-6235,AST-1341,Preventive,2023-07-31,609,14,Joseph Cannon
MNT-6236,AST-1408,Emergency,2023-01-02,9941,60,Julia Mcknight
MNT-6237,AST-1208,Reactive,2023-05-11,5905,208,Katrina Shelton
MNT-6238,AST-1474,Preventive,2023-07-20,890,34,Dana Castillo
MNT-6239,AST-1116,Preventive,2023-08-21,1491,12,Patricia Avila
MNT-6240,AST-1057,Reactive,2023-06-25,4697,114,Whitney Phillips
MNT-6241,AST-1350,Predictive,2023-10-18,1280,32,Tommy Duncan
MNT-6242,AST-1134,Preventive,2023-05-24,879,23,Jennifer West
MNT-6243,AST-1070,Reactive,2023-12-07,9548,70,Thomas Green
MNT-6244,AST-1257,Reactive,2023-12-28,10396,233,Neil Maxwell
MNT-6245,AST-1095,Preventive,2023-03-05,1138,20,Mr. Ruben Mills MD
MNT-6246,AST-1231,Preventive,2023-03-07,1129,35,Dr. Amy White
MNT-6247,AST-1246,Reactive,2023-02-18,6800,164,Jonathan Werner
MNT-6248,AST-1056,Predictive,2023-04-19,1109,40,Emma Blevins
MNT-6249,AST-1267,Preventive,2023-10-05,638,10,Aaron Moore
MNT-6250,AST-1261,Predictive,2023-11-24,1287,6,Amy White
MNT-6251,AST-1141,Preventive,2023-08-27,1606,24,James Henry
MNT-6252,AST-1071,Predictive,2023-05-12,1408,39,Tanya Oconnor
MNT-6253,AST-1303,Preventive,2023-04-07,750,9,Felicia Mcdonald
MNT-6254,AST-1143,Emergency,2023-02-09,3236,136,Christian Webb
MNT-6255,AST-1037,Preventive,2023-03-29,1939,0,Douglas Joseph
MNT-6256,AST-1258,Reactive,2023-03-17,4190,107,Rebecca Phillips
MNT-6257,AST-1257,Predictive,2023-02-12,1274,17,Monica Carter
MNT-6258,AST-1090,Predictive,2023-05-28,768,28,Craig Vance
MNT-6259,AST-1411,Reactive,2023-01-02,10402,177,Tina Russell DDS
MNT-6260,AST-1296,Emergency,2023-09-10,10159,121,Colleen Turner
MNT-6261,AST-1027,Reactive,2023-04-25,14302,242,Daniel Roberts
MNT-6262,AST-1103,Predictive,2023-10-05,1416,24,Sheila Shaw
MNT-6263,AST-1305,Reactive,2023-04-01,12012,213,Tonya Roberts
MNT-6264,AST-1243,Reactive,2023-02-26,6378,131,Laura Rodriguez
MNT-6265,AST-1195,Preventive,2023-10-10,658,4,Crystal Gonzalez
MNT-6266,AST-1237,Reactive,2023-09-10,7441,293,Kimberly Jordan
MNT-6267,AST-1180,Preventive,2023-01-01,1837,14,Daniel Sanchez
MNT-6268,AST-1015,Emergency,2023-05-08,9916,173,Mr. Henry Robinson
MNT-6269,AST-1250,Preventive,2023-02-20,518,22,Christopher Garcia
MNT-6270,AST-1381,Predictive,2023-04-19,640,38,Kevin Patton
MNT-6271,AST-1080,Emergency,2023-01-26,14779,61,Jorge Goodwin
MNT-6272,AST-1203,Preventive,2023-04-09,1264,19,Elizabeth Carson
MNT-6273,AST-1011,Preventive,2023-12-17,1678,29,Meghan Wang
MNT-6274,AST-1271,Preventive,2023-08-12,1175,36,Wendy Freeman
MNT-6275,AST-1496,Preventive,2023-09-20,672,28,Colton Cook
MNT-6276,AST-1245,Preventive,2023-08-06,722,7,Christian Reed
MNT-6277,AST-1446,Predictive,2023-10-06,589,5,Selena Scott
MNT-6278,AST-1412,Preventive,2023-12-05,1328,8,Nancy Bell
MNT-6279,AST-1055,Preventive,2023-01-05,632,21,Christopher Everett
MNT-6280,AST-1033,Reactive,2023-01-21,14070,128,Scott May
MNT-6281,AST-1441,Preventive,2023-11-23,1788,17,Willie Collins
MNT-6282,AST-1009,Preventive,2023-08-08,627,16,Patrick Bradford
MNT-6283,AST-1220,Preventive,2023-11-17,1344,26,Patricia Watts
MNT-6284,AST-1250,Preventive,2023-04-12,1511,15,David Taylor
MNT-6285,AST-1121,Reactive,2023-06-12,11804,91,Daniel Stout
MNT-6286,AST-1468,Preventive,2023-06-30,1015,13,Donna Jackson
MNT-6287,AST-1115,Preventive,2023-08-15,524,38,John Suarez
MNT-6288,AST-1418,Preventive,2023-01-18,960,22,Kevin Buchanan
MNT-6289,AST-1430,Emergency,2023-11-25,3952,179,Susan Sanders
MNT-6290,AST-1112,Preventive,2023-12-13,1256,14,Tyler Kim
MNT-6291,AST-1405,Reactive,2023-02-16,8934,251,Ernest Clark
MNT-6292,AST-1129,Reactive,2023-11-05,4169,124,Kelly Ferguson
MNT-6293,AST-1450,Preventive,2023-04-10,1301,19,Bernard Hayes
MNT-6294,AST-1195,Preventive,2023-04-13,1441,27,David Garza
MNT-6295,AST-1254,Emergency,2023-12-14,6828,60,Raven Hurley
MNT-6296,AST-1142,Predictive,2023-05-07,744,32,Nicholas Kline
MNT-6297,AST-1494,Reactive,2023-03-20,4470,148,Joe Williams
MNT-6298,AST-1154,Reactive,2023-03-06,11585,77,Terri Hensley
MNT-6299,AST-1405,Emergency,2023-07-01,9926,258,Ryan Torres
MNT-6300,AST-1309,Preventive,2023-01-04,682,8,Anthony Jenkins
MNT-6301,AST-1093,Predictive,2023-05-24,577,33,Wesley Campbell
MNT-6302,AST-1264,Preventive,2023-07-25,1611,27,John Lewis
MNT-6303,AST-1485,Predictive,2023-07-27,1822,6,Jill Johnson
MNT-6304,AST-1282,Preventive,2023-10-01,1895,9,Pamela Odonnell
MNT-6305,AST-1147,Reactive,2023-07-05,11306,217,Jill Miles
MNT-6306,AST-1085,Emergency,2023-08-15,6802,205,Michael Black
MNT-6307,AST-1391,Emergency,2023-07-16,8615,171,Laura Bell
MNT-6308,AST-1437,Emergency,2023-01-25,12312,278,Sarah Carr
MNT-6309,AST-1013,Reactive,2023-01-10,7534,103,Joshua Blair
MNT-6310,AST-1486,Reactive,2023-02-10,7464,72,Ricky Cooper
MNT-6311,AST-1431,Emergency,2023-12-01,7568,117,Tracy Cooper
MNT-6312,AST-1142,Preventive,2023-01-17,1935,19,John Clark
MNT-6313,AST-1372,Predictive,2023-09-15,1303,2,Gregory Williams
MNT-6314,AST-1300,Reactive,2023-01-07,14429,64,Alexander Bentley
MNT-6315,AST-1069,Preventive,2023-12-15,520,40,Beth Mendoza
MNT-6316,AST-1422,Reactive,2023-07-10,8094,66,Teresa Vega
MNT-6317,AST-1042,Predictive,2023-10-18,592,13,Paula Lowe
MNT-6318,AST-1470,Emergency,2023-01-28,14496,123,William Luna
MNT-6319,AST-1015,Predictive,2023-02-23,1788,45,Roy Mitchell
MNT-6320,AST-1099,Reactive,2023-03-21,8437,109,Jonathan Gould
MNT-6321,AST-1425,Preventive,2023-04-18,500,34,Ruben Castillo
MNT-6322,AST-1234,Reactive,2023-07-01,2803,256,Katherine Hayes
MNT-6323,AST-1348,Reactive,2023-07-04,10798,93,Cheyenne Norton
MNT-6324,AST-1448,Preventive,2023-06-03,1875,20,Donald Jacobs
MNT-6325,AST-1437,Predictive,2023-07-18,1745,37,Brandon Riddle
MNT-6326,AST-1315,Predictive,2023-08-23,645,28,Allen Romero
MNT-6327,AST-1333,Preventive,2023-09-05,1224,43,Anthony Lam
MNT-6328,AST-1021,Reactive,2023-02-24,6309,226,Rodney Cunningham
MNT-6329,AST-1067,Reactive,2023-07-01,12269,269,Jennifer Gentry
MNT-6330,AST-1450,Predictive,2023-01-01,1134,45,Scott Brady
MNT-6331,AST-1347,Preventive,2023-05-05,1820,34,Marisa Vaughan
MNT-6332,AST-1062,Predictive,2023-09-05,792,45,Mary Dean
MNT-6333,AST-1095,Preventive,2023-10-23,1805,9,Crystal Summers
MNT-6334,AST-1494,Reactive,2023-12-07,13682,250,Anna Green
MNT-6335,AST-1399,Emergency,2023-12-26,12192,274,Carrie Thompson
MNT-6336,AST-1160,Predictive,2023-08-27,683,13,Cory Munoz
MNT-6337,AST-1461,Reactive,2023-10-30,2738,105,Frances Jones
MNT-6338,AST-1491,Preventive,2023-03-23,1050,37,Mark Johnston
MNT-6339,AST-1451,Preventive,2023-06-13,822,13,Sheila Rojas
MNT-6340,AST-1144,Reactive,2023-07-30,10010,288,Curtis Williams
MNT-6341,AST-1379,Predictive,2023-07-17,1862,16,Cynthia Lawrence
MNT-6342,AST-1186,Preventive,2023-08-28,1660,3,Victoria Mendoza
MNT-6343,AST-1208,Reactive,2023-07-03,11564,263,Jeffrey Simmons
MNT-6344,AST-1257,Predictive,2023-07-11,524,10,Melanie Bird
MNT-6345,AST-1393,Reactive,2023-05-15,3460,107,Tom Reyes
MNT-6346,AST-1250,Predictive,2023-12-29,986,8,Billy Norton
MNT-6347,AST-1492,Reactive,2023-04-19,11970,200,Yvette Cox
MNT-6348,AST-1429,Reactive,2023-08-16,2362,149,Eric Ramos
MNT-6349,AST-1041,Reactive,2023-01-17,2033,122,Anna Turner
MNT-6350,AST-1282,Preventive,2023-07-26,1232,37,Rachael Stevenson
MNT-6351,AST-1024,Reactive,2023-05-07,4607,230,Amy Callahan
MNT-6352,AST-1406,Preventive,2023-05-06,1905,16,Amy Robertson
MNT-6353,AST-1369,Predictive,2023-07-18,770,4,Joshua Fernandez
MNT-6354,AST-1339,Predictive,2023-11-20,1991,27,William Burton
MNT-6355,AST-1126,Emergency,2023-10-07,13640,70,Joshua Gray
MNT-6356,AST-1092,Preventive,2023-04-07,1410,35,Paul Richardson
MNT-6357,AST-1221,Preventive,2023-01-14,1245,0,Andrew Young
MNT-6358,AST-1433,Reactive,2023-07-18,14612,295,Chelsea Crawford
MNT-6359,AST-1399,Preventive,2023-07-21,1256,0,Cody Gordon
MNT-6360,AST-1395,Preventive,2023-10-06,1883,45,Brandon Long
MNT-6361,AST-1220,Reactive,2023-04-20,13851,219,Lindsey Patterson
MNT-6362,AST-1370,Predictive,2023-12-02,900,5,Allen Lee
MNT-6363,AST-1066,Preventive,2023-10-28,1425,38,Whitney Barry
MNT-6364,AST-1014,Preventive,2023-01-26,963,8,Louis Brewer
MNT-6365,AST-1404,Preventive,2023-06-10,849,41,Wendy Keller
MNT-6366,AST-1231,Reactive,2023-09-01,4009,85,Amber James
MNT-6367,AST-1150,Preventive,2023-09-13,747,31,Lori Hartman
MNT-6368,AST-1294,Reactive,2023-10-20,6395,103,Emily Wright
MNT-6369,AST-1445,Preventive,2023-07-07,1338,14,Benjamin Robles
MNT-6370,AST-1458,Emergency,2023-05-04,11174,124,Dawn Berry
MNT-6371,AST-1138,Reactive,2023-03-12,12382,85,Michael Ayers
MNT-6372,AST-1192,Predictive,2023-08-14,527,44,William Mahoney
MNT-6373,AST-1081,Predictive,2023-09-24,967,38,Stephanie Perez
MNT-6374,AST-1243,Preventive,2023-12-15,1991,43,Brent Gray
MNT-6375,AST-1204,Preventive,2023-09-25,727,3,Luis Savage
MNT-6376,AST-1198,Reactive,2023-12-12,14470,129,Matthew Alexander
MNT-6377,AST-1077,Reactive,2023-09-10,4289,295,Jennifer Gardner
MNT-6378,AST-1461,Reactive,2023-01-26,6630,131,Amber Lawrence
MNT-6379,AST-1426,Preventive,2023-06-12,607,24,Michael Vazquez Jr.
MNT-6380,AST-1015,Predictive,2023-11-03,1444,3,Caitlyn Green
MNT-6381,AST-1444,Preventive,2023-05-27,600,7,Susan Dominguez
MNT-6382,AST-1010,Reactive,2023-11-21,11377,158,Monica Robinson PhD
MNT-6383,AST-1014,Reactive,2023-09-24,12401,88,Paula Rodriguez
MNT-6384,AST-1052,Reactive,2023-11-24,10171,135,Jackson Blackwell
MNT-6385,AST-1186,Reactive,2023-06-20,4989,257,Joseph Price
MNT-6386,AST-1367,Reactive,2023-05-09,12303,206,Shane Fox
MNT-6387,AST-1011,Reactive,2023-08-15,3927,76,Angela Hughes
MNT-6388,AST-1299,Reactive,2023-03-13,8679,170,Rachel Martin
MNT-6389,AST-1226,Preventive,2023-07-07,854,34,Elizabeth Smith
MNT-6390,AST-1302,Predictive,2023-02-10,1374,25,Anna Cervantes
MNT-6391,AST-1286,Predictive,2023-05-29,1801,10,Michelle Turner
MNT-6392,AST-1097,Reactive,2023-10-05,14142,132,Kent Hunt
MNT-6393,AST-1126,Predictive,2023-05-09,1013,34,Sierra Johnson
MNT-6394,AST-1141,Reactive,2023-04-21,4918,103,Katrina Petty
MNT-6395,AST-1261,Predictive,2023-02-02,784,45,Mark Rodriguez
MNT-6396,AST-1470,Preventive,2023-12-12,909,25,Jessica Cruz
MNT-6397,AST-1263,Preventive,2023-09-22,1889,0,Rebecca Williams
MNT-6398,AST-1153,Preventive,2023-02-25,675,38,Jody Adams
MNT-6399,AST-1242,Emergency,2023-05-05,8733,115,Maria Lopez
MNT-6400,AST-1164,Reactive,2023-10-11,8511,216,Donald Murray
MNT-6401,AST-1303,Preventive,2023-08-10,1659,10,Brittany Mcdowell
MNT-6402,AST-1335,Reactive,2023-05-22,5127,271,Amanda Jones
MNT-6403,AST-1488,Reactive,2023-11-04,6505,299,Brenda Colon
MNT-6404,AST-1373,Predictive,2023-09-20,1605,17,Charles Blackburn
MNT-6405,AST-1161,Predictive,2023-09-22,1715,45,Morgan Young
MNT-6406,AST-1304,Preventive,2023-01-11,1367,36,Luis Martin
MNT-6407,AST-1444,Reactive,2023-11-11,7200,118,Michael Jackson
MNT-6408,AST-1344,Reactive,2023-07-19,11316,110,Stephen Cook
MNT-6409,AST-1107,Preventive,2023-07-16,1719,28,Grant Dennis
MNT-6410,AST-1217,Preventive,2023-11-05,1046,16,Wayne Mills
MNT-6411,AST-1110,Predictive,2023-11-16,690,3,Daniel Rodriguez
MNT-6412,AST-1169,Preventive,2023-06-09,957,24,James Bridges
MNT-6413,AST-1177,Reactive,2023-06-13,2206,112,Michael Quinn
MNT-6414,AST-1150,Preventive,2023-12-29,1085,36,Suzanne Fitzgerald
MNT-6415,AST-1185,Predictive,2023-01-24,716,39,Sheila Long
MNT-6416,AST-1099,Predictive,2023-07-05,994,1,Julie Ryan
MNT-6417,AST-1375,Preventive,2023-04-09,1635,2,Stephanie Ramirez
MNT-6418,AST-1145,Predictive,2023-04-28,1803,13,Kylie Bridges
MNT-6419,AST-1319,Predictive,2023-04-04,1179,37,William Russell
MNT-6420,AST-1085,Reactive,2023-02-13,12595,169,Rebecca Boyer
MNT-6421,AST-1257,Reactive,2023-12-26,11154,232,Miss Dominique Hill
MNT-6422,AST-1374,Predictive,2023-11-19,737,20,Joseph Gallegos
MNT-6423,AST-1290,Reactive,2023-06-15,9921,289,Ashley Horne
MNT-6424,AST-1263,Preventive,2023-11-19,754,0,Kathleen Miller
MNT-6425,AST-1143,Preventive,2023-01-10,729,2,Kristen Coleman
MNT-6426,AST-1164,Preventive,2023-01-17,1197,29,Paul Miller
MNT-6427,AST-1383,Preventive,2023-06-01,1403,37,Kristin Robinson
MNT-6428,AST-1439,Preventive,2023-04-14,502,14,Linda Lee
MNT-6429,AST-1138,Preventive,2023-12-02,909,23,Lindsey Watson
MNT-6430,AST-1478,Preventive,2023-04-13,1931,0,Justin Washington
MNT-6431,AST-1203,Predictive,2023-09-04,1594,34,Joseph Bryan
MNT-6432,AST-1236,Reactive,2023-11-08,14036,257,Linda Frye DDS
MNT-6433,AST-1047,Emergency,2023-04-02,2256,223,Parker Pollard
MNT-6434,AST-1079,Reactive,2023-01-01,11436,128,Cynthia Decker
MNT-6435,AST-1152,Emergency,2023-09-06,11908,273,Kristine Phelps
MNT-6436,AST-1223,Reactive,2023-06-18,11327,275,Theresa Bennett
MNT-6437,AST-1420,Preventive,2023-11-19,1187,45,Paul Faulkner
MNT-6438,AST-1051,Reactive,2023-12-22,5297,237,Alvin Johnson
MNT-6439,AST-1126,Reactive,2023-04-15,7389,101,Dawn Beasley
MNT-6440,AST-1470,Preventive,2023-06-16,646,15,John Decker
MNT-6441,AST-1166,Preventive,2023-01-31,1335,37,Elizabeth Newton
MNT-6442,AST-1287,Preventive,2023-05-24,1471,42,Daniel Alvarado
MNT-6443,AST-1476,Preventive,2023-05-04,1867,22,Joshua Moore
MNT-6444,AST-1454,Preventive,2023-11-13,900,40,Ashley Butler
MNT-6445,AST-1379,Reactive,2023-05-04,8574,160,Jonathan Cook
MNT-6446,AST-1199,Preventive,2023-12-28,1986,39,Ashley Ortiz
MNT-6447,AST-1097,Preventive,2023-02-13,548,4,Kim Kirk
MNT-6448,AST-1275,Preventive,2023-02-07,1016,41,Cynthia Tate
MNT-6449,AST-1257,Preventive,2023-01-03,1733,25,Jonathan Hall
MNT-6450,AST-1006,Predictive,2023-03-10,1241,28,Brandon Sweeney
MNT-6451,AST-1461,Predictive,2023-03-09,1714,11,Timothy Young
MNT-6452,AST-1326,Predictive,2023-07-06,1242,42,Elizabeth Leon
MNT-6453,AST-1382,Preventive,2023-04-12,579,43,James Collins
MNT-6454,AST-1285,Preventive,2023-12-05,1331,21,Jamie Pham
MNT-6455,AST-1418,Preventive,2023-08-19,1647,4,Daniel Phillips
MNT-6456,AST-1049,Reactive,2023-12-31,8726,155,Sarah Walker
MNT-6457,AST-1059,Preventive,2023-05-01,1854,2,Joseph Taylor
MNT-6458,AST-1441,Emergency,2023-06-16,11750,182,Debra Cole
MNT-6459,AST-1050,Preventive,2023-07-31,1428,20,John Vargas
MNT-6460,AST-1198,Reactive,2023-05-21,14466,146,Vanessa Fischer
MNT-6461,AST-1389,Preventive,2023-11-02,1282,42,Jennifer Henry
MNT-6462,AST-1412,Reactive,2023-07-30,13553,295,Laura Campos
MNT-6463,AST-1432,Predictive,2023-02-24,881,16,Elizabeth Hunt
MNT-6464,AST-1497,Preventive,2023-03-17,1873,25,Manuel Huang
MNT-6465,AST-1010,Reactive,2023-11-18,8047,189,Jacob Bailey
MNT-6466,AST-1145,Preventive,2024-01-01,936,34,Jill Rice
MNT-6467,AST-1111,Predictive,2023-03-12,1831,1,Diana Carr
MNT-6468,AST-1474,Predictive,2023-08-26,1837,6,Monica Thompson
MNT-6469,AST-1490,Preventive,2023-02-21,1182,3,Johnny Randolph
MNT-6470,AST-1009,Preventive,2023-05-31,503,11,Taylor Ford
MNT-6471,AST-1033,Preventive,2023-05-10,583,5,Jessica Allen
MNT-6472,AST-1137,Preventive,2023-07-26,631,33,Antonio Brown
MNT-6473,AST-1043,Reactive,2023-04-24,11455,67,Elizabeth Moore
MNT-6474,AST-1426,Preventive,2023-01-24,1330,18,Bradley Hahn
MNT-6475,AST-1015,Preventive,2023-07-30,1408,0,Virginia Hughes
MNT-6476,AST-1405,Predictive,2023-11-01,1439,11,Lucas Clarke
MNT-6477,AST-1308,Predictive,2023-01-02,1300,42,Tracy Carter
MNT-6478,AST-1446,Preventive,2023-03-03,1456,13,Heather Shaw
MNT-6479,AST-1085,Preventive,2023-04-10,1185,23,Cindy Patterson
MNT-6480,AST-1450,Reactive,2023-10-16,6006,283,Mark Valenzuela
MNT-6481,AST-1468,Preventive,2023-06-06,587,35,Alicia Cox
MNT-6482,AST-1477,Preventive,2023-03-10,1705,24,Nathan Morris
MNT-6483,AST-1363,Emergency,2023-11-07,9347,191,Susan Bell
MNT-6484,AST-1014,Reactive,2023-10-08,4147,60,Julie Hall
MNT-6485,AST-1192,Reactive,2023-08-25,6769,297,William Newton
MNT-6486,AST-1454,Emergency,2023-09-22,3626,114,Helen Mitchell
MNT-6487,AST-1434,Reactive,2023-05-26,12884,218,Mary Kerr
MNT-6488,AST-1291,Reactive,2023-10-08,2825,114,Karen Lee
MNT-6489,AST-1401,Predictive,2023-05-04,1357,22,Megan Lewis
MNT-6490,AST-1072,Preventive,2023-08-04,1997,17,Cassandra Adams
MNT-6491,AST-1283,Emergency,2023-07-07,8142,158,Amy Hubbard
MNT-6492,AST-1063,Preventive,2023-05-16,1046,33,Allen Hutchinson
MNT-6493,AST-1065,Predictive,2023-02-17,1121,11,Diane White
MNT-6494,AST-1498,Preventive,2023-09-06,527,21,Amber Blair
MNT-6495,AST-1298,Preventive,2023-01-03,1252,12,Joseph Gonzalez
MNT-6496,AST-1182,Preventive,2023-05-14,1169,7,Henry Cooper
MNT-6497,AST-1118,Reactive,2023-07-16,12068,180,Thomas Evans
MNT-6498,AST-1346,Emergency,2023-01-04,6882,260,Linda Collins
MNT-6499,AST-1257,Preventive,2023-05-18,1769,18,Laura Davis
MNT-6500,AST-1263,Preventive,2023-03-04,1359,2,Angel Davis
MNT-6501,AST-1150,Predictive,2023-02-10,1928,17,Jackie Sparks
MNT-6502,AST-1062,Predictive,2023-09-24,1151,9,Sheri Donovan
MNT-6503,AST-1310,Predictive,2023-10-25,1120,38,Keith Stewart
MNT-6504,AST-1416,Preventive,2023-01-05,1010,37,Veronica Jackson
MNT-6505,AST-1347,Preventive,2023-11-15,1072,43,Laurie Stanley
MNT-6506,AST-1326,Emergency,2023-03-16,10746,118,Thomas Mendoza
MNT-6507,AST-1240,Reactive,2023-04-03,13013,97,Destiny Shaffer
MNT-6508,AST-1070,Preventive,2023-08-06,1402,5,Paula Black
MNT-6509,AST-1021,Preventive,2023-07-22,612,24,Sandra Cannon
MNT-6510,AST-1222,Reactive,2023-04-24,3524,274,Kimberly Hernandez
MNT-6511,AST-1072,Preventive,2023-07-08,1365,9,Tina Sanchez
MNT-6512,AST-1430,Preventive,2023-07-06,1583,17,Taylor Steele
MNT-6513,AST-1420,Predictive,2023-06-04,1430,5,Alexandra Howell
MNT-6514,AST-1469,Preventive,2023-01-28,791,17,Benjamin Bailey
MNT-6515,AST-1450,Preventive,2023-12-19,962,23,Jacqueline Smith
MNT-6516,AST-1428,Predictive,2023-10-03,1000,1,Eric Clarke
MNT-6517,AST-1160,Predictive,2023-09-17,1981,34,Dylan Gonzalez
MNT-6518,AST-1335,Preventive,2023-08-05,1132,15,Matthew Morgan
MNT-6519,AST-1281,Reactive,2023-11-30,10796,287,Erin Lopez
MNT-6520,AST-1010,Preventive,2023-12-13,1928,45,Kent Heath
MNT-6521,AST-1239,Predictive,2023-06-02,1797,7,Brenda Wagner
MNT-6522,AST-1003,Preventive,2023-09-29,1007,42,Richard Goodwin
MNT-6523,AST-1223,Reactive,2023-11-22,11403,110,Tim Gray
MNT-6524,AST-1132,Reactive,2023-03-07,7324,121,Robert Turner
MNT-6525,AST-1372,Preventive,2023-09-28,1768,15,Steve Smith
MNT-6526,AST-1302,Preventive,2023-03-14,542,6,Emily Frederick
MNT-6527,AST-1492,Preventive,2023-01-23,1134,16,Jennifer Carrillo
MNT-6528,AST-1244,Reactive,2023-08-07,4572,79,Emily Hernandez
MNT-6529,AST-1172,Preventive,2023-03-03,670,26,Lindsay Wood
MNT-6530,AST-1459,Predictive,2023-04-04,1031,10,Donna Ryan
MNT-6531,AST-1319,Preventive,2023-10-26,1853,8,Allison Wilkerson
MNT-6532,AST-1415,Preventive,2023-07-04,800,18,Nicole Hicks DVM
MNT-6533,AST-1037,Preventive,2023-09-03,1771,12,Stephen Mahoney
MNT-6534,AST-1390,Emergency,2023-01-25,4900,216,Francis Wood
MNT-6535,AST-1025,Emergency,2023-08-02,14642,200,Laura Cain
MNT-6536,AST-1307,Preventive,2023-04-02,1607,0,Brooke Smith
MNT-6537,AST-1112,Predictive,2023-10-04,1261,29,Rachel Skinner
MNT-6538,AST-1055,Preventive,2023-06-24,1590,36,Benjamin Love
MNT-6539,AST-1200,Reactive,2023-04-17,4543,215,Victoria Rodriguez
MNT-6540,AST-1180,Preventive,2023-12-22,639,22,Taylor Smith
MNT-6541,AST-1285,Reactive,2023-05-12,4883,259,Shannon Foster
MNT-6542,AST-1038,Preventive,2023-01-17,1067,15,Brittany Harris
MNT-6543,AST-1478,Emergency,2023-07-15,13188,65,Renee Campbell
MNT-6544,AST-1178,Preventive,2023-05-26,1716,42,Michelle Lee
MNT-6545,AST-1040,Preventive,2023-11-14,785,0,Christopher Boyer
MNT-6546,AST-1186,Preventive,2023-06-04,1321,1,Pamela Holmes
MNT-6547,AST-1171,Reactive,2023-01-04,8802,170,Gary Lindsey
MNT-6548,AST-1488,Reactive,2023-02-02,7456,178,Erin Powell
MNT-6549,AST-1425,Preventive,2023-12-19,1658,7,Sharon Walters
MNT-6550,AST-1113,Preventive,2023-05-20,676,14,Eric Hopkins
MNT-6551,AST-1130,Emergency,2023-03-04,3264,189,Mr. Christopher Smith PhD
MNT-6552,AST-1470,Predictive,2023-01-22,1387,45,Patrick Johns
MNT-6553,AST-1205,Predictive,2023-10-13,724,40,Kyle Hartman
MNT-6554,AST-1189,Preventive,2023-06-03,632,11,Heidi Castro
MNT-6555,AST-1146,Emergency,2023-05-29,9605,126,William Yoder
MNT-6556,AST-1109,Reactive,2023-10-21,14067,95,Russell Howard
MNT-6557,AST-1243,Preventive,2023-05-17,1222,25,Michael Herring
MNT-6558,AST-1455,Reactive,2023-10-26,6104,81,Gordon Johnston
MNT-6559,AST-1149,Preventive,2023-09-14,789,9,Jodi Jones
MNT-6560,AST-1017,Preventive,2023-06-25,1094,37,Patrick Black
MNT-6561,AST-1189,Preventive,2023-04-15,862,22,Juan Miller
MNT-6562,AST-1222,Reactive,2023-09-08,5603,224,Timothy Walker
MNT-6563,AST-1246,Preventive,2023-11-19,1152,34,John Davidson
MNT-6564,AST-1326,Reactive,2023-07-22,5226,298,Jennifer Pena
MNT-6565,AST-1307,Preventive,2023-04-23,1997,19,Vanessa Blanchard
MNT-6566,AST-1206,Preventive,2023-05-26,1814,20,Roger Graham
MNT-6567,AST-1032,Preventive,2023-12-24,1380,7,John Morgan
MNT-6568,AST-1425,Predictive,2023-10-06,1054,28,Carolyn Harper
MNT-6569,AST-1437,Reactive,2023-05-02,2718,63,Susan Green
MNT-6570,AST-1406,Preventive,2023-02-22,1847,0,Bryan Parker
MNT-6571,AST-1482,Preventive,2023-02-21,1041,4,Michael King
MNT-6572,AST-1092,Preventive,2023-03-21,930,9,Monica Bishop
MNT-6573,AST-1428,Reactive,2023-03-30,6682,104,Connie Scott
MNT-6574,AST-1128,Preventive,2023-05-04,795,33,Ivan Smith
MNT-6575,AST-1322,Preventive,2023-10-25,1963,22,Kristopher Smith
MNT-6576,AST-1205,Predictive,2023-08-31,911,42,Debbie Cameron
MNT-6577,AST-1472,Reactive,2023-11-08,2640,245,Philip Jackson
MNT-6578,AST-1410,Predictive,2023-11-12,1761,34,Michael Beck
MNT-6579,AST-1164,Reactive,2023-01-21,8045,152,Sarah Maldonado
MNT-6580,AST-1041,Reactive,2023-10-29,12450,235,Robin Booth
MNT-6581,AST-1265,Preventive,2023-09-03,1439,16,Karen Hoffman
MNT-6582,AST-1308,Preventive,2023-02-14,817,42,Jason Daniel
MNT-6583,AST-1275,Predictive,2023-06-05,915,36,Thomas Ali
MNT-6584,AST-1299,Predictive,2023-03-16,778,11,Sharon Clark
MNT-6585,AST-1099,Preventive,2023-04-14,1429,18,Devin Robinson
MNT-6586,AST-1001,Preventive,2023-11-16,1871,16,Kelly Walton
MNT-6587,AST-1045,Predictive,2023-08-03,609,27,Antonio Jackson
MNT-6588,AST-1290,Preventive,2023-09-02,1931,21,Angela Patterson
MNT-6589,AST-1374,Preventive,2023-05-21,628,29,Jeremy Brown
MNT-6590,AST-1095,Reactive,2023-08-31,4173,197,Samuel Kennedy
MNT-6591,AST-1054,Preventive,2023-11-20,1630,25,William Ramos
MNT-6592,AST-1324,Emergency,2023-09-16,6464,236,Troy Brown DDS
MNT-6593,AST-1351,Predictive,2023-05-24,1599,28,Michael Lindsey
MNT-6594,AST-1342,Predictive,2023-09-12,952,11,Gregory Nichols
MNT-6595,AST-1422,Reactive,2023-01-18,2789,67,Roy Walker
MNT-6596,AST-1357,Reactive,2023-01-23,13264,289,Rhonda Jordan
MNT-6597,AST-1435,Preventive,2023-12-18,636,35,Vanessa Wilson
MNT-6598,AST-1247,Predictive,2023-03-07,1374,3,Sarah Gallagher
MNT-6599,AST-1493,Reactive,2023-08-06,2223,277,Nathan Cline
MNT-6600,AST-1040,Preventive,2023-07-17,1812,24,Greg Hess
MNT-6601,AST-1121,Emergency,2023-04-14,11093,225,Jessica Garcia
MNT-6602,AST-1273,Reactive,2023-12-31,4922,89,Michelle Nicholson
MNT-6603,AST-1489,Reactive,2023-09-08,2629,213,Adam Bradley
MNT-6604,AST-1288,Predictive,2023-09-30,708,27,Tracy Berg
MNT-6605,AST-1307,Reactive,2023-12-10,2737,190,Julie Adams
MNT-6606,AST-1462,Reactive,2023-02-19,3074,211,Michael Perkins
MNT-6607,AST-1462,Preventive,2023-07-01,1059,30,April Charles
MNT-6608,AST-1113,Reactive,2023-12-30,7249,240,Katie Blair
MNT-6609,AST-1076,Reactive,2023-05-14,2191,215,Amy Barnes
MNT-6610,AST-1447,Reactive,2023-12-25,6226,174,Timothy Wilkins
MNT-6611,AST-1442,Predictive,2023-01-05,1879,44,Karen Donovan
MNT-6612,AST-1457,Emergency,2023-01-20,5949,138,Caleb Wolfe
MNT-6613,AST-1149,Preventive,2023-09-25,1724,31,Isabel Williams
MNT-6614,AST-1457,Reactive,2023-03-16,4644,153,Devin Rodriguez
MNT-6615,AST-1446,Reactive,2023-11-17,5901,111,Juan Floyd
MNT-6616,AST-1194,Predictive,2023-06-06,1134,6,Erica Cruz
MNT-6617,AST-1082,Predictive,2023-06-18,1439,11,Don Gilbert
MNT-6618,AST-1064,Emergency,2023-02-06,6507,266,Douglas Benitez
MNT-6619,AST-1152,Preventive,2023-10-04,944,34,Rachel Lopez
MNT-6620,AST-1384,Preventive,2023-05-15,1486,4,Maria Farmer
MNT-6621,AST-1380,Reactive,2023-03-16,12964,180,Katherine Adams
MNT-6622,AST-1043,Emergency,2023-11-19,14431,265,Rebekah Rodriguez
MNT-6623,AST-1435,Preventive,2023-06-09,1728,24,Tara Hamilton
MNT-6624,AST-1048,Preventive,2023-08-31,1173,26,Casey Huber
MNT-6625,AST-1010,Preventive,2023-02-20,1136,41,David Martin
MNT-6626,AST-1286,Reactive,2023-08-29,9992,150,Joseph Lowe
MNT-6627,AST-1268,Preventive,2023-08-03,754,35,Thomas Smith
MNT-6628,AST-1404,Preventive,2023-01-28,1922,8,Matthew Haas
MNT-6629,AST-1096,Reactive,2023-09-11,12573,259,Laurie Nash
MNT-6630,AST-1094,Preventive,2023-04-22,841,0,Heather Peters
MNT-6631,AST-1180,Emergency,2023-04-03,8441,232,Tammy Gilmore
MNT-6632,AST-1105,Reactive,2023-07-15,6363,121,Amanda Erickson
MNT-6633,AST-1341,Predictive,2023-09-09,962,31,Deborah Knight
MNT-6634,AST-1164,Predictive,2023-01-25,682,25,Charles Jones
MNT-6635,AST-1119,Preventive,2023-06-08,607,29,Patrick Edwards
MNT-6636,AST-1452,Predictive,2023-10-23,1860,10,Peter Welch
MNT-6637,AST-1335,Emergency,2023-06-20,11039,118,Tiffany Sullivan
MNT-6638,AST-1212,Predictive,2023-11-19,1353,28,Bryan Hernandez
MNT-6639,AST-1319,Preventive,2023-02-27,519,17,Debra Cruz
MNT-6640,AST-1424,Preventive,2023-02-08,947,22,Michael Logan
MNT-6641,AST-1165,Preventive,2023-07-16,1689,14,Krista Jones
MNT-6642,AST-1017,Predictive,2023-02-20,1232,36,Joshua Rasmussen
MNT-6643,AST-1480,Emergency,2023-02-20,8991,255,Jodi Hunt
MNT-6644,AST-1416,Reactive,2023-12-30,2731,278,Charles Deleon
MNT-6645,AST-1235,Preventive,2023-03-07,1979,29,Bailey Johnson
MNT-6646,AST-1130,Preventive,2023-10-17,1165,23,Lynn Watts
MNT-6647,AST-1122,Preventive,2023-02-15,608,33,James Barton
MNT-6648,AST-1396,Reactive,2023-12-17,9756,289,Amy Williams
MNT-6649,AST-1044,Predictive,2023-06-11,524,43,John Blair
MNT-6650,AST-1167,Preventive,2023-05-31,834,11,Lisa Jones
MNT-6651,AST-1144,Reactive,2023-05-21,8942,182,William Williams
MNT-6652,AST-1016,Reactive,2023-12-20,2451,289,Barbara Hebert
MNT-6653,AST-1422,Predictive,2023-04-23,626,32,Stacey Turner
MNT-6654,AST-1361,Predictive,2023-03-26,1001,28,Todd Osborn
MNT-6655,AST-1104,Emergency,2023-05-18,6327,71,Maria Bush
MNT-6656,AST-1346,Emergency,2023-01-19,12937,70,Steven Brown
MNT-6657,AST-1304,Preventive,2023-07-20,1367,21,Paul Smith
MNT-6658,AST-1319,Preventive,2023-04-01,1286,5,Maurice Strong
MNT-6659,AST-1407,Emergency,2023-06-29,4895,183,Kevin Maddox
MNT-6660,AST-1140,Emergency,2023-09-07,8614,248,Isaiah Leonard
MNT-6661,AST-1438,Reactive,2023-03-23,8775,214,Alyssa Brown
MNT-6662,AST-1433,Predictive,2023-10-07,1620,39,Shawn Gates
MNT-6663,AST-1298,Preventive,2023-01-26,1794,31,Justin Martinez
MNT-6664,AST-1274,Predictive,2023-11-14,1203,11,Gregory Jackson
MNT-6665,AST-1481,Reactive,2023-04-04,8144,117,Pamela Torres
MNT-6666,AST-1128,Reactive,2023-09-10,8430,183,Juan Arellano
MNT-6667,AST-1035,Predictive,2023-02-16,1156,45,Amy Church
MNT-6668,AST-1304,Preventive,2023-10-30,512,11,Mark Lloyd
MNT-6669,AST-1225,Preventive,2023-05-25,864,5,James Doyle
MNT-6670,AST-1402,Predictive,2023-03-18,786,14,Victoria Hopkins
MNT-6671,AST-1344,Predictive,2023-07-26,572,13,Kyle Fernandez
MNT-6672,AST-1126,Preventive,2023-04-07,982,13,Rebecca Olson
MNT-6673,AST-1279,Preventive,2023-10-26,1386,9,Laura Austin
MNT-6674,AST-1018,Reactive,2023-05-18,7591,63,Amanda Perez
MNT-6675,AST-1024,Reactive,2023-01-18,4011,131,Carl Sloan
MNT-6676,AST-1500,Emergency,2023-05-17,7824,100,Tanya Serrano
MNT-6677,AST-1361,Preventive,2023-08-12,723,26,Robert Ellis
MNT-6678,AST-1172,Reactive,2023-12-16,11908,208,William Lopez
MNT-6679,AST-1312,Preventive,2023-05-25,1553,29,Mr. Robert Alexander
MNT-6680,AST-1209,Preventive,2023-10-01,1371,22,Sandra Stein
MNT-6681,AST-1227,Preventive,2023-02-22,1608,45,Kyle Brooks
MNT-6682,AST-1293,Preventive,2023-04-08,1625,36,Laura Smith
MNT-6683,AST-1321,Preventive,2023-04-22,982,7,John Curry
MNT-6684,AST-1096,Reactive,2023-10-09,12521,65,Paul Gonzalez
MNT-6685,AST-1354,Preventive,2023-11-27,1590,11,Patricia Valencia
MNT-6686,AST-1024,Reactive,2023-01-22,2888,89,Lori Hayes
MNT-6687,AST-1264,Preventive,2023-05-14,1822,44,Michael Kelley
MNT-6688,AST-1205,Preventive,2023-06-14,1020,12,Beth Johnson
MNT-6689,AST-1266,Reactive,2023-07-06,13089,290,James Sanders
MNT-6690,AST-1174,Preventive,2023-09-09,1742,21,Angela Smith
MNT-6691,AST-1118,Reactive,2023-11-22,8758,171,Lori Blackwell
MNT-6692,AST-1491,Emergency,2023-06-09,14990,202,Nathaniel Kennedy
MNT-6693,AST-1239,Preventive,2023-12-22,835,31,Regina Valentine MD
MNT-6694,AST-1449,Predictive,2023-08-18,884,31,Michael Benitez
MNT-6695,AST-1395,Reactive,2023-11-23,5947,132,Rachel Wiggins
MNT-6696,AST-1299,Emergency,2023-01-13,9001,180,Katherine Williams
MNT-6697,AST-1417,Preventive,2023-02-05,1394,33,Adriana Rodriguez
MNT-6698,AST-1394,Predictive,2023-03-06,693,0,Lori Sharp
MNT-6699,AST-1365,Emergency,2023-08-25,9944,186,Alyssa Morrison MD
MNT-6700,AST-1290,Predictive,2023-06-08,1125,6,Cynthia Wilkinson
MNT-6701,AST-1194,Preventive,2023-04-07,1577,29,Jason Thomas
MNT-6702,AST-1134,Predictive,2023-07-12,1035,31,Lauren Wright
MNT-6703,AST-1359,Predictive,2023-05-25,1671,8,Christopher Newman
MNT-6704,AST-1278,Reactive,2023-12-17,6525,154,Manuel Olsen
MNT-6705,AST-1031,Preventive,2023-03-25,1787,38,Cheryl Hayden
MNT-6706,AST-1014,Predictive,2023-12-28,1449,36,Brittany White
MNT-6707,AST-1127,Preventive,2023-12-05,1251,23,Mrs. Amy Lyons
MNT-6708,AST-1303,Preventive,2023-11-15,1146,44,John Patel
MNT-6709,AST-1183,Preventive,2023-12-25,1350,9,Heather Cummings
MNT-6710,AST-1049,Preventive,2023-07-30,1119,43,Austin Keller
MNT-6711,AST-1375,Preventive,2023-08-06,1363,18,April Parks
MNT-6712,AST-1005,Preventive,2023-08-13,1544,2,Clinton Marsh
MNT-6713,AST-1015,Reactive,2023-09-30,5877,267,Ryan Jones
MNT-6714,AST-1068,Preventive,2023-07-11,973,34,Karen Page
MNT-6715,AST-1293,Predictive,2023-10-10,863,37,Kevin Frost
MNT-6716,AST-1022,Reactive,2023-02-14,6481,128,Luis Reese
MNT-6717,AST-1379,Emergency,2023-12-16,11538,173,Aaron Jackson
MNT-6718,AST-1395,Preventive,2023-01-28,1665,44,Dennis Daniels
MNT-6719,AST-1071,Predictive,2023-09-12,1904,23,Alan Dunn
MNT-6720,AST-1447,Emergency,2024-01-01,12186,215,Howard Brock
MNT-6721,AST-1201,Reactive,2023-03-03,4501,274,Melissa Alvarado
MNT-6722,AST-1292,Preventive,2023-02-24,670,18,Shelley Wood
MNT-6723,AST-1479,Emergency,2023-03-17,13229,212,William Hall
MNT-6724,AST-1014,Predictive,2023-02-13,1448,23,Lucas Bryan
MNT-6725,AST-1402,Emergency,2023-08-16,2464,147,Stephanie Cohen
MNT-6726,AST-1043,Preventive,2023-01-22,617,39,Angela Garza
MNT-6727,AST-1247,Reactive,2023-11-11,14123,66,Natasha Baird
MNT-6728,AST-1353,Preventive,2023-11-15,551,17,James Johnson
MNT-6729,AST-1316,Reactive,2023-06-02,2047,225,Vanessa Wise
MNT-6730,AST-1404,Reactive,2023-06-01,7214,284,Joshua Davis
MNT-6731,AST-1072,Emergency,2023-04-04,13600,202,Cynthia Serrano
MNT-6732,AST-1422,Predictive,2023-01-13,1181,11,Kyle Walker
MNT-6733,AST-1325,Preventive,2023-12-11,1074,22,Thomas Wilson
MNT-6734,AST-1194,Reactive,2023-01-07,10332,271,Zachary Jones
MNT-6735,AST-1051,Reactive,2023-10-19,3067,265,Jamie Turner
MNT-6736,AST-1396,Preventive,2023-11-04,1267,16,Rebecca Carter
MNT-6737,AST-1262,Predictive,2023-09-30,1927,18,Ryan Hoover
MNT-6738,AST-1148,Emergency,2023-04-20,2953,105,Donald Jacobs
MNT-6739,AST-1457,Preventive,2023-01-10,1275,37,Lindsey Curry
MNT-6740,AST-1403,Preventive,2023-12-03,841,21,Michael Peterson
MNT-6741,AST-1122,Preventive,2023-10-04,1263,23,Keith Riley
MNT-6742,AST-1312,Predictive,2023-11-19,700,15,Mike Vang
MNT-6743,AST-1294,Preventive,2023-09-23,758,9,Stephanie Williams
MNT-6744,AST-1062,Predictive,2023-04-29,1357,44,Victoria Vaughn
MNT-6745,AST-1152,Reactive,2023-02-03,10707,98,Valerie Nichols
MNT-6746,AST-1444,Reactive,2023-05-07,8620,156,Kimberly Moore
MNT-6747,AST-1017,Preventive,2023-03-23,1530,8,Robert Barry
MNT-6748,AST-1364,Reactive,2023-03-30,12430,169,Dalton Smith
MNT-6749,AST-1292,Predictive,2023-11-28,884,38,Jeffrey Reeves
MNT-6750,AST-1465,Preventive,2023-05-24,609,27,Kathleen Hayes
MNT-6751,AST-1302,Predictive,2023-02-25,1999,4,Lori Davidson
MNT-6752,AST-1210,Emergency,2023-03-23,9058,75,Julie Higgins
MNT-6753,AST-1312,Reactive,2023-04-18,11524,183,Jessica Farmer
MNT-6754,AST-1132,Preventive,2023-03-15,893,30,Carlos Bennett
MNT-6755,AST-1235,Preventive,2023-06-10,1776,17,Jasmine Murray
MNT-6756,AST-1089,Reactive,2023-10-11,7840,168,Lisa Porter
MNT-6757,AST-1047,Reactive,2023-03-21,5278,66,Joan Gonzalez
MNT-6758,AST-1347,Predictive,2023-03-02,1851,6,Jesse Callahan
MNT-6759,AST-1091,Preventive,2023-10-16,851,8,Marie Harris
MNT-6760,AST-1485,Reactive,2023-08-18,14235,214,Joseph Ross
MNT-6761,AST-1175,Preventive,2023-06-27,1159,39,Jocelyn Carter
MNT-6762,AST-1241,Reactive,2023-12-31,13680,278,Jeffrey Shannon
MNT-6763,AST-1178,Preventive,2023-07-23,686,16,Matthew Cox
MNT-6764,AST-1062,Preventive,2023-04-26,1268,33,Christopher Yoder
MNT-6765,AST-1128,Reactive,2023-06-26,8909,194,Brandi Ortiz
MNT-6766,AST-1224,Preventive,2023-01-16,952,26,Anthony Taylor
MNT-6767,AST-1270,Predictive,2023-11-14,639,13,Jenny Long
MNT-6768,AST-1281,Predictive,2023-11-15,617,9,Gregory Montgomery
MNT-6769,AST-1318,Predictive,2023-03-15,1393,32,Amy Brown
MNT-6770,AST-1329,Reactive,2023-11-29,2835,281,Justin Dunlap
MNT-6771,AST-1394,Predictive,2023-07-03,1624,8,Christopher Welch
MNT-6772,AST-1255,Emergency,2023-11-25,14469,182,Paul Davis
MNT-6773,AST-1231,Reactive,2023-10-21,7416,142,Carla Cabrera
MNT-6774,AST-1206,Preventive,2023-04-25,934,18,Nina Huber
MNT-6775,AST-1436,Predictive,2023-01-27,1633,37,Patricia Maldonado
MNT-6776,AST-1338,Preventive,2023-06-18,1159,38,Laura Keller
MNT-6777,AST-1186,Reactive,2023-10-18,4340,214,Linda Harris
MNT-6778,AST-1085,Preventive,2023-08-12,528,37,Kerry Todd
MNT-6779,AST-1104,Emergency,2023-02-13,6975,260,Mariah Boyer
MNT-6780,AST-1476,Preventive,2023-05-10,860,18,Billy Murillo
MNT-6781,AST-1173,Reactive,2023-08-26,8315,148,Jenny Jacobson
MNT-6782,AST-1419,Reactive,2023-07-12,3326,171,Brian Brooks
MNT-6783,AST-1024,Predictive,2023-03-23,893,22,Yvette Rice
MNT-6784,AST-1373,Preventive,2023-09-15,678,32,David Bennett
MNT-6785,AST-1375,Preventive,2023-03-26,604,11,Rodney David
MNT-6786,AST-1158,Reactive,2023-01-08,9925,136,Heather Lopez
MNT-6787,AST-1251,Reactive,2023-08-30,11744,279,Joe Rhodes
MNT-6788,AST-1024,Preventive,2023-06-11,1840,7,Michael Pena
MNT-6789,AST-1078,Predictive,2023-08-03,1295,35,Denise Parker
MNT-6790,AST-1478,Preventive,2023-10-20,657,7,Christopher Wood
MNT-6791,AST-1273,Preventive,2023-03-22,1485,26,Frances Williams
MNT-6792,AST-1220,Reactive,2023-06-25,4518,74,Tonya Whitehead
MNT-6793,AST-1207,Preventive,2023-06-26,1518,4,Elizabeth Reyes
MNT-6794,AST-1076,Preventive,2023-12-15,1092,25,Destiny Davila
MNT-6795,AST-1260,Predictive,2023-12-31,1482,1,Sara Nguyen
MNT-6796,AST-1338,Preventive,2023-07-26,1482,24,Austin Bryant
MNT-6797,AST-1211,Reactive,2023-05-27,3234,175,Michael Lutz
MNT-6798,AST-1170,Predictive,2023-05-20,1513,23,Amanda Flynn
MNT-6799,AST-1124,Reactive,2023-08-21,7009,206,Michael Ayala
MNT-6800,AST-1215,Preventive,2023-02-20,1214,12,Christopher Moore
MNT-6801,AST-1136,Predictive,2023-07-16,1860,8,Sarah Friedman
MNT-6802,AST-1321,Preventive,2023-04-16,1678,14,Jason Gonzalez
MNT-6803,AST-1381,Predictive,2023-07-16,901,27,Brian Hall
MNT-6804,AST-1162,Reactive,2023-06-08,10678,216,Kim Henderson
MNT-6805,AST-1334,Preventive,2023-07-31,1695,20,Jason Robinson
MNT-6806,AST-1057,Reactive,2023-10-02,3961,86,Gloria Wilson
MNT-6807,AST-1186,Reactive,2023-08-17,7164,166,Jillian Wang
MNT-6808,AST-1048,Preventive,2023-03-27,1306,12,Scott Flores
MNT-6809,AST-1346,Predictive,2023-04-24,617,20,Kyle Miller
MNT-6810,AST-1114,Preventive,2023-11-12,636,24,Nicholas Horne
MNT-6811,AST-1111,Reactive,2023-02-25,8991,168,Brittany Pena
MNT-6812,AST-1483,Emergency,2023-08-06,10828,119,Shannon Garcia
MNT-6813,AST-1445,Preventive,2023-01-22,1827,16,Steven Alexander
MNT-6814,AST-1406,Reactive,2023-05-25,8193,153,Brianna Mitchell
MNT-6815,AST-1207,Preventive,2023-04-29,1651,36,Fernando Schmidt
MNT-6816,AST-1042,Emergency,2023-07-04,4415,213,Kurt Foster
MNT-6817,AST-1353,Emergency,2023-02-01,10148,195,Lisa Watson
MNT-6818,AST-1355,Preventive,2023-10-26,1966,3,Catherine Lewis
MNT-6819,AST-1454,Reactive,2023-05-07,14940,67,Stephanie Fletcher
MNT-6820,AST-1035,Reactive,2023-09-21,14003,242,Kimberly Armstrong
MNT-6821,AST-1198,Reactive,2023-03-10,5435,217,Ryan Wagner
MNT-6822,AST-1235,Preventive,2023-12-06,1766,14,Emily Long
MNT-6823,AST-1458,Preventive,2023-07-05,1986,38,Dawn Fields
MNT-6824,AST-1011,Preventive,2023-06-19,1658,2,Laura Ray
MNT-6825,AST-1367,Reactive,2023-10-23,6329,254,Charles Guzman
MNT-6826,AST-1180,Reactive,2023-01-18,2556,141,Daniel Richardson
MNT-6827,AST-1042,Reactive,2023-03-16,13864,258,Mr. Michael Mcclure
MNT-6828,AST-1406,Predictive,2023-11-18,610,14,Kim Carr
MNT-6829,AST-1260,Preventive,2023-09-03,1814,37,Earl Escobar
MNT-6830,AST-1156,Emergency,2023-08-08,12297,171,Kyle Green
MNT-6831,AST-1189,Reactive,2023-10-22,2640,145,Amy Richardson
MNT-6832,AST-1266,Preventive,2023-12-18,1955,33,Jeff Moore
MNT-6833,AST-1489,Preventive,2023-07-04,527,40,Alexis Wright
MNT-6834,AST-1018,Reactive,2023-06-07,11628,112,Robert Perry
MNT-6835,AST-1306,Reactive,2023-09-23,6233,145,Eric Scott
MNT-6836,AST-1069,Reactive,2023-08-26,10543,214,Alec Campbell
MNT-6837,AST-1011,Preventive,2023-11-23,1817,6,Walter Preston
MNT-6838,AST-1401,Preventive,2023-12-11,1623,4,Charles Chen
MNT-6839,AST-1493,Predictive,2023-01-13,1421,32,Alan Brooks
MNT-6840,AST-1135,Preventive,2023-05-26,984,8,Michael Garcia
MNT-6841,AST-1281,Reactive,2023-03-22,10129,280,Ethan Diaz
MNT-6842,AST-1122,Preventive,2023-02-09,1048,11,Jacob Lee
MNT-6843,AST-1318,Reactive,2023-04-12,12571,300,Thomas Barr
MNT-6844,AST-1463,Reactive,2023-09-08,2831,297,Robert Johnson
MNT-6845,AST-1364,Emergency,2023-07-03,10271,120,Desiree Brown
MNT-6846,AST-1303,Preventive,2023-11-01,1321,18,Michael Garcia
MNT-6847,AST-1012,Predictive,2023-09-11,1896,35,Jennifer May
MNT-6848,AST-1481,Predictive,2023-06-09,512,10,Scott Flores
MNT-6849,AST-1176,Reactive,2023-09-04,6798,235,Jeremy Salazar
MNT-6850,AST-1182,Reactive,2023-09-10,3086,72,Erica Smith
MNT-6851,AST-1050,Reactive,2023-11-17,2936,291,Steven Gutierrez
MNT-6852,AST-1281,Reactive,2023-12-07,5307,250,Roger Spears
MNT-6853,AST-1154,Preventive,2023-07-09,1779,12,Kristin Hess
MNT-6854,AST-1319,Reactive,2023-12-01,5323,155,Jason Cordova
MNT-6855,AST-1474,Reactive,2023-02-13,12594,160,Jared Blake
MNT-6856,AST-1434,Reactive,2023-01-04,3969,242,Becky Gonzalez
MNT-6857,AST-1170,Predictive,2023-03-22,1672,4,Jason Campbell
MNT-6858,AST-1317,Predictive,2023-10-27,1412,15,Laura Moody
MNT-6859,AST-1195,Reactive,2023-11-24,13488,239,Matthew Rogers
MNT-6860,AST-1131,Reactive,2023-01-24,3736,191,Alfred Jackson
MNT-6861,AST-1261,Preventive,2023-08-23,1159,17,Jason Harrington
MNT-6862,AST-1489,Preventive,2023-09-19,1883,37,David Gibson
MNT-6863,AST-1214,Preventive,2023-08-08,1701,0,Patrick Alvarez
MNT-6864,AST-1476,Reactive,2023-05-09,7436,203,Mrs. Jessica Wilcox
MNT-6865,AST-1453,Reactive,2023-10-08,6960,297,Russell Mcmillan
MNT-6866,AST-1321,Reactive,2023-06-11,14620,235,Michelle Contreras
MNT-6867,AST-1090,Preventive,2023-04-23,941,10,Jon Mckenzie
MNT-6868,AST-1089,Reactive,2023-11-22,14140,267,Mark Reynolds DDS
MNT-6869,AST-1206,Reactive,2023-02-01,8098,153,Lori Bright
MNT-6870,AST-1036,Preventive,2023-01-23,597,10,Sydney Cunningham
MNT-6871,AST-1229,Reactive,2023-02-07,12157,156,Bethany Hall
MNT-6872,AST-1403,Preventive,2023-06-14,1810,42,Michelle Mendoza
MNT-6873,AST-1303,Reactive,2023-03-07,10975,135,Charles Jones
MNT-6874,AST-1022,Predictive,2023-06-16,1241,7,Catherine Johnson
MNT-6875,AST-1450,Reactive,2023-10-12,9133,73,Maurice Gutierrez
MNT-6876,AST-1001,Preventive,2023-09-13,1180,0,Justin Long Jr.
MNT-6877,AST-1356,Preventive,2023-07-21,1441,7,Tammy Ruiz
MNT-6878,AST-1417,Preventive,2023-09-04,970,39,Daniel Goodman
MNT-6879,AST-1385,Preventive,2023-08-23,1697,20,Kelly Smith
MNT-6880,AST-1191,Reactive,2023-05-01,9456,247,Courtney Brown
MNT-6881,AST-1222,Reactive,2023-10-07,8747,255,Elizabeth Hamilton
MNT-6882,AST-1449,Reactive,2023-01-14,3905,122,Clinton Underwood
MNT-6883,AST-1004,Preventive,2023-07-15,1591,16,Phillip Sherman
MNT-6884,AST-1256,Predictive,2023-04-09,1650,31,Kimberly Johnson
MNT-6885,AST-1255,Predictive,2023-02-23,1657,19,Brandon Blair
MNT-6886,AST-1243,Reactive,2023-08-18,5554,229,Joshua Leon
MNT-6887,AST-1259,Preventive,2023-05-05,1014,8,Rodney Cantu
MNT-6888,AST-1236,Predictive,2023-01-13,1887,33,Christopher Grant
MNT-6889,AST-1363,Predictive,2023-06-25,1938,10,Rachael Todd
MNT-6890,AST-1467,Preventive,2023-05-25,1783,37,Scott Oneal
MNT-6891,AST-1422,Reactive,2023-05-02,11448,98,Antonio Orozco
MNT-6892,AST-1214,Reactive,2023-07-26,8426,119,Christine Smith
MNT-6893,AST-1003,Reactive,2023-10-04,13450,71,Samuel Farrell
MNT-6894,AST-1237,Emergency,2023-05-14,5969,113,Margaret Gonzalez
MNT-6895,AST-1245,Reactive,2023-09-12,9832,133,Danielle Gonzalez
MNT-6896,AST-1058,Reactive,2023-11-19,12903,204,David Rivera
MNT-6897,AST-1338,Reactive,2023-04-29,4646,241,Tammy Kennedy
MNT-6898,AST-1333,Preventive,2023-05-03,1527,14,Brenda Jackson
MNT-6899,AST-1244,Reactive,2023-12-11,8738,142,Steven Anderson
MNT-6900,AST-1126,Reactive,2023-03-25,11481,218,Dr. Joshua Hill PhD
MNT-6901,AST-1054,Predictive,2023-05-14,1627,6,Deborah Ross
MNT-6902,AST-1029,Preventive,2023-12-16,506,5,Michael Martinez
MNT-6903,AST-1168,Preventive,2023-11-07,1143,39,Melissa Lee
MNT-6904,AST-1249,Predictive,2023-10-14,503,36,Bryan Caldwell
MNT-6905,AST-1440,Preventive,2023-07-28,843,7,Raven Greene
MNT-6906,AST-1441,Reactive,2023-10-01,6490,61,Kathleen Thomas
MNT-6907,AST-1334,Reactive,2023-03-07,2177,202,Kendra Moreno
MNT-6908,AST-1006,Preventive,2023-10-17,1648,2,Melissa King
MNT-6909,AST-1252,Reactive,2023-02-03,9787,272,Jaime Prince
MNT-6910,AST-1156,Predictive,2023-04-07,622,18,Richard Hernandez
MNT-6911,AST-1088,Preventive,2023-08-11,763,40,Jordan Perez
MNT-6912,AST-1141,Preventive,2023-06-16,1716,20,Laura Mcpherson
MNT-6913,AST-1438,Reactive,2023-03-10,12085,184,David Walker
MNT-6914,AST-1355,Emergency,2023-12-27,13383,169,Sharon Escobar
MNT-6915,AST-1230,Preventive,2023-11-29,858,42,Mathew Brown
MNT-6916,AST-1193,Reactive,2023-10-30,5453,214,Joshua Burke
MNT-6917,AST-1369,Reactive,2023-06-11,13179,270,Angel Lowe
MNT-6918,AST-1069,Emergency,2023-06-10,11421,80,Joseph Stone
MNT-6919,AST-1277,Reactive,2023-07-31,6357,295,Shelly Smith
MNT-6920,AST-1322,Predictive,2023-08-08,1134,43,Linda Fowler
MNT-6921,AST-1395,Preventive,2023-01-24,1651,22,Mercedes Cox
MNT-6922,AST-1132,Predictive,2023-04-08,1033,25,Tyler Anderson
MNT-6923,AST-1404,Emergency,2023-10-17,8501,205,Tiffany Garcia
MNT-6924,AST-1074,Reactive,2023-10-14,9478,143,Michelle Hammond
MNT-6925,AST-1350,Preventive,2023-11-08,950,16,Ronald Greene
MNT-6926,AST-1037,Reactive,2023-10-11,11192,188,Kelsey Cox
MNT-6927,AST-1018,Reactive,2023-01-20,5921,258,Tommy Ellis
MNT-6928,AST-1306,Preventive,2023-04-26,1438,33,Mark Jimenez
MNT-6929,AST-1476,Preventive,2023-07-01,1306,1,Jill Clay
MNT-6930,AST-1106,Preventive,2023-04-23,501,44,Steven Stevens
MNT-6931,AST-1387,Reactive,2023-07-08,14217,179,Steven Potter
MNT-6932,AST-1251,Preventive,2023-10-14,1216,7,Thomas Holmes
MNT-6933,AST-1284,Reactive,2023-03-19,8827,90,Shannon Dickson
MNT-6934,AST-1497,Preventive,2023-09-24,992,11,Lindsey Wright
MNT-6935,AST-1135,Reactive,2023-01-27,4818,181,Rachel Rodgers
MNT-6936,AST-1346,Preventive,2023-07-04,769,9,Joanne Martin
MNT-6937,AST-1013,Predictive,2023-01-09,512,37,Cindy Ward
MNT-6938,AST-1211,Preventive,2023-04-12,1025,43,Robert Jordan
MNT-6939,AST-1405,Reactive,2023-04-13,8242,61,Emily Kennedy
MNT-6940,AST-1150,Reactive,2023-09-23,8417,109,Joan Simmons
MNT-6941,AST-1089,Reactive,2023-04-23,12622,191,Jeffrey Wood
MNT-6942,AST-1343,Reactive,2023-08-05,11007,91,Susan Ortiz
MNT-6943,AST-1428,Predictive,2023-07-02,1732,20,Maria White
MNT-6944,AST-1355,Reactive,2023-09-18,9995,93,Laurie Davis
MNT-6945,AST-1128,Predictive,2023-03-03,1847,19,Jessica Cunningham MD
MNT-6946,AST-1197,Reactive,2023-05-15,7215,125,Mason Cole
MNT-6947,AST-1337,Reactive,2023-08-17,8632,257,April Haley
MNT-6948,AST-1233,Predictive,2023-02-22,603,41,Justin Parsons
MNT-6949,AST-1412,Preventive,2023-03-21,1387,10,Christopher Ross
MNT-6950,AST-1475,Predictive,2023-10-15,1798,2,Sharon Taylor
MNT-6951,AST-1058,Preventive,2023-05-13,894,36,Cameron Knight
MNT-6952,AST-1204,Predictive,2023-08-08,1042,7,Nathaniel Bowman
MNT-6953,AST-1398,Predictive,2023-04-17,1973,33,David Matthews
MNT-6954,AST-1086,Reactive,2023-09-06,13200,82,Erica Lowery
MNT-6955,AST-1451,Predictive,2023-10-03,1865,16,Lori White
MNT-6956,AST-1088,Emergency,2023-09-04,5513,276,Christopher Jones
MNT-6957,AST-1277,Reactive,2023-03-09,6070,147,Jeffrey Cruz
MNT-6958,AST-1491,Reactive,2023-07-10,3498,247,Michael Richardson
MNT-6959,AST-1317,Preventive,2023-10-19,1169,42,Bobby Mason
MNT-6960,AST-1117,Preventive,2023-04-30,1279,9,Valerie Tucker
MNT-6961,AST-1243,Predictive,2023-10-19,639,17,Sara Stafford
MNT-6962,AST-1328,Reactive,2023-05-16,7738,91,Joseph Martin
MNT-6963,AST-1203,Predictive,2023-09-20,1421,9,Anita Welch
MNT-6964,AST-1365,Reactive,2023-09-02,14695,68,Laura Mccarthy
MNT-6965,AST-1011,Predictive,2023-10-26,1001,31,Michael Santos
MNT-6966,AST-1063,Preventive,2023-11-04,543,24,Rebekah Roberts
MNT-6967,AST-1281,Reactive,2023-12-25,10104,91,Jeremy Ross
MNT-6968,AST-1398,Emergency,2023-03-03,14257,200,Sandra Smith
MNT-6969,AST-1104,Preventive,2023-09-25,1273,24,Julie Williams
MNT-6970,AST-1017,Preventive,2023-09-09,1543,42,Tracy Cole
MNT-6971,AST-1438,Preventive,2023-10-07,800,17,Tammie Perkins
MNT-6972,AST-1024,Preventive,2023-03-29,920,18,Amber Davis
MNT-6973,AST-1416,Reactive,2023-01-22,6094,189,Anthony Olsen
MNT-6974,AST-1455,Preventive,2023-08-27,1176,0,Richard Kramer
MNT-6975,AST-1391,Predictive,2023-04-03,1021,35,Renee Gray
MNT-6976,AST-1462,Preventive,2023-05-08,1633,10,Justin Erickson
MNT-6977,AST-1331,Predictive,2023-03-28,1488,5,Matthew Wilson
MNT-6978,AST-1100,Preventive,2023-05-26,1228,33,Ricardo Morgan
MNT-6979,AST-1119,Reactive,2023-09-05,9956,278,Alex Choi
MNT-6980,AST-1023,Reactive,2023-10-11,13101,239,Joseph Rowland
MNT-6981,AST-1399,Reactive,2023-09-22,14542,65,Meghan Merritt
MNT-6982,AST-1350,Reactive,2023-03-17,4488,201,Tara Thompson
MNT-6983,AST-1415,Preventive,2023-05-23,718,1,Wesley Brown
MNT-6984,AST-1263,Emergency,2023-07-08,11314,187,Robert Poole
MNT-6985,AST-1128,Reactive,2023-08-14,3585,283,Nathaniel Holloway
MNT-6986,AST-1177,Emergency,2023-05-03,8534,180,Carol Rios
MNT-6987,AST-1487,Preventive,2023-04-02,556,28,Juan Thomas
MNT-6988,AST-1364,Predictive,2023-07-28,1183,35,Joseph Weiss
MNT-6989,AST-1165,Predictive,2023-11-28,1766,38,Brianna Delgado
MNT-6990,AST-1230,Preventive,2023-09-12,1437,13,Amber Martinez
MNT-6991,AST-1002,Reactive,2023-11-11,3488,194,Lorraine Richards
MNT-6992,AST-1367,Preventive,2023-12-14,642,35,Willie Booker
MNT-6993,AST-1258,Predictive,2023-03-04,822,10,Tina Taylor
MNT-6994,AST-1021,Predictive,2023-11-07,1826,1,Kristina Evans
MNT-6995,AST-1235,Preventive,2023-04-10,1880,39,Julie Martin
MNT-6996,AST-1466,Reactive,2023-02-20,2397,94,Gary Baker
MNT-6997,AST-1383,Preventive,2023-11-16,1404,4,Sherry Rhodes
MNT-6998,AST-1018,Preventive,2023-01-28,1184,27,Jennifer Oconnor
MNT-6999,AST-1050,Preventive,2023-08-15,1339,17,Jenny Martinez
MNT-7000,AST-1198,Preventive,2023-11-04,1543,7,Amy Mendoza
MNT-7001,AST-1498,Preventive,2023-08-14,1870,16,Tyler Banks
MNT-7002,AST-1472,Preventive,2023-12-18,1908,17,Holly Chapman
MNT-7003,AST-1041,Preventive,2023-02-12,1813,37,Rachel Martin
MNT-7004,AST-1111,Reactive,2023-12-08,3667,73,Jeffrey Garcia
MNT-7005,AST-1441,Preventive,2023-10-12,647,36,Tammy Holt
MNT-7006,AST-1341,Predictive,2023-09-10,772,43,Julie Weeks
MNT-7007,AST-1143,Preventive,2023-07-31,556,45,Frank George
MNT-7008,AST-1080,Predictive,2023-03-14,917,9,Gabriela Holmes
MNT-7009,AST-1263,Preventive,2023-03-23,1080,17,Joseph Burgess
MNT-7010,AST-1146,Reactive,2023-03-19,14848,165,Jill Coffey
MNT-7011,AST-1391,Preventive,2023-12-02,1048,19,Hunter Smith
MNT-7012,AST-1152,Preventive,2023-08-17,676,40,Laura Matthews
MNT-7013,AST-1141,Preventive,2023-09-25,1770,37,Donald Berry
MNT-7014,AST-1351,Preventive,2023-07-22,799,20,Angela Richardson
MNT-7015,AST-1130,Preventive,2023-01-06,1628,18,Mark Martinez
MNT-7016,AST-1336,Preventive,2023-08-31,677,29,Danielle Rogers
MNT-7017,AST-1319,Predictive,2024-01-01,1217,2,Crystal Roach
MNT-7018,AST-1408,Predictive,2023-05-07,907,43,Donna Jones
MNT-7019,AST-1191,Preventive,2023-04-15,1094,31,Mark Richardson
MNT-7020,AST-1274,Emergency,2023-03-04,6934,120,Zachary Blake
MNT-7021,AST-1498,Reactive,2023-10-29,7548,266,Gerald Butler
MNT-7022,AST-1477,Preventive,2023-10-03,1786,11,Mary Bray
MNT-7023,AST-1323,Emergency,2023-01-27,4931,84,Tanner Anderson
MNT-7024,AST-1412,Predictive,2023-02-06,565,22,Ann Anderson
MNT-7025,AST-1190,Reactive,2023-10-14,10200,236,Linda Montes
MNT-7026,AST-1345,Predictive,2023-05-25,1178,33,James Turner
MNT-7027,AST-1124,Predictive,2023-09-06,678,43,Angela Garza
MNT-7028,AST-1491,Preventive,2023-12-03,1250,19,Angela Hoffman
MNT-7029,AST-1405,Reactive,2023-05-02,14009,149,Joshua Gomez
MNT-7030,AST-1228,Reactive,2023-10-20,11060,283,James Robinson
MNT-7031,AST-1200,Preventive,2023-05-18,1953,40,Christopher Brown
MNT-7032,AST-1496,Preventive,2023-10-10,631,15,Renee Bishop
MNT-7033,AST-1268,Preventive,2023-07-22,1508,11,Loretta Jackson
MNT-7034,AST-1229,Predictive,2023-06-05,931,31,Jessica Rose
MNT-7035,AST-1472,Predictive,2023-01-28,730,43,Nathaniel Jackson
MNT-7036,AST-1356,Emergency,2023-03-27,4166,168,Brian Atkinson
MNT-7037,AST-1150,Predictive,2023-10-08,1580,21,Diane Fuentes
MNT-7038,AST-1437,Reactive,2023-03-19,8045,182,Molly King
MNT-7039,AST-1108,Predictive,2023-07-27,1040,22,Lori Crane
MNT-7040,AST-1108,Preventive,2023-06-18,1763,7,Rebecca Faulkner
MNT-7041,AST-1069,Preventive,2023-04-30,664,21,Kathy Sanders
MNT-7042,AST-1352,Emergency,2023-12-02,4772,293,John Mack
MNT-7043,AST-1105,Reactive,2023-01-18,3791,203,Robert Anderson
MNT-7044,AST-1335,Predictive,2023-01-20,1148,1,Tiffany Chung
MNT-7045,AST-1275,Predictive,2023-06-15,1277,45,Daniel Knapp
MNT-7046,AST-1200,Predictive,2023-09-08,1544,44,Parker Brooks
MNT-7047,AST-1497,Predictive,2023-07-28,535,35,Joshua Nichols
MNT-7048,AST-1283,Reactive,2023-05-25,6381,277,Angel Hall
MNT-7049,AST-1466,Predictive,2023-05-05,1883,3,Rose Wright
MNT-7050,AST-1110,Reactive,2023-03-18,8101,153,Kevin Peterson
MNT-7051,AST-1065,Predictive,2023-05-17,528,15,Sara Jackson
MNT-7052,AST-1097,Preventive,2023-07-20,1877,27,Donald Miller
MNT-7053,AST-1058,Preventive,2023-04-26,1934,10,Katherine Young
MNT-7054,AST-1123,Predictive,2023-08-23,1135,25,Tamara Turner
MNT-7055,AST-1050,Emergency,2023-06-30,8155,241,Louis Jennings
MNT-7056,AST-1087,Predictive,2023-02-10,1440,9,Kyle Martinez
MNT-7057,AST-1195,Reactive,2023-07-11,2135,106,Lisa Maldonado
MNT-7058,AST-1041,Reactive,2023-06-23,7392,172,Thomas Vega
MNT-7059,AST-1336,Predictive,2023-02-12,615,39,Brian Cole
MNT-7060,AST-1312,Preventive,2023-04-04,1182,11,Rebecca Robertson
MNT-7061,AST-1261,Predictive,2023-09-01,1942,12,Kayla Espinoza
MNT-7062,AST-1326,Predictive,2023-02-19,1828,3,Alexandra Patterson
MNT-7063,AST-1031,Preventive,2023-09-12,856,34,Dana Parker
MNT-7064,AST-1015,Preventive,2023-01-21,775,23,Mr. Matthew Barnett
MNT-7065,AST-1298,Emergency,2023-03-30,8886,150,Sharon Torres
MNT-7066,AST-1302,Preventive,2023-07-17,947,12,Rachel Watkins
MNT-7067,AST-1197,Emergency,2023-11-28,3662,257,Marcus Farley
MNT-7068,AST-1310,Reactive,2023-01-10,11317,196,Melissa Martinez
MNT-7069,AST-1189,Preventive,2023-10-08,1674,33,Joseph Mays
MNT-7070,AST-1212,Reactive,2023-12-25,3908,266,Christopher Grant
MNT-7071,AST-1326,Predictive,2023-03-09,961,23,Tony Watson MD
MNT-7072,AST-1367,Reactive,2023-02-14,5137,269,Virginia Prince
MNT-7073,AST-1445,Preventive,2023-06-06,552,42,Rebecca Harris
MNT-7074,AST-1037,Preventive,2023-02-23,538,34,Jorge Bennett
MNT-7075,AST-1186,Reactive,2023-08-27,12458,205,Krista Estes
MNT-7076,AST-1368,Preventive,2023-08-19,1396,22,Regina Ramirez
MNT-7077,AST-1400,Predictive,2023-02-14,945,10,Kelli Jones MD
MNT-7078,AST-1025,Reactive,2023-06-17,4379,223,Kathryn Lyons
MNT-7079,AST-1349,Reactive,2023-01-12,7410,80,Christopher Gonzalez
MNT-7080,AST-1462,Predictive,2023-05-24,1885,26,Kevin Steele
MNT-7081,AST-1073,Reactive,2023-11-20,6611,98,Kathy Moore
MNT-7082,AST-1018,Predictive,2023-02-13,1838,39,Andrea Newton
MNT-7083,AST-1467,Emergency,2023-04-26,7375,69,Joshua Alvarez
MNT-7084,AST-1181,Preventive,2023-06-20,1262,7,Alicia Thompson
MNT-7085,AST-1423,Reactive,2023-03-27,11724,80,Jonathan Anderson
MNT-7086,AST-1484,Reactive,2023-01-07,13710,117,Alicia Martinez
MNT-7087,AST-1044,Preventive,2023-07-03,1523,35,Paul Martin
MNT-7088,AST-1323,Reactive,2023-03-14,12451,97,Casey Norton
MNT-7089,AST-1325,Emergency,2023-02-19,3187,81,Tracy Rivers
MNT-7090,AST-1272,Preventive,2023-07-16,974,36,Cody Farmer
MNT-7091,AST-1081,Preventive,2023-04-05,664,45,Sonia Martin
MNT-7092,AST-1208,Preventive,2023-10-20,966,17,John Hill
MNT-7093,AST-1036,Predictive,2023-11-06,980,19,Gregory Espinoza
MNT-7094,AST-1268,Emergency,2023-08-13,12179,250,Jeffery Fletcher
MNT-7095,AST-1173,Predictive,2023-10-01,1967,31,Amber Ortiz
MNT-7096,AST-1044,Predictive,2023-04-22,1352,29,Charles Spencer
MNT-7097,AST-1117,Predictive,2023-02-07,1863,18,Catherine Armstrong MD
MNT-7098,AST-1453,Preventive,2023-03-11,1338,25,Anthony Olsen
MNT-7099,AST-1184,Reactive,2023-05-18,7590,291,Patricia Nguyen
MNT-7100,AST-1374,Reactive,2023-05-22,2458,196,Brandon Crosby
MNT-7101,AST-1336,Preventive,2023-10-14,1897,13,Natalie Morse
MNT-7102,AST-1107,Preventive,2023-10-23,511,21,Sharon Henderson
MNT-7103,AST-1471,Emergency,2023-12-24,13637,64,Roger Stein
MNT-7104,AST-1041,Predictive,2023-02-02,516,29,John Harris
MNT-7105,AST-1266,Preventive,2023-02-10,1317,15,Joseph Gentry
MNT-7106,AST-1059,Reactive,2023-01-13,14376,125,Crystal Brooks
MNT-7107,AST-1278,Reactive,2023-10-07,3263,184,Linda Chen
MNT-7108,AST-1011,Preventive,2023-03-09,1956,38,Evan Madden
MNT-7109,AST-1408,Reactive,2023-09-13,12299,143,Christopher Horton
MNT-7110,AST-1370,Reactive,2023-12-14,4588,146,Brian Smith
MNT-7111,AST-1291,Preventive,2023-11-29,662,8,Jonathan Porter
MNT-7112,AST-1422,Reactive,2023-01-20,5995,239,Thomas Curry
MNT-7113,AST-1097,Preventive,2023-11-06,1744,13,Michael Houston
MNT-7114,AST-1018,Reactive,2023-07-23,10084,194,Victoria Keller
MNT-7115,AST-1350,Emergency,2023-04-30,8204,263,Jennifer Valenzuela
MNT-7116,AST-1120,Preventive,2023-07-11,1349,38,Ricky Johnson
MNT-7117,AST-1254,Preventive,2023-09-22,1292,5,Katie Barker DVM
MNT-7118,AST-1238,Predictive,2023-04-20,1527,24,Rose Vega
MNT-7119,AST-1109,Emergency,2023-05-19,11151,114,Michelle Boone
MNT-7120,AST-1194,Reactive,2023-07-21,4092,183,Sandra Hicks
MNT-7121,AST-1446,Reactive,2023-02-07,9082,177,Emily Conway
MNT-7122,AST-1225,Predictive,2023-03-15,512,27,Justin Palmer
MNT-7123,AST-1365,Preventive,2023-10-07,713,36,Andrew Zuniga
MNT-7124,AST-1381,Emergency,2023-03-12,2607,104,Krystal Bowman
MNT-7125,AST-1161,Emergency,2023-07-18,4298,290,Ricky Stephens
MNT-7126,AST-1354,Reactive,2023-07-08,14614,101,Shannon Ramos
MNT-7127,AST-1027,Emergency,2023-10-20,10584,121,Jacob Smith
MNT-7128,AST-1417,Predictive,2023-08-24,656,1,Alicia Gonzales
MNT-7129,AST-1155,Preventive,2023-11-29,1030,34,Rachel Bishop
MNT-7130,AST-1200,Reactive,2023-08-16,4245,161,Shirley Vasquez
MNT-7131,AST-1370,Preventive,2023-10-18,669,27,Kathryn Reynolds
MNT-7132,AST-1455,Reactive,2023-01-22,13751,82,Rachel Hall
MNT-7133,AST-1336,Preventive,2023-09-28,920,40,Jordan Walker
MNT-7134,AST-1410,Preventive,2023-05-12,1635,6,Lindsey Decker
MNT-7135,AST-1244,Preventive,2023-04-28,710,32,Sean King
MNT-7136,AST-1222,Reactive,2023-08-19,12099,116,Sarah Hayes
MNT-7137,AST-1180,Preventive,2023-02-26,800,21,Maria Cook
MNT-7138,AST-1179,Reactive,2023-12-01,14601,228,Theresa Johnson
MNT-7139,AST-1417,Preventive,2023-06-05,1056,3,Justin Leonard
MNT-7140,AST-1334,Preventive,2023-02-22,1320,14,Tamara Rodriguez
MNT-7141,AST-1400,Preventive,2023-12-12,1538,45,Kimberly Harris
MNT-7142,AST-1265,Predictive,2023-05-23,1099,34,Eric Potter
MNT-7143,AST-1426,Predictive,2023-04-20,1240,42,Stacy Wong
MNT-7144,AST-1231,Predictive,2023-04-25,870,43,Jacob Ford
MNT-7145,AST-1440,Reactive,2023-02-08,5814,92,Kelsey Forbes
MNT-7146,AST-1014,Preventive,2023-03-17,573,23,Carlos Moore
MNT-7147,AST-1171,Emergency,2023-10-27,13505,102,Jessica Ortiz
MNT-7148,AST-1446,Reactive,2023-04-27,8509,98,Brandon Baker
MNT-7149,AST-1305,Predictive,2023-09-12,1252,24,Jasmine Johnson
MNT-7150,AST-1500,Reactive,2023-08-06,10721,91,Daniel Wood
MNT-7151,AST-1395,Emergency,2023-02-12,4098,134,Terri Oliver
MNT-7152,AST-1469,Preventive,2023-06-30,1487,21,Jennifer Romero
MNT-7153,AST-1104,Emergency,2023-04-19,14830,265,Melissa Miranda
MNT-7154,AST-1406,Reactive,2023-06-28,6365,148,Samuel Lewis
MNT-7155,AST-1326,Reactive,2023-10-12,13647,147,Jordan Contreras MD
MNT-7156,AST-1263,Preventive,2023-02-21,1490,1,Laura Holt
MNT-7157,AST-1375,Preventive,2023-12-17,1280,30,Tommy Dorsey
MNT-7158,AST-1209,Reactive,2023-05-14,5670,276,Veronica Garcia
MNT-7159,AST-1053,Predictive,2023-07-30,548,41,Sharon Davis
MNT-7160,AST-1006,Preventive,2023-04-01,1907,44,Amanda Farmer
MNT-7161,AST-1015,Preventive,2023-06-24,1999,33,Amy Jordan
MNT-7162,AST-1405,Predictive,2023-02-19,893,33,Heidi Rubio
MNT-7163,AST-1427,Reactive,2023-04-22,12384,92,Anthony Williams
MNT-7164,AST-1312,Predictive,2023-03-27,1449,18,Kimberly Villarreal
MNT-7165,AST-1458,Preventive,2023-02-20,508,23,Sherri Gardner
MNT-7166,AST-1365,Predictive,2023-10-06,879,28,Natasha Weber
MNT-7167,AST-1351,Preventive,2023-05-04,1016,12,Christopher Payne
MNT-7168,AST-1315,Reactive,2023-01-29,14904,244,James Roberts
MNT-7169,AST-1372,Reactive,2023-05-17,2795,155,Sean Haynes
MNT-7170,AST-1259,Emergency,2023-07-21,8875,156,Stephanie Watkins
MNT-7171,AST-1367,Preventive,2023-07-04,753,27,Megan Roman DVM
MNT-7172,AST-1219,Predictive,2023-09-23,574,34,Mr. Travis Moore
MNT-7173,AST-1211,Preventive,2023-03-03,1359,12,Tracey Lee
MNT-7174,AST-1191,Predictive,2023-08-05,718,11,Christina Gonzalez
MNT-7175,AST-1483,Emergency,2023-05-15,13782,259,Donald Richard
MNT-7176,AST-1241,Predictive,2023-05-23,1356,39,Christine Joseph
MNT-7177,AST-1304,Reactive,2023-08-25,11936,247,Candace Gonzalez
MNT-7178,AST-1300,Preventive,2023-12-19,1805,32,Brenda Cooper
MNT-7179,AST-1251,Preventive,2023-09-24,858,39,Andrew Davis
MNT-7180,AST-1441,Preventive,2023-03-24,694,7,Cameron Clark
MNT-7181,AST-1355,Preventive,2023-01-05,1230,20,Krista Little
MNT-7182,AST-1318,Predictive,2023-01-01,1049,11,Olivia Bullock
MNT-7183,AST-1268,Reactive,2023-12-20,10597,284,Gregory Patterson
MNT-7184,AST-1218,Preventive,2023-10-25,1642,33,Rhonda Rose
MNT-7185,AST-1495,Preventive,2023-10-07,1027,12,Shelly Gardner
MNT-7186,AST-1038,Preventive,2023-12-18,1246,24,Kathleen Gonzales
MNT-7187,AST-1367,Reactive,2023-10-06,9471,230,Darren Swanson
MNT-7188,AST-1130,Preventive,2023-07-16,1037,40,Maria Williams
MNT-7189,AST-1077,Reactive,2023-03-24,14300,263,Kristin Perkins
MNT-7190,AST-1011,Preventive,2023-04-13,1255,21,Julie Anderson
MNT-7191,AST-1065,Reactive,2023-11-22,3756,104,Jose Johnson
MNT-7192,AST-1404,Preventive,2023-01-07,1229,25,Ashley Morris
MNT-7193,AST-1285,Reactive,2023-11-04,5209,228,Christina Mcdaniel
MNT-7194,AST-1007,Predictive,2023-05-11,1515,6,Megan Logan
MNT-7195,AST-1149,Predictive,2023-08-23,925,12,Rebecca Barnes
MNT-7196,AST-1391,Emergency,2023-01-24,5642,129,Kelly Thompson
MNT-7197,AST-1042,Predictive,2023-03-10,1608,33,Vanessa Norman
MNT-7198,AST-1307,Preventive,2023-06-11,1197,9,Alexandra Bray
MNT-7199,AST-1388,Emergency,2023-07-23,14768,106,Megan Oliver
MNT-7200,AST-1338,Preventive,2023-06-26,1304,17,Suzanne Morris
MNT-7201,AST-1017,Preventive,2023-01-05,1284,4,William Sanford
MNT-7202,AST-1409,Predictive,2023-07-15,1777,33,Lindsey Baker
MNT-7203,AST-1463,Reactive,2023-11-10,10513,220,Andres Shaw
MNT-7204,AST-1081,Preventive,2023-01-11,558,19,Erin Brown
MNT-7205,AST-1092,Preventive,2023-09-08,561,22,Joseph Brown
MNT-7206,AST-1081,Predictive,2023-01-07,1843,33,Todd Hughes
MNT-7207,AST-1268,Preventive,2023-12-04,1103,6,Marie Edwards
MNT-7208,AST-1277,Predictive,2023-11-20,1011,22,David Moore
MNT-7209,AST-1252,Preventive,2023-04-09,828,5,Joshua Martinez
MNT-7210,AST-1022,Preventive,2023-12-20,953,41,Luis Campbell
MNT-7211,AST-1421,Predictive,2023-08-23,736,22,Brandon Cole
MNT-7212,AST-1024,Reactive,2023-07-21,13845,194,Amber Dean
MNT-7213,AST-1126,Predictive,2023-03-02,1506,36,Ian Atkins
MNT-7214,AST-1252,Preventive,2023-01-20,1072,28,Cameron Thompson
MNT-7215,AST-1334,Predictive,2023-02-17,1843,6,Christopher Hernandez
MNT-7216,AST-1386,Emergency,2023-03-23,3219,140,Tanya Hull
MNT-7217,AST-1417,Reactive,2023-07-13,7892,118,Lori Foley
MNT-7218,AST-1301,Preventive,2023-02-20,1435,14,Kevin Roberts
MNT-7219,AST-1031,Predictive,2023-01-05,638,22,Chris Jones
MNT-7220,AST-1280,Predictive,2023-11-30,1107,25,Jessica Sullivan
MNT-7221,AST-1372,Predictive,2023-03-14,773,43,Cynthia Byrd DDS
MNT-7222,AST-1465,Reactive,2023-02-25,8138,224,Alexander Arnold
MNT-7223,AST-1341,Predictive,2023-01-23,1340,9,Rachel Fisher
MNT-7224,AST-1426,Predictive,2023-03-26,1297,27,Jenny Williams
MNT-7225,AST-1456,Reactive,2023-02-12,12120,222,Thomas Peters
MNT-7226,AST-1092,Preventive,2023-10-13,866,9,Toni Wallace
MNT-7227,AST-1287,Predictive,2023-07-26,1454,37,Joanne Jones
MNT-7228,AST-1265,Preventive,2023-01-23,769,15,Zachary Fisher
MNT-7229,AST-1307,Preventive,2023-05-19,1620,14,Michael Brown
MNT-7230,AST-1003,Preventive,2023-06-20,1543,40,Miss Lori Hampton
MNT-7231,AST-1346,Preventive,2023-02-24,1487,1,Mr. Craig Clark MD
MNT-7232,AST-1041,Preventive,2023-06-03,1134,26,Jill Nichols
MNT-7233,AST-1185,Predictive,2023-10-26,981,24,Steve Mathis
MNT-7234,AST-1398,Reactive,2023-12-19,9505,224,Jeremy Richard DDS
MNT-7235,AST-1500,Reactive,2023-11-08,9478,202,Amanda Jones
MNT-7236,AST-1086,Reactive,2023-01-20,6605,237,Miranda Wolf
MNT-7237,AST-1411,Emergency,2023-09-16,2913,187,Elizabeth Lopez
MNT-7238,AST-1335,Reactive,2023-04-25,3998,289,Christopher Cortez
MNT-7239,AST-1381,Emergency,2023-11-25,2454,100,Amanda Blair
MNT-7240,AST-1003,Preventive,2023-07-11,1150,6,Melinda Hansen
MNT-7241,AST-1281,Predictive,2023-03-27,894,16,Hector Vega
MNT-7242,AST-1305,Reactive,2023-02-09,14955,262,Wendy Bennett
MNT-7243,AST-1028,Emergency,2023-12-27,5490,117,Cassandra Lopez
MNT-7244,AST-1232,Preventive,2023-05-29,1244,18,Suzanne Diaz
MNT-7245,AST-1224,Preventive,2023-09-25,1459,8,Joseph Hatfield
MNT-7246,AST-1449,Predictive,2023-11-19,1597,20,Brittany Parker
MNT-7247,AST-1257,Preventive,2023-08-03,1755,37,Robert Snow
MNT-7248,AST-1421,Reactive,2023-07-23,4109,134,Shawna King
MNT-7249,AST-1294,Preventive,2023-05-10,1419,17,Dean Stevens
MNT-7250,AST-1459,Preventive,2023-08-18,1596,12,Alexander Carter
MNT-7251,AST-1462,Predictive,2023-07-16,1726,26,Tanya Yates
MNT-7252,AST-1096,Emergency,2023-10-20,13777,294,Diana Farrell
MNT-7253,AST-1339,Preventive,2023-05-06,698,24,Vanessa Sutton
MNT-7254,AST-1003,Emergency,2023-09-17,9089,284,Jonathan Jones
MNT-7255,AST-1436,Emergency,2023-09-12,7006,177,Logan Lowery
MNT-7256,AST-1184,Reactive,2023-07-14,12552,164,Lynn Peters
MNT-7257,AST-1034,Reactive,2023-04-14,12775,229,Megan Cox
MNT-7258,AST-1231,Preventive,2023-03-25,1852,38,Richard Hopkins
MNT-7259,AST-1175,Reactive,2023-09-19,12587,194,Teresa Price
MNT-7260,AST-1266,Preventive,2023-02-14,1839,1,Veronica Hicks
MNT-7261,AST-1451,Reactive,2023-04-17,7874,152,Dr. Rebecca Payne DVM
MNT-7262,AST-1397,Predictive,2023-07-12,1945,27,Robert Contreras
MNT-7263,AST-1402,Predictive,2023-12-26,920,32,Veronica Francis
MNT-7264,AST-1256,Predictive,2023-05-11,586,0,Jesus Sheppard
MNT-7265,AST-1282,Emergency,2023-06-06,5046,69,Jared Lopez
MNT-7266,AST-1341,Preventive,2023-02-01,1061,31,David Pennington
MNT-7267,AST-1484,Predictive,2023-10-15,1296,41,Kimberly Johnson
MNT-7268,AST-1156,Preventive,2023-01-12,1166,38,Amanda Mccoy
MNT-7269,AST-1271,Preventive,2023-08-30,775,26,David Hurley
MNT-7270,AST-1370,Emergency,2023-06-22,8316,196,Paul Wong
MNT-7271,AST-1257,Preventive,2023-05-03,964,13,Jonathan Lewis
MNT-7272,AST-1099,Emergency,2023-05-25,4705,62,Debra Mills
MNT-7273,AST-1486,Predictive,2023-09-16,1236,14,Brian Holland
MNT-7274,AST-1269,Preventive,2023-11-14,1008,16,Olivia Howard
MNT-7275,AST-1359,Preventive,2023-04-14,1437,15,Rhonda Foster
MNT-7276,AST-1466,Preventive,2023-08-09,1614,8,Emily Miller
MNT-7277,AST-1283,Reactive,2023-04-26,8604,114,Kenneth Stanley
MNT-7278,AST-1426,Emergency,2023-03-26,2032,140,Ann Page DDS
MNT-7279,AST-1259,Preventive,2023-08-01,759,40,Joseph Jones
MNT-7280,AST-1213,Preventive,2023-09-19,1563,9,Amy Davis
MNT-7281,AST-1468,Emergency,2023-02-19,7624,121,James Hayes Jr.
MNT-7282,AST-1111,Reactive,2023-01-02,3740,113,Nicholas Stewart
MNT-7283,AST-1365,Emergency,2023-03-22,8373,257,Tamara Welch
MNT-7284,AST-1358,Reactive,2023-04-06,11213,154,Terry Davis
MNT-7285,AST-1460,Predictive,2023-09-26,1900,3,Dominic Mcgee
MNT-7286,AST-1139,Preventive,2023-06-15,1260,37,Xavier Brown
MNT-7287,AST-1439,Preventive,2023-04-21,1613,43,Mr. Brandon Sharp MD
MNT-7288,AST-1026,Reactive,2023-11-27,8326,284,Brandon Stein
MNT-7289,AST-1397,Predictive,2023-10-04,1747,42,Tammy Higgins
MNT-7290,AST-1282,Reactive,2023-07-26,2460,256,Kimberly Lee
MNT-7291,AST-1280,Preventive,2023-12-07,822,19,Kenneth Mitchell
MNT-7292,AST-1389,Preventive,2023-08-09,1595,40,Maria Montgomery
MNT-7293,AST-1340,Preventive,2023-03-12,1233,12,Michelle Wood
MNT-7294,AST-1495,Preventive,2023-11-05,1721,41,Shari Maynard
MNT-7295,AST-1095,Preventive,2023-12-07,536,42,Evan James
MNT-7296,AST-1200,Preventive,2023-06-22,1675,30,Kimberly Bailey
MNT-7297,AST-1280,Reactive,2023-02-14,14701,224,Kyle Lopez
MNT-7298,AST-1189,Preventive,2023-04-27,1036,28,Christine Burke
MNT-7299,AST-1141,Predictive,2023-12-22,830,15,Edwin Suarez
MNT-7300,AST-1127,Predictive,2023-01-24,1425,9,Julie Smith
MNT-7301,AST-1495,Reactive,2023-11-22,9176,244,Nicole Fitzgerald
MNT-7302,AST-1297,Preventive,2023-12-10,814,37,Wayne Olson
MNT-7303,AST-1234,Reactive,2023-09-25,5091,252,Stephanie Johnson
MNT-7304,AST-1267,Predictive,2023-05-12,1010,13,Richard Reeves
MNT-7305,AST-1116,Reactive,2023-04-15,6480,239,Brittney Tran
MNT-7306,AST-1204,Reactive,2023-10-17,5378,155,William Carter
MNT-7307,AST-1283,Reactive,2023-11-29,3116,230,Jason Winters
MNT-7308,AST-1089,Preventive,2023-07-09,1518,10,Cynthia Jacobs
MNT-7309,AST-1114,Preventive,2023-09-21,1868,21,Shane Ramos
MNT-7310,AST-1111,Emergency,2023-12-15,6101,155,Troy Williams
MNT-7311,AST-1472,Reactive,2023-06-04,9888,163,Juan Barr
MNT-7312,AST-1048,Predictive,2023-07-11,1635,32,Tyler Parker
MNT-7313,AST-1299,Reactive,2023-07-30,2149,199,John Goodman
MNT-7314,AST-1007,Preventive,2023-04-15,605,8,Amanda Walsh
MNT-7315,AST-1163,Predictive,2023-01-02,1568,28,Nicole Roberts
MNT-7316,AST-1497,Preventive,2023-04-13,1254,31,Stephanie Owen
MNT-7317,AST-1050,Preventive,2023-05-28,1392,30,Christina Romero
MNT-7318,AST-1479,Predictive,2023-10-05,731,17,Steven Phillips
MNT-7319,AST-1318,Reactive,2023-08-16,2702,173,Christina Clayton
MNT-7320,AST-1373,Preventive,2023-12-10,1248,13,James Miller
MNT-7321,AST-1234,Reactive,2023-05-20,5779,142,Kathryn Hester
MNT-7322,AST-1455,Reactive,2023-04-04,8996,108,James Castillo
MNT-7323,AST-1298,Predictive,2023-01-28,1563,36,Jennifer Salazar
MNT-7324,AST-1098,Preventive,2023-10-21,808,41,Michael Davis
MNT-7325,AST-1103,Reactive,2023-04-27,11837,135,Melissa Wilson
MNT-7326,AST-1363,Preventive,2023-01-02,1338,0,Lisa Pratt
MNT-7327,AST-1346,Reactive,2023-10-03,11752,89,Jon Hernandez
MNT-7328,AST-1286,Preventive,2023-02-13,809,23,Shawn Johnson
MNT-7329,AST-1178,Preventive,2023-06-07,1718,25,Jeffrey Mendoza
MNT-7330,AST-1206,Predictive,2023-10-15,1378,20,David Hansen
MNT-7331,AST-1445,Preventive,2023-06-18,603,37,Anna Curry
MNT-7332,AST-1189,Reactive,2023-02-26,8155,286,James Frank
MNT-7333,AST-1363,Preventive,2023-05-07,578,43,Jacob Garrison
MNT-7334,AST-1124,Reactive,2023-03-04,8833,72,Eduardo Walsh
MNT-7335,AST-1205,Preventive,2023-06-10,1572,6,Jamie Harmon
MNT-7336,AST-1174,Reactive,2023-07-02,3950,173,Veronica Walter
MNT-7337,AST-1006,Preventive,2023-04-21,1560,35,Joann Long
MNT-7338,AST-1093,Preventive,2023-09-27,1629,35,Miss Lauren Mcdaniel
MNT-7339,AST-1024,Preventive,2023-03-21,979,9,Lisa Reese
MNT-7340,AST-1147,Predictive,2023-10-08,1343,30,Daniel Lloyd
MNT-7341,AST-1458,Predictive,2023-05-15,1667,31,Diana Moore
MNT-7342,AST-1396,Preventive,2023-04-15,1517,45,Richard Valencia
MNT-7343,AST-1359,Preventive,2023-11-08,1023,13,Jessica Roy
MNT-7344,AST-1261,Reactive,2023-01-30,9238,296,Jordan Hayes
MNT-7345,AST-1207,Predictive,2023-05-16,1390,22,Jeffrey Nelson
MNT-7346,AST-1323,Emergency,2023-02-01,5312,288,Wayne Hodges
MNT-7347,AST-1174,Preventive,2023-08-27,1674,17,Patrick Miller
MNT-7348,AST-1223,Preventive,2023-07-10,618,6,Gerald Thomas
MNT-7349,AST-1345,Predictive,2023-09-27,710,24,Seth Thompson
MNT-7350,AST-1165,Reactive,2023-08-18,5337,63,David Molina
MNT-7351,AST-1147,Predictive,2023-11-22,764,17,Whitney Peterson
MNT-7352,AST-1008,Reactive,2023-04-16,12621,138,Susan Bell
MNT-7353,AST-1131,Emergency,2023-06-18,5924,195,Wendy Watson
MNT-7354,AST-1467,Reactive,2023-10-20,7334,233,Mary Allison
MNT-7355,AST-1379,Preventive,2023-05-22,1003,19,Pamela Holloway
MNT-7356,AST-1097,Emergency,2023-10-06,4613,124,Samuel Sanchez
MNT-7357,AST-1387,Emergency,2023-11-11,10126,181,Jennifer Hatfield
MNT-7358,AST-1230,Reactive,2023-07-20,14946,263,Jonathan Anderson
MNT-7359,AST-1065,Preventive,2023-11-05,527,6,Tim Yates
MNT-7360,AST-1492,Preventive,2023-09-23,1780,2,Kelly Robinson MD
MNT-7361,AST-1446,Reactive,2023-06-10,11572,186,Melissa Wilson
MNT-7362,AST-1398,Predictive,2023-10-13,974,20,Alexandra Flores
MNT-7363,AST-1480,Predictive,2023-10-25,1578,44,Monica Hernandez
MNT-7364,AST-1299,Predictive,2023-02-11,572,17,Bryan Johnson
MNT-7365,AST-1396,Emergency,2023-06-25,3457,164,Jeffery Hansen
MNT-7366,AST-1153,Predictive,2023-10-12,535,38,Dorothy Brown
MNT-7367,AST-1114,Reactive,2023-01-27,8900,221,James Mitchell
MNT-7368,AST-1054,Preventive,2023-08-04,1104,0,Denise Klein
MNT-7369,AST-1311,Emergency,2023-01-12,5832,132,Robert Norton
MNT-7370,AST-1069,Preventive,2023-05-08,733,2,Sarah Jordan
MNT-7371,AST-1499,Reactive,2023-03-15,9196,154,Joseph Jordan
MNT-7372,AST-1421,Predictive,2023-07-31,542,32,Sandra Macdonald
MNT-7373,AST-1152,Predictive,2023-01-10,1192,16,Amanda Williams
MNT-7374,AST-1187,Preventive,2023-08-03,1536,2,Nicholas Thomas
MNT-7375,AST-1444,Reactive,2023-02-27,13017,81,Anthony Booth
MNT-7376,AST-1009,Preventive,2023-04-28,533,31,Lisa Guzman
MNT-7377,AST-1226,Preventive,2023-04-24,1690,0,Mark Lewis DDS
MNT-7378,AST-1303,Preventive,2023-01-02,1719,21,Garrett Grant
MNT-7379,AST-1173,Preventive,2023-01-15,1120,35,Laurie Mitchell
MNT-7380,AST-1245,Reactive,2023-08-12,11586,227,Bobby Rogers
MNT-7381,AST-1069,Preventive,2023-09-08,648,40,Jessica Wolf
MNT-7382,AST-1127,Preventive,2023-02-12,1268,44,Kyle Christensen
MNT-7383,AST-1358,Preventive,2023-11-21,700,44,Mark Pierce
MNT-7384,AST-1188,Emergency,2023-05-27,2072,175,Melissa Dixon
MNT-7385,AST-1133,Preventive,2023-12-29,1400,16,Brandon Evans
MNT-7386,AST-1145,Reactive,2023-04-27,8275,115,Michelle Dudley
MNT-7387,AST-1297,Emergency,2023-09-25,11208,160,Mackenzie Lamb
MNT-7388,AST-1253,Preventive,2023-12-22,1135,31,Robert Espinoza
MNT-7389,AST-1443,Preventive,2023-10-11,731,22,David Potter
MNT-7390,AST-1378,Reactive,2023-12-22,14103,195,Heather Martinez
MNT-7391,AST-1095,Reactive,2023-11-09,7277,241,Ian Leon
MNT-7392,AST-1116,Preventive,2023-02-24,1384,17,Christopher Williams
MNT-7393,AST-1351,Reactive,2023-07-25,12860,235,Dr. James Gibson
MNT-7394,AST-1293,Reactive,2023-10-25,5380,260,Jacob Garcia
MNT-7395,AST-1193,Predictive,2023-01-13,762,33,Zachary Byrd
MNT-7396,AST-1245,Preventive,2023-04-27,559,23,Brian Kaiser
MNT-7397,AST-1368,Preventive,2023-08-10,954,13,Pamela Johnson
MNT-7398,AST-1084,Predictive,2023-08-18,1511,38,Timothy Smith
MNT-7399,AST-1306,Preventive,2023-11-24,1312,3,Tina Hansen MD
MNT-7400,AST-1164,Reactive,2023-03-02,9909,78,Don Goodwin
MNT-7401,AST-1375,Predictive,2023-06-07,1576,38,Patrick Mack
MNT-7402,AST-1120,Predictive,2023-07-31,1253,21,Janet Wu
MNT-7403,AST-1351,Predictive,2023-05-29,772,32,Lawrence Meyer
MNT-7404,AST-1002,Emergency,2023-09-23,4149,280,Louis Rodriguez
MNT-7405,AST-1095,Preventive,2023-01-10,1572,38,Molly Floyd
MNT-7406,AST-1457,Emergency,2023-07-18,10031,299,Melissa Vega
MNT-7407,AST-1500,Preventive,2023-08-25,1904,15,Kevin Johnston Jr.
MNT-7408,AST-1232,Reactive,2023-03-09,3381,189,Gregory Wilson
MNT-7409,AST-1078,Preventive,2023-03-29,670,31,Rebecca Juarez
MNT-7410,AST-1079,Reactive,2023-04-17,5452,229,Daniel Hooper
MNT-7411,AST-1437,Preventive,2023-06-03,1501,37,Sean White
MNT-7412,AST-1324,Emergency,2023-12-02,12610,163,Krista Hernandez
MNT-7413,AST-1334,Predictive,2023-08-11,1548,36,Krystal Haley
MNT-7414,AST-1144,Preventive,2023-06-12,1590,18,Carl Torres
MNT-7415,AST-1488,Preventive,2023-03-17,1720,18,Mark Stafford
MNT-7416,AST-1241,Reactive,2023-05-30,13752,293,Amber Fritz
MNT-7417,AST-1194,Preventive,2023-07-15,1703,32,Daniel Cook
MNT-7418,AST-1167,Predictive,2023-10-09,1931,28,Katie Levy
MNT-7419,AST-1035,Reactive,2023-03-13,6439,61,Brett Wells
MNT-7420,AST-1227,Reactive,2023-02-22,5503,215,Chelsea Watson
MNT-7421,AST-1443,Preventive,2023-11-02,504,26,Larry Smith
MNT-7422,AST-1479,Reactive,2023-08-07,3164,88,Lance Robinson
MNT-7423,AST-1191,Emergency,2023-01-14,13475,283,Steven Taylor
MNT-7424,AST-1111,Predictive,2023-12-19,506,34,Jeffrey Robbins
MNT-7425,AST-1013,Reactive,2023-01-17,7533,233,Gabriel Liu
MNT-7426,AST-1480,Preventive,2023-01-09,721,18,Justin Hunter
MNT-7427,AST-1054,Preventive,2023-05-11,761,17,Mary Moody
MNT-7428,AST-1057,Emergency,2023-06-18,12700,246,Gavin Davis
MNT-7429,AST-1172,Preventive,2023-09-13,1952,26,Katie Moran
MNT-7430,AST-1116,Predictive,2023-04-03,1168,41,Kevin Solis
MNT-7431,AST-1262,Predictive,2023-03-17,513,45,Nathan Lee
MNT-7432,AST-1279,Predictive,2023-03-02,1842,16,Shannon Wood
MNT-7433,AST-1357,Preventive,2023-12-15,1919,7,Jose Johnson
MNT-7434,AST-1308,Reactive,2023-06-16,5023,180,Mr. Trevor Fox MD
MNT-7435,AST-1250,Predictive,2023-12-21,1247,30,Christopher Parker
MNT-7436,AST-1421,Preventive,2023-10-16,753,40,Robert Scott
MNT-7437,AST-1315,Preventive,2023-04-11,871,14,Connie Peters
MNT-7438,AST-1108,Reactive,2023-07-07,5931,294,Thomas Miller
MNT-7439,AST-1173,Reactive,2023-06-20,4558,97,Linda Zuniga
MNT-7440,AST-1256,Preventive,2023-12-09,1035,6,William Dawson
MNT-7441,AST-1263,Predictive,2023-07-19,570,25,Maria Wright
MNT-7442,AST-1263,Preventive,2023-04-28,801,35,Jacqueline Vargas
MNT-7443,AST-1133,Reactive,2023-03-01,2846,201,Andrew Hicks DVM
MNT-7444,AST-1208,Emergency,2023-11-17,5174,212,Susan Wise
MNT-7445,AST-1390,Preventive,2023-09-17,1974,18,Rhonda Mayo
MNT-7446,AST-1395,Preventive,2023-08-07,1889,8,Keith Lewis
MNT-7447,AST-1235,Preventive,2023-09-11,1133,37,Erik Macias
MNT-7448,AST-1132,Reactive,2023-11-16,9012,147,Victor Williams
MNT-7449,AST-1235,Predictive,2023-03-01,803,11,Tristan Bailey
MNT-7450,AST-1087,Reactive,2023-11-24,3799,199,David Simpson
MNT-7451,AST-1003,Reactive,2023-12-01,3311,99,Wesley Lane
MNT-7452,AST-1457,Preventive,2023-11-03,786,28,Emily Contreras
MNT-7453,AST-1339,Preventive,2023-08-07,1005,23,Michael Evans
MNT-7454,AST-1254,Preventive,2023-09-15,964,5,Stephanie Kelly
MNT-7455,AST-1436,Emergency,2023-03-13,2650,180,Aaron Patrick
MNT-7456,AST-1369,Reactive,2023-12-05,2666,274,Christopher Houston
MNT-7457,AST-1300,Emergency,2023-04-18,13476,244,Sarah Cunningham
MNT-7458,AST-1436,Emergency,2023-07-07,14778,106,Sherry Haynes
MNT-7459,AST-1086,Reactive,2023-12-01,14707,218,Crystal Moore
MNT-7460,AST-1358,Preventive,2023-05-11,1894,37,Jeffrey Cooper
MNT-7461,AST-1241,Predictive,2023-06-12,1500,39,Ronald Mcgee
MNT-7462,AST-1190,Reactive,2023-02-28,13994,207,Keith Cain
MNT-7463,AST-1039,Predictive,2023-04-01,784,29,Steven Hall
MNT-7464,AST-1300,Preventive,2023-11-29,1975,37,Karen Mora
MNT-7465,AST-1427,Preventive,2023-11-26,987,33,Kyle Anderson
MNT-7466,AST-1071,Preventive,2023-09-26,1216,25,Adrian Knight
MNT-7467,AST-1261,Reactive,2023-02-04,7113,227,Bryan Dunlap
MNT-7468,AST-1402,Predictive,2023-07-21,1832,12,Kelly Burton
MNT-7469,AST-1279,Preventive,2023-10-19,934,31,Gregory Dalton
MNT-7470,AST-1228,Preventive,2023-12-17,1506,2,Deborah Meyer
MNT-7471,AST-1393,Preventive,2023-09-24,1249,18,Chad Aguilar
MNT-7472,AST-1213,Preventive,2023-11-05,680,36,Austin Brown
MNT-7473,AST-1216,Reactive,2023-02-06,8225,182,Jacob Cox
MNT-7474,AST-1169,Preventive,2023-11-25,649,31,David Hess
MNT-7475,AST-1341,Preventive,2023-12-15,1828,4,Jessica Maynard
MNT-7476,AST-1316,Predictive,2023-12-09,1344,10,Vanessa Fuller
MNT-7477,AST-1190,Preventive,2023-11-24,1691,31,Holly Soto
MNT-7478,AST-1305,Predictive,2023-04-29,1901,19,Amy Lewis
MNT-7479,AST-1151,Predictive,2023-11-13,1174,38,Nicole Schultz
MNT-7480,AST-1044,Preventive,2023-10-30,1151,0,Stephanie Chavez
MNT-7481,AST-1279,Predictive,2023-05-07,1867,18,Mrs. Mikayla Riley
MNT-7482,AST-1247,Reactive,2023-08-22,10499,233,Sandra Vega
MNT-7483,AST-1464,Preventive,2023-05-16,572,43,Elizabeth Morgan
MNT-7484,AST-1480,Predictive,2023-11-02,754,6,James Cox
MNT-7485,AST-1092,Preventive,2023-10-11,1810,24,Aaron Johnson
MNT-7486,AST-1228,Predictive,2024-01-01,1883,4,Natasha Sweeney
MNT-7487,AST-1217,Reactive,2023-07-27,3083,280,Patrick Morris
MNT-7488,AST-1190,Predictive,2023-07-06,593,16,Tracy Sandoval
MNT-7489,AST-1152,Reactive,2023-01-25,12249,288,Michael Schwartz
MNT-7490,AST-1200,Preventive,2023-03-23,1986,15,Benjamin Garcia
MNT-7491,AST-1359,Predictive,2023-07-30,1635,41,Duane Reid
MNT-7492,AST-1165,Reactive,2023-05-29,7290,291,Kelly Smith
MNT-7493,AST-1153,Predictive,2023-04-20,1836,20,Sarah Martinez
MNT-7494,AST-1234,Predictive,2023-07-30,951,42,Andrew Gonzalez
MNT-7495,AST-1106,Preventive,2023-08-26,886,26,Michaela Bauer
MNT-7496,AST-1014,Predictive,2023-10-12,1268,39,Jeffrey Nelson
MNT-7497,AST-1048,Preventive,2023-03-27,1391,38,Adam Todd
MNT-7498,AST-1500,Reactive,2023-08-16,3389,193,Holly Meyer
MNT-7499,AST-1152,Emergency,2023-08-30,9832,215,Heather Harvey
